molecule_chembl_id,canonical_smiles,source
CHEMBL13983,Cc1[nH]c(/C=C2\C(=O)Nc3ccc(F)cc32)c(C)c1C(=O)NCC1CCN(C)CC1,chembl_nonmodeled
CHEMBL150,O=c1c(O)c(-c2ccc(O)cc2)oc2cc(O)cc(O)c12,chembl_nonmodeled
CHEMBL131921,COc1ccc(-c2coc3cc(O)cc(O)c3c2=O)cc1,chembl_nonmodeled
CHEMBL17329,COC(=O)/C=C/c1cc(O)ccc1O,chembl_nonmodeled
CHEMBL241609,O=c1c(-c2ccc(O)c(O)c2)coc2cc(O)cc(O)c12,chembl_nonmodeled
CHEMBL2315409,C=C1[C@H](C)CCC[C@]1(C)CC/C(C)=C/CC1=C(O)C(=O)C=C(N[C@@H](C(=O)O)[C@@H](C)O)C1=O,chembl_nonmodeled
CHEMBL2315410,CC1=CCC[C@](C)(CC/C(C)=C/CC2=C(O)C(=O)C=C(N[C@@H](C(=O)O)[C@@H](C)O)C2=O)[C@@H]1C,chembl_nonmodeled
CHEMBL2315696,C=C1[C@H](C)CCC[C@]1(C)CC/C(C)=C/CC1=C(O)C(=O)C=C(N[C@H](C(=O)O)C(C)C)C1=O,chembl_nonmodeled
CHEMBL2315697,CC1=CCC[C@](C)(CC/C(C)=C/CC2=C(O)C(=O)C=C(N[C@H](C(=O)O)C(C)C)C2=O)[C@@H]1C,chembl_nonmodeled
CHEMBL2315698,C=C1[C@H](C)CCC[C@]1(C)CC/C(C)=C/CC1=C(O)C(=O)C=C(N[C@@H](C(=O)O)C(C)C)C1=O,chembl_nonmodeled
CHEMBL2315699,CC1=CCC[C@](C)(CC/C(C)=C/CC2=C(O)C(=O)C=C(N[C@@H](C(=O)O)C(C)C)C2=O)[C@@H]1C,chembl_nonmodeled
CHEMBL2315700,CC1=CCC[C@H]2[C@](C)(CC3=C(O)C(=O)C=C(N[C@@H](CO)C(=O)O)C3=O)[C@@H](C)CC[C@]12C,chembl_nonmodeled
CHEMBL2315701,C=C1[C@H](C)CCC[C@]1(C)CC/C(C)=C/CC1=C(O)C(=O)C=C(NCC(=O)O)C1=O,chembl_nonmodeled
CHEMBL2316916,COc1ccc(Cc2nc(-c3cc(Br)c(OCCCN(C)C)c(Br)c3)c[nH]c2=O)cc1Br,chembl_nonmodeled
CHEMBL28,O=c1cc(-c2ccc(O)cc2)oc2cc(O)cc(O)c12,chembl_nonmodeled
CHEMBL275638,O=c1cc(-c2ccccc2)oc2ccccc12,chembl_nonmodeled
CHEMBL243664,COc1ccc(-c2cc(=O)c3c(O)cc(O)cc3o2)cc1,chembl_nonmodeled
CHEMBL242741,COc1c(O)cc(O)c2c(=O)c(-c3ccc(O)cc3)coc12,chembl_nonmodeled
CHEMBL441343,O=C(O)c1ccc(O)cc1,chembl_nonmodeled
CHEMBL443171,O=C(O)c1oc2cc(O)cc(O)c2c(=O)c1-c1ccc(O)cc1,chembl_nonmodeled
CHEMBL453504,O=CN/C=C/c1ccc(O)c(O)c1O,chembl_nonmodeled
CHEMBL450484,O=C(O)/C=C/c1cc(O)ccc1O,chembl_nonmodeled
CHEMBL4531006,N=C1NC(=O)/C(=C2/CCNC(=O)c3[nH]c(Br)c(Br)c32)N1,chembl_nonmodeled
CHEMBL4539558,N=C1NC(=O)/C(=C2/CCNC(=O)c3[nH]cc(Br)c32)N1,chembl_nonmodeled
CHEMBL463054,COc1cc(O)c2c(c1)C(=O)c1cc(C)c(O)cc1C2=O,chembl_nonmodeled
CHEMBL485258,O=C(O)c1cc(N(Cc2ccccc2O)Cc2ccccc2O)ccc1O,chembl_nonmodeled
CHEMBL483830,O=C(O)c1cc(N(Cc2cc(O)ccc2O)Cc2cc(O)ccc2O)ccc1O,chembl_nonmodeled
CHEMBL483831,O=C(O)c1ccc(O)c(N(Cc2ccccc2O)Cc2cc(O)ccc2O)c1,chembl_nonmodeled
CHEMBL483428,CCOC(=O)CSCc1oc2cc(O)cc(O)c2c(=O)c1-c1ccc(O)cc1,chembl_nonmodeled
CHEMBL485475,O=c1c(-c2ccc(O)cc2)c(CN2CCCCC2)oc2cc(O)cc(O)c12,chembl_nonmodeled
CHEMBL485485,O=CN/C=C/c1cccc(O)c1O,chembl_nonmodeled
CHEMBL483525,Cc1cc(O)cc2oc(=O)c3c(O)cc(OS(=O)(=O)O)cc3c12,chembl_nonmodeled
CHEMBL483526,COc1cc(O)c2c(=O)oc3cc(O)cc(C)c3c2c1,chembl_nonmodeled
CHEMBL483531,COc1cc(O)c(C(=O)O)c(-c2cc(O)c(O)cc2C)c1,chembl_nonmodeled
CHEMBL483532,Cc1cc(O)c(O)cc1-c1cc(O)cc(O)c1C(=O)O,chembl_nonmodeled
CHEMBL484119,COC[C@@H](Cn1ccnc1[N+](=O)[O-])OC(=O)c1ccc(NC=C2C(=O)C=CC2=O)cc1,chembl_nonmodeled
CHEMBL484316,COC[C@H](Cn1ccnc1[N+](=O)[O-])OC(=O)c1ccc(NC=C2C(=O)C=CC2=O)cc1,chembl_nonmodeled
CHEMBL484121,CC(C)(C)OC[C@@H](Cn1ccnc1[N+](=O)[O-])OC(=O)c1ccc(NC=C2C(=O)C=CC2=O)cc1,chembl_nonmodeled
CHEMBL484321,CC(C)(C)OC[C@H](Cn1ccnc1[N+](=O)[O-])OC(=O)c1ccc(NC=C2C(=O)C=CC2=O)cc1,chembl_nonmodeled
CHEMBL491174,COc1cc(O)c2c(=O)c(-c3ccc(O)cc3)coc2c1,chembl_nonmodeled
CHEMBL512054,COc1cc(O)c2c(c1)C(=O)C1=C(C2=O)[C@H](O)[C@@H](O)[C@@](C)(O)[C@@H]1O,chembl_nonmodeled
CHEMBL489146,CC(=O)N/C=C/c1cc(O)ccc1O,chembl_nonmodeled
CHEMBL489139,CCOC(=O)c1oc2cc(O)cc(O)c2c(=O)c1-c1ccc(O)cc1,chembl_nonmodeled
CHEMBL490773,CC(C)OC(=O)c1oc2cc(O)cc(O)c2c(=O)c1-c1ccc(O)cc1,chembl_nonmodeled
CHEMBL490980,NC(=O)c1oc2cc(O)cc(O)c2c(=O)c1-c1ccc(O)cc1,chembl_nonmodeled
CHEMBL490960,CSCc1oc2cc(O)cc(O)c2c(=O)c1-c1ccc(O)cc1,chembl_nonmodeled
CHEMBL490266,CC(C)(C)c1ccc(OC[C@@H](Cn2ccnc2[N+](=O)[O-])OC(=O)c2ccc(NC=C3C(=O)C=CC3=O)cc2)cc1,chembl_nonmodeled
CHEMBL490267,CC(C)(C)c1ccc(OC[C@H](Cn2ccnc2[N+](=O)[O-])OC(=O)c2ccc(NC=C3C(=O)C=CC3=O)cc2)cc1,chembl_nonmodeled
CHEMBL518986,O=c1c(-c2ccc(O)cc2)c(CSC2=NCCS2)oc2cc(O)cc(O)c12,chembl_nonmodeled
CHEMBL519395,COc1cc(O)c(C(=O)O)c(C2=C(C)C[C@@H](O)C2=O)c1,chembl_nonmodeled
CHEMBL519982,Cc1cc(O)cc2oc(=O)c3c(O)cc(O)cc3c12,chembl_nonmodeled
CHEMBL520144,COc1cc(O)c2c(=O)oc3c(O)c(O)cc(C)c3c2c1,chembl_nonmodeled
CHEMBL521472,Cc1oc2cc(O)cc(O)c2c(=O)c1-c1ccc(O)cc1,chembl_nonmodeled
CHEMBL522082,COC(=O)c1oc2cc(O)cc(O)c2c(=O)c1-c1ccc(O)cc1,chembl_nonmodeled
CHEMBL521184,O=c1c(-c2ccc(O)cc2)c(CNC2=NCCS2)oc2cc(O)cc(O)c12,chembl_nonmodeled
CHEMBL521470,O=C1C[C@H](O)[C@@H]2c3c(ccc(O)c31)-c1ccc(O)c3c1[C@@]2(O)CCC3=O,chembl_nonmodeled
CHEMBL554993,COc1cc2c(c(O)c1-c1c(OC)cc(O)c3c1C(=O)C1=C(C3=O)[C@H](O)[C@@H](O)[C@@](C)(O)[C@@H]1O)C(=O)c1cc(O)c(C)cc1C2=O,chembl_nonmodeled
CHEMBL556684,COc1cc(O)c2c(c1)C(=O)c1cc(C)c(O)c(O)c1C2=O,chembl_nonmodeled
CHEMBL5564149,CCOC(=O)c1nn(-c2ccccc2)c(=O)c2c(N)c(C#N)c(-c3cccs3)cc12,chembl_nonmodeled
CHEMBL5614250,COC(=O)c1c(C(F)(F)F)nc2c(c1-c1ccc(S(=O)(=O)c3ccccc3)cc1)C(=O)CC(C)(C)C2,chembl_nonmodeled
