molecule_chembl_id,split_seed,rf_seed,predicted_pIC50,rank,n_ranked_in_run,in_train_for_split
CHEMBL2316916,7,42,6.452488543192546,1,60,False
CHEMBL5614250,7,42,5.932345127662023,5,60,False
CHEMBL5564149,7,42,6.168364355564117,2,60,False
CHEMBL13983,7,42,5.841893582344055,6,60,False
CHEMBL554993,7,42,6.030900371869405,4,60,False
CHEMBL512054,7,42,6.053142285744349,3,60,False
CHEMBL131921,7,42,5.542006796598434,27,60,False
CHEMBL2315700,7,42,5.769472189346949,10,60,False
CHEMBL4531006,7,42,5.646168000130427,19,60,False
CHEMBL241609,7,42,5.315509924491247,42,60,False
CHEMBL485475,7,42,5.439113556782405,32,60,False
CHEMBL520144,7,42,5.547891573111216,24,60,False
CHEMBL491174,7,42,5.745029596487681,15,60,False
CHEMBL243664,7,42,5.4478112904230755,31,60,False
CHEMBL4539558,7,42,5.629536416227855,20,60,False
CHEMBL490960,7,42,5.375184256235759,37,60,False
CHEMBL483428,7,42,5.379260449965795,36,60,False
CHEMBL489139,7,42,5.195942852894465,52,60,False
CHEMBL483525,7,42,5.475816406408946,30,60,False
CHEMBL521470,7,42,5.515028502146403,28,60,False
CHEMBL242741,7,42,5.604012100458145,21,60,False
CHEMBL484121,7,42,5.748292887475756,13,60,False
CHEMBL484321,7,42,5.748292887475756,14,60,False
CHEMBL521472,7,42,5.338427278200785,39,60,False
CHEMBL518986,7,42,5.494255702760484,29,60,False
CHEMBL490266,7,42,5.693134406672584,16,60,False
CHEMBL490267,7,42,5.693134406672584,17,60,False
CHEMBL483526,7,42,5.32098824818929,40,60,False
CHEMBL522082,7,42,5.246660447385576,47,60,False
CHEMBL490773,7,42,5.197282114823659,51,60,False
CHEMBL521184,7,42,5.570914406091448,22,60,False
CHEMBL150,7,42,5.264693371454874,46,60,False
CHEMBL484119,7,42,5.76143563773897,11,60,False
CHEMBL484316,7,42,5.76143563773897,12,60,False
CHEMBL490980,7,42,5.174456741809845,53,60,False
CHEMBL443171,7,42,5.0781435358524325,55,60,False
CHEMBL519982,7,42,5.222594532966614,48,60,False
CHEMBL28,7,42,5.276061171690623,45,60,False
CHEMBL2315699,7,42,5.810743730598026,8,60,False
CHEMBL2315697,7,42,5.810743730598026,9,60,False
CHEMBL275638,7,42,5.834553478558858,7,60,False
CHEMBL483830,7,42,5.341341197490692,38,60,False
CHEMBL2315410,7,42,5.682240153286193,18,60,False
CHEMBL485258,7,42,5.294531045357386,44,60,False
CHEMBL519395,7,42,5.395716021021207,34,60,False
CHEMBL483831,7,42,5.303253829081854,43,60,False
CHEMBL453504,7,42,5.320365484555563,41,60,False
CHEMBL485485,7,42,5.392889359792074,35,60,False
CHEMBL463054,7,42,5.1999764204025265,50,60,False
CHEMBL2315701,7,42,5.559581359810299,23,60,False
CHEMBL441343,7,42,5.0587052028708985,56,60,False
CHEMBL2315698,7,42,5.544837080425687,25,60,False
CHEMBL2315696,7,42,5.544837080425687,26,60,False
CHEMBL2315409,7,42,5.414590267525779,33,60,False
CHEMBL489146,7,42,5.04812868243172,57,60,False
CHEMBL17329,7,42,5.0996945329507195,54,60,False
CHEMBL556684,7,42,5.210338463783264,49,60,False
CHEMBL483531,7,42,4.748984514315923,58,60,False
CHEMBL483532,7,42,4.297767198324204,59,60,False
CHEMBL450484,7,42,4.146453836361567,60,60,False
CHEMBL2316916,7,7,6.556871964795249,1,60,False
CHEMBL5614250,7,7,5.965326405888512,5,60,False
CHEMBL5564149,7,7,6.136598154703776,2,60,False
CHEMBL13983,7,7,5.795009613037109,12,60,False
CHEMBL554993,7,7,6.007450997829437,4,60,False
CHEMBL512054,7,7,6.120474432309469,3,60,False
CHEMBL131921,7,7,5.6267879664897915,21,60,False
CHEMBL2315700,7,7,5.830026566637887,6,60,False
CHEMBL4531006,7,7,5.642734566264682,19,60,False
CHEMBL241609,7,7,5.411242524782817,31,60,False
CHEMBL485475,7,7,5.495115453561147,26,60,False
CHEMBL520144,7,7,5.553192830085754,24,60,False
CHEMBL491174,7,7,5.7429903837045035,16,60,False
CHEMBL243664,7,7,5.506184205611547,25,60,False
CHEMBL4539558,7,7,5.633075290097131,20,60,False
CHEMBL490960,7,7,5.35041242202123,37,60,False
CHEMBL483428,7,7,5.414245385328929,30,60,False
CHEMBL489139,7,7,5.2635785349210105,47,60,False
CHEMBL483525,7,7,5.56913334886233,22,60,False
CHEMBL521470,7,7,5.318891002734502,40,60,False
CHEMBL242741,7,7,5.5675721482435865,23,60,False
CHEMBL484121,7,7,5.795213970926072,10,60,False
CHEMBL484321,7,7,5.795213970926072,11,60,False
CHEMBL521472,7,7,5.272035644849141,46,60,False
CHEMBL518986,7,7,5.481835838953654,27,60,False
CHEMBL490266,7,7,5.7345542055235965,17,60,False
CHEMBL490267,7,7,5.7345542055235965,18,60,False
CHEMBL483526,7,7,5.435512315034867,28,60,False
CHEMBL522082,7,7,5.198610318899155,53,60,False
CHEMBL490773,7,7,5.272463872432708,45,60,False
CHEMBL521184,7,7,5.4349209638436635,29,60,False
CHEMBL150,7,7,5.251898359457652,50,60,False
CHEMBL484119,7,7,5.7948355624940655,13,60,False
CHEMBL484316,7,7,5.7948355624940655,14,60,False
CHEMBL490980,7,7,5.259235485394796,48,60,False
CHEMBL443171,7,7,5.180737646818161,54,60,False
CHEMBL519982,7,7,5.280231907765071,42,60,False
CHEMBL28,7,7,5.2541703216234845,49,60,False
CHEMBL2315699,7,7,5.822407227811359,8,60,False
CHEMBL2315697,7,7,5.822407227811359,9,60,False
CHEMBL275638,7,7,5.827899068196615,7,60,False
CHEMBL483830,7,7,5.363826207002004,36,60,False
CHEMBL2315410,7,7,5.763710033496221,15,60,False
CHEMBL485258,7,7,5.334933736854129,39,60,False
CHEMBL519395,7,7,5.2796268517971034,43,60,False
CHEMBL483831,7,7,5.292745656172435,41,60,False
CHEMBL453504,7,7,5.27816215356191,44,60,False
CHEMBL485485,7,7,5.336319604714712,38,60,False
CHEMBL463054,7,7,5.222185794512431,52,60,False
CHEMBL2315701,7,7,5.3805610839525855,35,60,False
CHEMBL441343,7,7,5.109590616226196,56,60,False
CHEMBL2315698,7,7,5.405464854694548,32,60,False
CHEMBL2315696,7,7,5.405464854694548,33,60,False
CHEMBL2315409,7,7,5.386510983308156,34,60,False
CHEMBL489146,7,7,5.077421968274646,57,60,False
CHEMBL17329,7,7,5.140321748018264,55,60,False
CHEMBL556684,7,7,5.245216780503591,51,60,False
CHEMBL483531,7,7,4.802921982606252,58,60,False
CHEMBL483532,7,7,4.357236044009526,59,60,False
CHEMBL450484,7,7,4.0457468059327875,60,60,False
CHEMBL2316916,7,123,6.512175056934357,1,60,False
CHEMBL5614250,7,123,5.976195207198461,4,60,False
CHEMBL5564149,7,123,6.114325511455536,2,60,False
CHEMBL13983,7,123,5.772916884422302,10,60,False
CHEMBL554993,7,123,5.8978086777528125,5,60,False
CHEMBL512054,7,123,6.033612072865168,3,60,False
CHEMBL131921,7,123,5.663532364050548,22,60,False
CHEMBL2315700,7,123,5.784969848129484,9,60,False
CHEMBL4531006,7,123,5.7241636075443685,18,60,False
CHEMBL241609,7,123,5.448821783860525,35,60,False
CHEMBL485475,7,123,5.675679941177368,21,60,False
CHEMBL520144,7,123,5.572019611199697,23,60,False
CHEMBL491174,7,123,5.758417837301891,11,60,False
CHEMBL243664,7,123,5.552171798626582,26,60,False
CHEMBL4539558,7,123,5.7157896818055045,20,60,False
CHEMBL490960,7,123,5.467003456354141,33,60,False
CHEMBL483428,7,123,5.471049896876017,31,60,False
CHEMBL489139,7,123,5.252238370974859,48,60,False
CHEMBL483525,7,123,5.566445801258087,24,60,False
CHEMBL521470,7,123,5.461657006074512,34,60,False
CHEMBL242741,7,123,5.546420590480168,27,60,False
CHEMBL484121,7,123,5.753060219367345,12,60,False
CHEMBL484321,7,123,5.753060219367345,13,60,False
CHEMBL521472,7,123,5.347368613878886,43,60,False
CHEMBL518986,7,123,5.562306685182784,25,60,False
CHEMBL490266,7,123,5.74736378121376,14,60,False
CHEMBL490267,7,123,5.74736378121376,15,60,False
CHEMBL483526,7,123,5.505992317199707,28,60,False
CHEMBL522082,7,123,5.259892756938934,46,60,False
CHEMBL490773,7,123,5.222139225800832,52,60,False
CHEMBL521184,7,123,5.468849326848983,32,60,False
CHEMBL150,7,123,5.398616035381953,37,60,False
CHEMBL484119,7,123,5.732730112950008,16,60,False
CHEMBL484316,7,123,5.732730112950008,17,60,False
CHEMBL490980,7,123,5.247717970609665,50,60,False
CHEMBL443171,7,123,5.2045852442582445,54,60,False
CHEMBL519982,7,123,5.390174353917439,40,60,False
CHEMBL28,7,123,5.394091919263204,39,60,False
CHEMBL2315699,7,123,5.802355244424609,7,60,False
CHEMBL2315697,7,123,5.802355244424609,8,60,False
CHEMBL275638,7,123,5.839308687448502,6,60,False
CHEMBL483830,7,123,5.40179842154185,36,60,False
CHEMBL2315410,7,123,5.718961959944831,19,60,False
CHEMBL485258,7,123,5.313395231405894,45,60,False
CHEMBL519395,7,123,5.330377024941974,44,60,False
CHEMBL483831,7,123,5.363677333725824,42,60,False
CHEMBL453504,7,123,5.258333930227492,47,60,False
CHEMBL485485,7,123,5.238733983357747,51,60,False
CHEMBL463054,7,123,5.213046061462826,53,60,False
CHEMBL2315701,7,123,5.395741185347239,38,60,False
CHEMBL441343,7,123,5.087281233602099,56,60,False
CHEMBL2315698,7,123,5.484875130123563,29,60,False
CHEMBL2315696,7,123,5.484875130123563,30,60,False
CHEMBL2315409,7,123,5.3778246492809725,41,60,False
CHEMBL489146,7,123,5.080640603303909,57,60,False
CHEMBL17329,7,123,5.248741610447566,49,60,False
CHEMBL556684,7,123,5.176732286082373,55,60,False
CHEMBL483531,7,123,4.69264679643843,58,60,False
CHEMBL483532,7,123,4.390078152947956,59,60,False
CHEMBL450484,7,123,4.031167246235741,60,60,False
CHEMBL2316916,7,2024,6.510849493609535,1,60,False
CHEMBL5614250,7,2024,5.8591994457774685,5,60,False
CHEMBL5564149,7,2024,6.229287003676097,2,60,False
CHEMBL13983,7,2024,5.747463666598002,17,60,False
CHEMBL554993,7,2024,5.8734855508804324,4,60,False
CHEMBL512054,7,2024,6.0331365044911704,3,60,False
CHEMBL131921,7,2024,5.53563775618871,25,60,False
CHEMBL2315700,7,2024,5.8517873789204495,6,60,False
CHEMBL4531006,7,2024,5.683256672904605,20,60,False
CHEMBL241609,7,2024,5.337044565836589,41,60,False
CHEMBL485475,7,2024,5.5201277037108385,26,60,False
CHEMBL520144,7,2024,5.594450232982635,21,60,False
CHEMBL491174,7,2024,5.706784614721934,18,60,False
CHEMBL243664,7,2024,5.413086642026901,35,60,False
CHEMBL4539558,7,2024,5.703243072032929,19,60,False
CHEMBL490960,7,2024,5.402227474654162,36,60,False
CHEMBL483428,7,2024,5.430246665636698,33,60,False
CHEMBL489139,7,2024,5.226778207619985,49,60,False
CHEMBL483525,7,2024,5.474518838326136,30,60,False
CHEMBL521470,7,2024,5.423995292073204,34,60,False
CHEMBL242741,7,2024,5.5034498295784,29,60,False
CHEMBL484121,7,2024,5.802074116600884,11,60,False
CHEMBL484321,7,2024,5.802074116600884,12,60,False
CHEMBL521472,7,2024,5.236604483948813,47,60,False
CHEMBL518986,7,2024,5.473156480683221,31,60,False
CHEMBL490266,7,2024,5.751874514155918,15,60,False
CHEMBL490267,7,2024,5.751874514155918,16,60,False
CHEMBL483526,7,2024,5.380130741596222,38,60,False
CHEMBL522082,7,2024,5.222946803569794,50,60,False
CHEMBL490773,7,2024,5.158391785621643,53,60,False
CHEMBL521184,7,2024,5.512843398173651,27,60,False
CHEMBL150,7,2024,5.247565214660432,46,60,False
CHEMBL484119,7,2024,5.846442704730564,9,60,False
CHEMBL484316,7,2024,5.846442704730564,10,60,False
CHEMBL490980,7,2024,5.102840709156461,55,60,False
CHEMBL443171,7,2024,5.083040018611484,57,60,False
CHEMBL519982,7,2024,5.257514322201411,44,60,False
CHEMBL28,7,2024,5.235521572457419,48,60,False
CHEMBL2315699,7,2024,5.849941161208683,7,60,False
CHEMBL2315697,7,2024,5.849941161208683,8,60,False
CHEMBL275638,7,2024,5.776876666545868,13,60,False
CHEMBL483830,7,2024,5.340726764731937,39,60,False
CHEMBL2315410,7,2024,5.754284359349145,14,60,False
CHEMBL485258,7,2024,5.332727010250092,42,60,False
CHEMBL519395,7,2024,5.552769695123037,24,60,False
CHEMBL483831,7,2024,5.380749629073673,37,60,False
CHEMBL453504,7,2024,5.206045694510141,51,60,False
CHEMBL485485,7,2024,5.28685940000746,43,60,False
CHEMBL463054,7,2024,5.338705706437429,40,60,False
CHEMBL2315701,7,2024,5.507576618989309,28,60,False
CHEMBL441343,7,2024,5.103591532707214,54,60,False
CHEMBL2315698,7,2024,5.566040267944336,22,60,False
CHEMBL2315696,7,2024,5.566040267944336,23,60,False
CHEMBL2315409,7,2024,5.472541737159093,32,60,False
CHEMBL489146,7,2024,5.09291095299191,56,60,False
CHEMBL17329,7,2024,5.1597194866604275,52,60,False
CHEMBL556684,7,2024,5.254986971060435,45,60,False
CHEMBL483531,7,2024,4.912945955991745,58,60,False
CHEMBL483532,7,2024,4.4642500681347315,59,60,False
CHEMBL450484,7,2024,4.061602098941803,60,60,False
CHEMBL2316916,7,777,6.540319295459323,1,60,False
CHEMBL5614250,7,777,5.967428384621938,3,60,False
CHEMBL5564149,7,777,6.164209858973821,2,60,False
CHEMBL13983,7,777,5.778449404001236,9,60,False
CHEMBL554993,7,777,5.759380702177683,10,60,False
CHEMBL512054,7,777,5.871387025912603,5,60,False
CHEMBL131921,7,777,5.477140590349833,24,60,False
CHEMBL2315700,7,777,5.896614237626394,4,60,False
CHEMBL4531006,7,777,5.841765645572117,6,60,False
CHEMBL241609,7,777,5.370084135135015,34,60,False
CHEMBL485475,7,777,5.507499296002918,23,60,False
CHEMBL520144,7,777,5.633786342938741,20,60,False
CHEMBL491174,7,777,5.615099958578745,21,60,False
CHEMBL243664,7,777,5.434301884969075,27,60,False
CHEMBL4539558,7,777,5.756854396888188,11,60,False
CHEMBL490960,7,777,5.374526857932409,33,60,False
CHEMBL483428,7,777,5.355324606498082,37,60,False
CHEMBL489139,7,777,5.139821575482686,52,60,False
CHEMBL483525,7,777,5.541225576003392,22,60,False
CHEMBL521470,7,777,5.378104177051121,32,60,False
CHEMBL242741,7,777,5.414998369216919,30,60,False
CHEMBL484121,7,777,5.679365260865953,14,60,False
CHEMBL484321,7,777,5.679365260865953,15,60,False
CHEMBL521472,7,777,5.205292243560155,50,60,False
CHEMBL518986,7,777,5.407762902483108,31,60,False
CHEMBL490266,7,777,5.677195211516486,16,60,False
CHEMBL490267,7,777,5.677195211516486,17,60,False
CHEMBL483526,7,777,5.41920746366183,29,60,False
CHEMBL522082,7,777,5.23621393998464,45,60,False
CHEMBL490773,7,777,5.216063743034999,49,60,False
CHEMBL521184,7,777,5.4248313080886055,28,60,False
CHEMBL150,7,777,5.223066428899765,48,60,False
CHEMBL484119,7,777,5.6584479681650794,18,60,False
CHEMBL484316,7,777,5.6584479681650794,19,60,False
CHEMBL490980,7,777,5.123206205765406,53,60,False
CHEMBL443171,7,777,5.042468928893407,56,60,False
CHEMBL519982,7,777,5.316194000641505,42,60,False
CHEMBL28,7,777,5.177317255735398,51,60,False
CHEMBL2315699,7,777,5.8283962400754294,7,60,False
CHEMBL2315697,7,777,5.8283962400754294,8,60,False
CHEMBL275638,7,777,5.692142237822215,13,60,False
CHEMBL483830,7,777,5.31645326757431,41,60,False
CHEMBL2315410,7,777,5.724073290427526,12,60,False
CHEMBL485258,7,777,5.350251986821493,39,60,False
CHEMBL519395,7,777,5.25490975578626,44,60,False
CHEMBL483831,7,777,5.347730991840362,40,60,False
CHEMBL453504,7,777,5.295895529588064,43,60,False
CHEMBL485485,7,777,5.361921344333225,36,60,False
CHEMBL463054,7,777,5.229245924949646,47,60,False
CHEMBL2315701,7,777,5.36986502567927,35,60,False
CHEMBL441343,7,777,5.012229884465535,57,60,False
CHEMBL2315698,7,777,5.455651284853618,25,60,False
CHEMBL2315696,7,777,5.455651284853618,26,60,False
CHEMBL2315409,7,777,5.353810841242472,38,60,False
CHEMBL489146,7,777,5.051481794251336,55,60,False
CHEMBL17329,7,777,5.057520569430457,54,60,False
CHEMBL556684,7,777,5.230997172991435,46,60,False
CHEMBL483531,7,777,4.794978586435318,58,60,False
CHEMBL483532,7,777,4.366290265321732,59,60,False
CHEMBL450484,7,777,4.035666627089183,60,60,False
CHEMBL2316916,21,42,6.657070031762123,1,60,False
CHEMBL5614250,21,42,5.948975354035696,3,60,False
CHEMBL5564149,21,42,5.820188921689987,5,60,False
CHEMBL13983,21,42,5.658600905849821,16,60,False
CHEMBL554993,21,42,5.84578196366628,4,60,False
CHEMBL512054,21,42,5.968951328992843,2,60,False
CHEMBL131921,21,42,5.701825153421874,12,60,False
CHEMBL2315700,21,42,5.751822427749634,6,60,False
CHEMBL4531006,21,42,5.601310816605886,23,60,False
CHEMBL241609,21,42,5.569131817791197,31,60,False
CHEMBL485475,21,42,5.660516517427233,15,60,False
CHEMBL520144,21,42,5.6869756482967455,13,60,False
CHEMBL491174,21,42,5.615386828864464,21,60,False
CHEMBL243664,21,42,5.627282925093801,20,60,False
CHEMBL4539558,21,42,5.5788280002276105,29,60,False
CHEMBL490960,21,42,5.48528711963583,33,60,False
CHEMBL483428,21,42,5.459332256488528,36,60,False
CHEMBL489139,21,42,5.261806343329074,49,60,False
CHEMBL483525,21,42,5.606526748342144,22,60,False
CHEMBL521470,21,42,5.394003553655413,39,60,False
CHEMBL242741,21,42,5.575207418375947,30,60,False
CHEMBL484121,21,42,5.703413428465526,10,60,False
CHEMBL484321,21,42,5.703413428465526,11,60,False
CHEMBL521472,21,42,5.404452748960919,38,60,False
CHEMBL518986,21,42,5.480866023743594,35,60,False
CHEMBL490266,21,42,5.596031992435456,24,60,False
CHEMBL490267,21,42,5.596031992435456,25,60,False
CHEMBL483526,21,42,5.483145359798657,34,60,False
CHEMBL522082,21,42,5.339919320853872,43,60,False
CHEMBL490773,21,42,5.229105543709765,50,60,False
CHEMBL521184,21,42,5.584144550164541,28,60,False
CHEMBL150,21,42,5.29632069155022,46,60,False
CHEMBL484119,21,42,5.656456325848898,17,60,False
CHEMBL484316,21,42,5.656456325848898,18,60,False
CHEMBL490980,21,42,5.189118503296817,52,60,False
CHEMBL443171,21,42,5.171082147192073,54,60,False
CHEMBL519982,21,42,5.38150244387788,41,60,False
CHEMBL28,21,42,5.188329220909863,53,60,False
CHEMBL2315699,21,42,5.737514352003734,8,60,False
CHEMBL2315697,21,42,5.737514352003734,9,60,False
CHEMBL275638,21,42,5.348648428855922,42,60,False
CHEMBL483830,21,42,5.318123455842336,44,60,False
CHEMBL2315410,21,42,5.682958147525787,14,60,False
CHEMBL485258,21,42,5.31796293985276,45,60,False
CHEMBL519395,21,42,5.745129211081399,7,60,False
CHEMBL483831,21,42,5.266666681835892,47,60,False
CHEMBL453504,21,42,5.388179682890574,40,60,False
CHEMBL485485,21,42,5.443055998484294,37,60,False
CHEMBL463054,21,42,5.15079855744044,56,60,False
CHEMBL2315701,21,42,5.651163598696391,19,60,False
CHEMBL441343,21,42,5.043912395768696,57,60,False
CHEMBL2315698,21,42,5.58899613459905,26,60,False
CHEMBL2315696,21,42,5.58899613459905,27,60,False
CHEMBL2315409,21,42,5.530528957843781,32,60,False
CHEMBL489146,21,42,5.225301141738892,51,60,False
CHEMBL17329,21,42,5.264152145373701,48,60,False
CHEMBL556684,21,42,5.164470394849777,55,60,False
CHEMBL483531,21,42,4.940200641249165,58,60,False
CHEMBL483532,21,42,4.695312387784322,59,60,False
CHEMBL450484,21,42,4.168108316792383,60,60,False
CHEMBL2316916,21,7,6.6449536983172095,1,60,False
CHEMBL5614250,21,7,5.7775484455956345,5,60,False
CHEMBL5564149,21,7,6.046781320571899,3,60,False
CHEMBL13983,21,7,5.545180239677429,27,60,False
CHEMBL554993,21,7,5.970241703324848,4,60,False
CHEMBL512054,21,7,6.115209712433437,2,60,False
CHEMBL131921,21,7,5.620788609669953,18,60,False
CHEMBL2315700,21,7,5.704549287886847,8,60,False
CHEMBL4531006,21,7,5.655270277659098,11,60,False
CHEMBL241609,21,7,5.4425042218102355,36,60,False
CHEMBL485475,21,7,5.580414102951686,22,60,False
CHEMBL520144,21,7,5.642331473225639,17,60,False
CHEMBL491174,21,7,5.606224173347786,20,60,False
CHEMBL243664,21,7,5.691038519741863,10,60,False
CHEMBL4539558,21,7,5.617154518763225,19,60,False
CHEMBL490960,21,7,5.475038312983892,33,60,False
CHEMBL483428,21,7,5.485599997447798,32,60,False
CHEMBL489139,21,7,5.325046837901829,44,60,False
CHEMBL483525,21,7,5.64576491974649,14,60,False
CHEMBL521470,21,7,5.53238719145457,28,60,False
CHEMBL242741,21,7,5.585606763892704,21,60,False
CHEMBL484121,21,7,5.646662051677704,12,60,False
CHEMBL484321,21,7,5.646662051677704,13,60,False
CHEMBL521472,21,7,5.3757234610111,42,60,False
CHEMBL518986,21,7,5.498530955314636,31,60,False
CHEMBL490266,21,7,5.562194993694623,24,60,False
CHEMBL490267,21,7,5.562194993694623,25,60,False
CHEMBL483526,21,7,5.452844005804213,34,60,False
CHEMBL522082,21,7,5.35216551129708,43,60,False
CHEMBL490773,21,7,5.294642919059784,47,60,False
CHEMBL521184,21,7,5.561934077421824,26,60,False
CHEMBL150,21,7,5.318272550635868,45,60,False
CHEMBL484119,21,7,5.64413853486379,15,60,False
CHEMBL484316,21,7,5.64413853486379,16,60,False
CHEMBL490980,21,7,5.13910095167401,56,60,False
CHEMBL443171,21,7,5.170902147613392,54,60,False
CHEMBL519982,21,7,5.399464919911491,40,60,False
CHEMBL28,21,7,5.27508248503201,51,60,False
CHEMBL2315699,21,7,5.713449750476413,6,60,False
CHEMBL2315697,21,7,5.713449750476413,7,60,False
CHEMBL275638,21,7,5.4398376282859,38,60,False
CHEMBL483830,21,7,5.3088721799850465,46,60,False
CHEMBL2315410,21,7,5.574033579428991,23,60,False
CHEMBL485258,21,7,5.285520721011692,48,60,False
CHEMBL519395,21,7,5.6929675129065425,9,60,False
CHEMBL483831,21,7,5.281044263953254,50,60,False
CHEMBL453504,21,7,5.4341892520586645,39,60,False
CHEMBL485485,21,7,5.446370750268301,35,60,False
CHEMBL463054,21,7,5.282920422932459,49,60,False
CHEMBL2315701,21,7,5.442027948061625,37,60,False
CHEMBL441343,21,7,4.997364519437154,58,60,False
CHEMBL2315698,21,7,5.519657650682661,29,60,False
CHEMBL2315696,21,7,5.519657650682661,30,60,False
CHEMBL2315409,21,7,5.381017075936,41,60,False
CHEMBL489146,21,7,5.1672936144934765,55,60,False
CHEMBL17329,21,7,5.230025285508897,52,60,False
CHEMBL556684,21,7,5.22741284169848,53,60,False
CHEMBL483531,21,7,5.023843487482222,57,60,False
CHEMBL483532,21,7,4.690691729386647,59,60,False
CHEMBL450484,21,7,4.263842383649614,60,60,False
CHEMBL2316916,21,123,6.621279053290685,1,60,False
CHEMBL5614250,21,123,5.89083658419715,5,60,False
CHEMBL5564149,21,123,5.959650658567747,4,60,False
CHEMBL13983,21,123,5.641410836719332,17,60,False
CHEMBL554993,21,123,6.108297162055969,3,60,False
CHEMBL512054,21,123,6.208593878689267,2,60,False
CHEMBL131921,21,123,5.561959991475577,21,60,False
CHEMBL2315700,21,123,5.6763813254568305,13,60,False
CHEMBL4531006,21,123,5.535561956564585,26,60,False
CHEMBL241609,21,123,5.5119204719861346,28,60,False
CHEMBL485475,21,123,5.516498864730199,27,60,False
CHEMBL520144,21,123,5.659859742344056,16,60,False
CHEMBL491174,21,123,5.546497326182625,25,60,False
CHEMBL243664,21,123,5.689121889867137,12,60,False
CHEMBL4539558,21,123,5.473917631308238,32,60,False
CHEMBL490960,21,123,5.394909524751864,38,60,False
CHEMBL483428,21,123,5.423619839573033,37,60,False
CHEMBL489139,21,123,5.28293311070702,49,60,False
CHEMBL483525,21,123,5.4986119208121425,29,60,False
CHEMBL521470,21,123,5.494990052938461,30,60,False
CHEMBL242741,21,123,5.438443094677395,35,60,False
CHEMBL484121,21,123,5.670858824120628,14,60,False
CHEMBL484321,21,123,5.670858824120628,15,60,False
CHEMBL521472,21,123,5.373933256043329,40,60,False
CHEMBL518986,21,123,5.428176401897713,36,60,False
CHEMBL490266,21,123,5.639599037832684,18,60,False
CHEMBL490267,21,123,5.639599037832684,19,60,False
CHEMBL483526,21,123,5.450046597580746,33,60,False
CHEMBL522082,21,123,5.349586071536858,43,60,False
CHEMBL490773,21,123,5.2670974383581255,52,60,False
CHEMBL521184,21,123,5.582655459276583,20,60,False
CHEMBL150,21,123,5.276492982257126,50,60,False
CHEMBL484119,21,123,5.694698563549253,10,60,False
CHEMBL484316,21,123,5.694698563549253,11,60,False
CHEMBL490980,21,123,5.102284815417396,55,60,False
CHEMBL443171,21,123,5.082776122280674,57,60,False
CHEMBL519982,21,123,5.3499161277612055,42,60,False
CHEMBL28,21,123,5.26359285266555,53,60,False
CHEMBL2315699,21,123,5.755487806267208,7,60,False
CHEMBL2315697,21,123,5.755487806267208,8,60,False
CHEMBL275638,21,123,5.362745380079936,41,60,False
CHEMBL483830,21,123,5.323440619309744,45,60,False
CHEMBL2315410,21,123,5.713886578877767,9,60,False
CHEMBL485258,21,123,5.3277442200265375,44,60,False
CHEMBL519395,21,123,5.758539846306755,6,60,False
CHEMBL483831,21,123,5.298232798240124,48,60,False
CHEMBL453504,21,123,5.314957400639853,46,60,False
CHEMBL485485,21,123,5.444773017565409,34,60,False
CHEMBL463054,21,123,5.393448264321322,39,60,False
CHEMBL2315701,21,123,5.549186815420787,24,60,False
CHEMBL441343,21,123,4.930386249224345,58,60,False
CHEMBL2315698,21,123,5.553118231561449,22,60,False
CHEMBL2315696,21,123,5.553118231561449,23,60,False
CHEMBL2315409,21,123,5.475438425938289,31,60,False
CHEMBL489146,21,123,5.161240282138189,54,60,False
CHEMBL17329,21,123,5.2681922017203435,51,60,False
CHEMBL556684,21,123,5.31140454866268,47,60,False
CHEMBL483531,21,123,5.0879299267533025,56,60,False
CHEMBL483532,21,123,4.840878080526988,59,60,False
CHEMBL450484,21,123,4.138224719365438,60,60,False
CHEMBL2316916,21,2024,6.612417704216157,1,60,False
CHEMBL5614250,21,2024,5.8428420578108895,5,60,False
CHEMBL5564149,21,2024,5.874322190284729,4,60,False
CHEMBL13983,21,2024,5.666387774414487,16,60,False
CHEMBL554993,21,2024,6.019591563012865,3,60,False
CHEMBL512054,21,2024,6.129334499571058,2,60,False
CHEMBL131921,21,2024,5.745627679846905,10,60,False
CHEMBL2315700,21,2024,5.826626269382143,6,60,False
CHEMBL4531006,21,2024,5.481832329961989,35,60,False
CHEMBL241609,21,2024,5.565806137058471,26,60,False
CHEMBL485475,21,2024,5.6962823276292704,12,60,False
CHEMBL520144,21,2024,5.637557010606483,17,60,False
CHEMBL491174,21,2024,5.679473254424292,13,60,False
CHEMBL243664,21,2024,5.760274068936205,9,60,False
CHEMBL4539558,21,2024,5.490370942751567,34,60,False
CHEMBL490960,21,2024,5.55194212868857,29,60,False
CHEMBL483428,21,2024,5.604185293616136,23,60,False
CHEMBL489139,21,2024,5.342861417858991,44,60,False
CHEMBL483525,21,2024,5.553584297059372,28,60,False
CHEMBL521470,21,2024,5.492711294756995,33,60,False
CHEMBL242741,21,2024,5.585912394552004,24,60,False
CHEMBL484121,21,2024,5.673925408030313,14,60,False
CHEMBL484321,21,2024,5.673925408030313,15,60,False
CHEMBL521472,21,2024,5.447063133905805,36,60,False
CHEMBL518986,21,2024,5.529972889264425,32,60,False
CHEMBL490266,21,2024,5.628093092532385,20,60,False
CHEMBL490267,21,2024,5.628093092532385,21,60,False
CHEMBL483526,21,2024,5.443737620932084,38,60,False
CHEMBL522082,21,2024,5.370066846133768,42,60,False
CHEMBL490773,21,2024,5.273213120005119,52,60,False
CHEMBL521184,21,2024,5.5768915933767955,25,60,False
CHEMBL150,21,2024,5.365526532521324,43,60,False
CHEMBL484119,21,2024,5.636336397950611,18,60,False
CHEMBL484316,21,2024,5.636336397950611,19,60,False
CHEMBL490980,21,2024,5.2509414086644615,54,60,False
CHEMBL443171,21,2024,5.28157318497461,51,60,False
CHEMBL519982,21,2024,5.336791905694538,46,60,False
CHEMBL28,21,2024,5.341185379040155,45,60,False
CHEMBL2315699,21,2024,5.8084955307794,7,60,False
CHEMBL2315697,21,2024,5.8084955307794,8,60,False
CHEMBL275638,21,2024,5.4173300986770485,40,60,False
CHEMBL483830,21,2024,5.327344853083293,48,60,False
CHEMBL2315410,21,2024,5.719574424917736,11,60,False
CHEMBL485258,21,2024,5.302358526123894,49,60,False
CHEMBL519395,21,2024,5.608701305579595,22,60,False
CHEMBL483831,21,2024,5.289946564110843,50,60,False
CHEMBL453504,21,2024,5.39849317073822,41,60,False
CHEMBL485485,21,2024,5.446926813125611,37,60,False
CHEMBL463054,21,2024,5.263254292775423,53,60,False
CHEMBL2315701,21,2024,5.553644709655217,27,60,False
CHEMBL441343,21,2024,5.069425287644068,57,60,False
CHEMBL2315698,21,2024,5.534494055180323,30,60,False
CHEMBL2315696,21,2024,5.534494055180323,31,60,False
CHEMBL2315409,21,2024,5.441237777937026,39,60,False
CHEMBL489146,21,2024,5.2389610311720105,55,60,False
CHEMBL17329,21,2024,5.331315268332662,47,60,False
CHEMBL556684,21,2024,5.170733895271252,56,60,False
CHEMBL483531,21,2024,4.840246369278793,58,60,False
CHEMBL483532,21,2024,4.635126471627842,59,60,False
CHEMBL450484,21,2024,4.179909170733557,60,60,False
CHEMBL2316916,21,777,6.65852204020818,1,60,False
CHEMBL5614250,21,777,5.952353566487631,4,60,False
CHEMBL5564149,21,777,5.982949328223865,3,60,False
CHEMBL13983,21,777,5.584607198370827,22,60,False
CHEMBL554993,21,777,5.9235049402713775,5,60,False
CHEMBL512054,21,777,6.050502411921819,2,60,False
CHEMBL131921,21,777,5.631568760830603,17,60,False
CHEMBL2315700,21,777,5.71752228975296,9,60,False
CHEMBL4531006,21,777,5.523652280966441,29,60,False
CHEMBL241609,21,777,5.46675551811854,33,60,False
CHEMBL485475,21,777,5.574477473100027,24,60,False
CHEMBL520144,21,777,5.6093020951723815,19,60,False
CHEMBL491174,21,777,5.499523720805951,31,60,False
CHEMBL243664,21,777,5.765974986154279,8,60,False
CHEMBL4539558,21,777,5.582734464009603,23,60,False
CHEMBL490960,21,777,5.430344670295716,36,60,False
CHEMBL483428,21,777,5.378847046089551,40,60,False
CHEMBL489139,21,777,5.193707419633866,51,60,False
CHEMBL483525,21,777,5.605684205511492,20,60,False
CHEMBL521470,21,777,5.516133873860041,30,60,False
CHEMBL242741,21,777,5.400032815997906,39,60,False
CHEMBL484121,21,777,5.684908149295382,11,60,False
CHEMBL484321,21,777,5.684908149295382,12,60,False
CHEMBL521472,21,777,5.322693121626264,43,60,False
CHEMBL518986,21,777,5.4315323905150095,35,60,False
CHEMBL490266,21,777,5.544251361211141,26,60,False
CHEMBL490267,21,777,5.544251361211141,27,60,False
CHEMBL483526,21,777,5.453895629326618,34,60,False
CHEMBL522082,21,777,5.408698801279068,38,60,False
CHEMBL490773,21,777,5.229105264141447,50,60,False
CHEMBL521184,21,777,5.586491583188375,21,60,False
CHEMBL150,21,777,5.247324495429084,48,60,False
CHEMBL484119,21,777,5.669949470678965,13,60,False
CHEMBL484316,21,777,5.669949470678965,14,60,False
CHEMBL490980,21,777,5.101969002882639,56,60,False
CHEMBL443171,21,777,5.162400372936612,54,60,False
CHEMBL519982,21,777,5.3259159951413,42,60,False
CHEMBL28,21,777,5.178614397718793,53,60,False
CHEMBL2315699,21,777,5.8072664274109735,6,60,False
CHEMBL2315697,21,777,5.8072664274109735,7,60,False
CHEMBL275638,21,777,5.338141206853287,41,60,False
CHEMBL483830,21,777,5.304303771503388,45,60,False
CHEMBL2315410,21,777,5.695036116838455,10,60,False
CHEMBL485258,21,777,5.289047209535327,46,60,False
CHEMBL519395,21,777,5.613233609835307,18,60,False
CHEMBL483831,21,777,5.231732896169027,49,60,False
CHEMBL453504,21,777,5.425172841548919,37,60,False
CHEMBL485485,21,777,5.495806410312652,32,60,False
CHEMBL463054,21,777,5.181968249831882,52,60,False
CHEMBL2315701,21,777,5.542569063769446,28,60,False
CHEMBL441343,21,777,4.859930774370829,58,60,False
CHEMBL2315698,21,777,5.645727880795797,15,60,False
CHEMBL2315696,21,777,5.645727880795797,16,60,False
CHEMBL2315409,21,777,5.547848929829067,25,60,False
CHEMBL489146,21,777,5.256542977738002,47,60,False
CHEMBL17329,21,777,5.30574081155989,44,60,False
CHEMBL556684,21,777,5.148500947288736,55,60,False
CHEMBL483531,21,777,4.925921733921224,57,60,False
CHEMBL483532,21,777,4.758525698984856,59,60,False
CHEMBL450484,21,777,4.285430162482791,60,60,False
CHEMBL2316916,42,42,6.639241706000433,1,60,False
CHEMBL5614250,42,42,6.1574010780122554,2,60,False
CHEMBL5564149,42,42,6.119193044900894,3,60,False
CHEMBL13983,42,42,5.932621772289276,4,60,False
CHEMBL554993,42,42,5.914668312867483,5,60,False
CHEMBL512054,42,42,5.9026687916119895,6,60,False
CHEMBL131921,42,42,5.8746152983578765,7,60,False
CHEMBL2315700,42,42,5.83989722583029,8,60,False
CHEMBL4531006,42,42,5.785586880842844,9,60,False
CHEMBL241609,42,42,5.74369409845333,10,60,False
CHEMBL485475,42,42,5.732817651555652,11,60,False
CHEMBL520144,42,42,5.73268210140864,12,60,False
CHEMBL491174,42,42,5.731033381938934,13,60,False
CHEMBL243664,42,42,5.714256839249035,14,60,False
CHEMBL4539558,42,42,5.7099654595057165,15,60,False
CHEMBL490960,42,42,5.695550762321268,16,60,False
CHEMBL483428,42,42,5.666013137503305,17,60,False
CHEMBL489139,42,42,5.661048379256869,18,60,False
CHEMBL483525,42,42,5.642614327748617,19,60,False
CHEMBL521470,42,42,5.641518894566429,20,60,False
CHEMBL242741,42,42,5.628858420530954,21,60,False
CHEMBL484121,42,42,5.626034315109253,22,60,False
CHEMBL484321,42,42,5.626034315109253,23,60,False
CHEMBL521472,42,42,5.617603556300913,24,60,False
CHEMBL518986,42,42,5.616052944660186,25,60,False
CHEMBL490266,42,42,5.612580932776133,26,60,False
CHEMBL490267,42,42,5.612580932776133,27,60,False
CHEMBL483526,42,42,5.610189750875746,28,60,False
CHEMBL522082,42,42,5.588656685892838,29,60,False
CHEMBL490773,42,42,5.577083313703537,30,60,False
CHEMBL521184,42,42,5.572765600511006,31,60,False
CHEMBL150,42,42,5.5701316497978715,32,60,False
CHEMBL484119,42,42,5.565539372444153,33,60,False
CHEMBL484316,42,42,5.565539372444153,34,60,False
CHEMBL490980,42,42,5.5570273615774655,35,60,False
CHEMBL443171,42,42,5.5504438072606765,36,60,False
CHEMBL519982,42,42,5.47137385886813,37,60,False
CHEMBL28,42,42,5.409030093851326,38,60,False
CHEMBL2315699,42,42,5.380620009766685,39,60,False
CHEMBL2315697,42,42,5.380620009766685,40,60,False
CHEMBL275638,42,42,5.358640038471454,41,60,False
CHEMBL483830,42,42,5.3392640480730265,42,60,False
CHEMBL2315410,42,42,5.327660626305474,43,60,False
CHEMBL485258,42,42,5.319583876587095,44,60,False
CHEMBL519395,42,42,5.3064697493447195,45,60,False
CHEMBL483831,42,42,5.279241983621787,46,60,False
CHEMBL453504,42,42,5.261799138387044,47,60,False
CHEMBL485485,42,42,5.2323271520932515,48,60,False
CHEMBL463054,42,42,5.202278298536936,49,60,False
CHEMBL2315701,42,42,5.151647202703688,50,60,False
CHEMBL441343,42,42,5.120575539271036,51,60,False
CHEMBL2315698,42,42,5.113193624284533,52,60,False
CHEMBL2315696,42,42,5.113193624284533,53,60,False
CHEMBL2315409,42,42,5.061027753485574,54,60,False
CHEMBL489146,42,42,5.053957027461794,55,60,False
CHEMBL17329,42,42,5.023568049934176,56,60,False
CHEMBL556684,42,42,5.012567847569784,57,60,False
CHEMBL483531,42,42,4.767143405878985,58,60,False
CHEMBL483532,42,42,4.658158004177941,59,60,False
CHEMBL450484,42,42,4.020027276674907,60,60,False
CHEMBL2316916,42,7,6.76656377977795,1,60,False
CHEMBL5614250,42,7,6.099307183954451,3,60,False
CHEMBL5564149,42,7,6.128396991438335,2,60,False
CHEMBL13983,42,7,5.9723972566922505,6,60,False
CHEMBL554993,42,7,5.977266231510375,5,60,False
CHEMBL512054,42,7,6.048231262101067,4,60,False
CHEMBL131921,42,7,5.859875937317357,7,60,False
CHEMBL2315700,42,7,5.755271409617531,10,60,False
CHEMBL4531006,42,7,5.624748118718466,25,60,False
CHEMBL241609,42,7,5.701484210491181,14,60,False
CHEMBL485475,42,7,5.82519881327947,8,60,False
CHEMBL520144,42,7,5.554904971770567,31,60,False
CHEMBL491174,42,7,5.693016114249374,15,60,False
CHEMBL243664,42,7,5.749282851648194,11,60,False
CHEMBL4539558,42,7,5.561318994363149,30,60,False
CHEMBL490960,42,7,5.702674553647186,13,60,False
CHEMBL483428,42,7,5.748785127958007,12,60,False
CHEMBL489139,42,7,5.766354457005106,9,60,False
CHEMBL483525,42,7,5.4837539911321755,35,60,False
CHEMBL521470,42,7,5.460874438418282,36,60,False
CHEMBL242741,42,7,5.582065329407201,28,60,False
CHEMBL484121,42,7,5.686461449993981,16,60,False
CHEMBL484321,42,7,5.686461449993981,17,60,False
CHEMBL521472,42,7,5.624772963776733,24,60,False
CHEMBL518986,42,7,5.54113468726476,33,60,False
CHEMBL490266,42,7,5.628247019979689,22,60,False
CHEMBL490267,42,7,5.628247019979689,23,60,False
CHEMBL483526,42,7,5.442940865502213,37,60,False
CHEMBL522082,42,7,5.652115483524251,19,60,False
CHEMBL490773,42,7,5.619459320162282,26,60,False
CHEMBL521184,42,7,5.678855675894116,18,60,False
CHEMBL150,42,7,5.5468561228116355,32,60,False
CHEMBL484119,42,7,5.642934685548147,20,60,False
CHEMBL484316,42,7,5.642934685548147,21,60,False
CHEMBL490980,42,7,5.521706369320552,34,60,False
CHEMBL443171,42,7,5.613303430477778,27,60,False
CHEMBL519982,42,7,5.356081563487198,42,60,False
CHEMBL28,42,7,5.395502823401437,40,60,False
CHEMBL2315699,42,7,5.435194130208758,38,60,False
CHEMBL2315697,42,7,5.435194130208758,39,60,False
CHEMBL275638,42,7,5.306368378900832,47,60,False
CHEMBL483830,42,7,5.356166547139486,41,60,False
CHEMBL2315410,42,7,5.308698473638959,46,60,False
CHEMBL485258,42,7,5.3347178030014035,44,60,False
CHEMBL519395,42,7,5.578272924396727,29,60,False
CHEMBL483831,42,7,5.318136215209961,45,60,False
CHEMBL453504,42,7,5.233037316799164,49,60,False
CHEMBL485485,42,7,5.261047447522481,48,60,False
CHEMBL463054,42,7,5.347251874075996,43,60,False
CHEMBL2315701,42,7,5.219055094983843,50,60,False
CHEMBL441343,42,7,5.1006163390477495,54,60,False
CHEMBL2315698,42,7,5.206809656884936,51,60,False
CHEMBL2315696,42,7,5.206809656884936,52,60,False
CHEMBL2315409,42,7,5.096537973350949,55,60,False
CHEMBL489146,42,7,5.062435942093531,56,60,False
CHEMBL17329,42,7,4.94994690601031,57,60,False
CHEMBL556684,42,7,5.169776214228736,53,60,False
CHEMBL483531,42,7,4.904939086278279,58,60,False
CHEMBL483532,42,7,4.740700239340464,59,60,False
CHEMBL450484,42,7,4.081261129379272,60,60,False
CHEMBL2316916,42,123,6.752717670996984,1,60,False
CHEMBL5614250,42,123,5.9303182941012915,4,60,False
CHEMBL5564149,42,123,6.071080961227417,2,60,False
CHEMBL13983,42,123,5.9169412734451745,5,60,False
CHEMBL554993,42,123,5.881534849802653,7,60,False
CHEMBL512054,42,123,5.957710139018518,3,60,False
CHEMBL131921,42,123,5.846979868279563,8,60,False
CHEMBL2315700,42,123,5.719187235037486,12,60,False
CHEMBL4531006,42,123,5.6656748795509335,18,60,False
CHEMBL241609,42,123,5.729044850534863,10,60,False
CHEMBL485475,42,123,5.788209409952164,9,60,False
CHEMBL520144,42,123,5.656303191820781,19,60,False
CHEMBL491174,42,123,5.723513042635388,11,60,False
CHEMBL243664,42,123,5.900048232176088,6,60,False
CHEMBL4539558,42,123,5.6486954548623824,20,60,False
CHEMBL490960,42,123,5.693403280920452,15,60,False
CHEMBL483428,42,123,5.710954912624591,13,60,False
CHEMBL489139,42,123,5.630952105778235,21,60,False
CHEMBL483525,42,123,5.445258605122968,39,60,False
CHEMBL521470,42,123,5.519488436513477,33,60,False
CHEMBL242741,42,123,5.704389431463348,14,60,False
CHEMBL484121,42,123,5.629189866118961,22,60,False
CHEMBL484321,42,123,5.629189866118961,23,60,False
CHEMBL521472,42,123,5.605587401734458,24,60,False
CHEMBL518986,42,123,5.553071094353994,28,60,False
CHEMBL490266,42,123,5.671907301081551,16,60,False
CHEMBL490267,42,123,5.671907301081551,17,60,False
CHEMBL483526,42,123,5.451183305643223,37,60,False
CHEMBL522082,42,123,5.524186224410408,32,60,False
CHEMBL490773,42,123,5.493361216960129,34,60,False
CHEMBL521184,42,123,5.550583926041921,29,60,False
CHEMBL150,42,123,5.557750156588025,27,60,False
CHEMBL484119,42,123,5.598442586263021,25,60,False
CHEMBL484316,42,123,5.598442586263021,26,60,False
CHEMBL490980,42,123,5.535520162361639,31,60,False
CHEMBL443171,42,123,5.5484578564343625,30,60,False
CHEMBL519982,42,123,5.369480328162511,43,60,False
CHEMBL28,42,123,5.4642489004311745,35,60,False
CHEMBL2315699,42,123,5.38417632369768,41,60,False
CHEMBL2315697,42,123,5.38417632369768,42,60,False
CHEMBL275638,42,123,5.456575484977428,36,60,False
CHEMBL483830,42,123,5.351468331019084,44,60,False
CHEMBL2315410,42,123,5.31470830985478,47,60,False
CHEMBL485258,42,123,5.343711406389872,45,60,False
CHEMBL519395,42,123,5.446285510610651,38,60,False
CHEMBL483831,42,123,5.420122202780851,40,60,False
CHEMBL453504,42,123,5.221755794684092,53,60,False
CHEMBL485485,42,123,5.24862650791804,51,60,False
CHEMBL463054,42,123,5.291435458642465,48,60,False
CHEMBL2315701,42,123,5.325629663864771,46,60,False
CHEMBL441343,42,123,5.072329595000656,56,60,False
CHEMBL2315698,42,123,5.261650305078143,49,60,False
CHEMBL2315696,42,123,5.261650305078143,50,60,False
CHEMBL2315409,42,123,5.154271995510373,54,60,False
CHEMBL489146,42,123,5.085345818201701,55,60,False
CHEMBL17329,42,123,4.86214105685552,58,60,False
CHEMBL556684,42,123,5.229540984295033,52,60,False
CHEMBL483531,42,123,4.940765498320262,57,60,False
CHEMBL483532,42,123,4.770512017236415,59,60,False
CHEMBL450484,42,123,4.101882041207067,60,60,False
CHEMBL2316916,42,2024,6.725879631837209,1,60,False
CHEMBL5614250,42,2024,5.985856477684445,3,60,False
CHEMBL5564149,42,2024,6.1346889588567945,2,60,False
CHEMBL13983,42,2024,5.9552636551857,4,60,False
CHEMBL554993,42,2024,5.8592243949572245,7,60,False
CHEMBL512054,42,2024,5.945657001336415,5,60,False
CHEMBL131921,42,2024,5.811374655544214,9,60,False
CHEMBL2315700,42,2024,5.824746330181758,8,60,False
CHEMBL4531006,42,2024,5.47164657831192,39,60,False
CHEMBL241609,42,2024,5.709415955999943,11,60,False
CHEMBL485475,42,2024,5.871496387322744,6,60,False
CHEMBL520144,42,2024,5.677635878121182,13,60,False
CHEMBL491174,42,2024,5.657305748061528,14,60,False
CHEMBL243664,42,2024,5.747402010300574,10,60,False
CHEMBL4539558,42,2024,5.500185117986468,37,60,False
CHEMBL490960,42,2024,5.604677591487844,19,60,False
CHEMBL483428,42,2024,5.603899885847424,20,60,False
CHEMBL489139,42,2024,5.646899993226125,17,60,False
CHEMBL483525,42,2024,5.590066658055111,23,60,False
CHEMBL521470,42,2024,5.530088361501694,33,60,False
CHEMBL242741,42,2024,5.69482591186251,12,60,False
CHEMBL484121,42,2024,5.650565560128954,15,60,False
CHEMBL484321,42,2024,5.650565560128954,16,60,False
CHEMBL521472,42,2024,5.542573164127491,29,60,False
CHEMBL518986,42,2024,5.588299474640498,24,60,False
CHEMBL490266,42,2024,5.596147826512655,21,60,False
CHEMBL490267,42,2024,5.596147826512655,22,60,False
CHEMBL483526,42,2024,5.542430594956204,30,60,False
CHEMBL522082,42,2024,5.430672420736343,41,60,False
CHEMBL490773,42,2024,5.505382091544924,36,60,False
CHEMBL521184,42,2024,5.616999009715186,18,60,False
CHEMBL150,42,2024,5.490465985139211,38,60,False
CHEMBL484119,42,2024,5.56436608931375,26,60,False
CHEMBL484316,42,2024,5.56436608931375,27,60,False
CHEMBL490980,42,2024,5.455522875211857,40,60,False
CHEMBL443171,42,2024,5.567773230637192,25,60,False
CHEMBL519982,42,2024,5.509413425230877,34,60,False
CHEMBL28,42,2024,5.371753223909902,42,60,False
CHEMBL2315699,42,2024,5.541663639280531,31,60,False
CHEMBL2315697,42,2024,5.541663639280531,32,60,False
CHEMBL275638,42,2024,5.312005437156568,46,60,False
CHEMBL483830,42,2024,5.365206387837728,43,60,False
CHEMBL2315410,42,2024,5.507065462403827,35,60,False
CHEMBL485258,42,2024,5.329067578156789,44,60,False
CHEMBL519395,42,2024,5.562485628525416,28,60,False
CHEMBL483831,42,2024,5.325471264521281,45,60,False
CHEMBL453504,42,2024,5.258956422805786,49,60,False
CHEMBL485485,42,2024,5.241258091926575,51,60,False
CHEMBL463054,42,2024,5.18578097597758,53,60,False
CHEMBL2315701,42,2024,5.257675333023072,50,60,False
CHEMBL441343,42,2024,5.099930300712585,55,60,False
CHEMBL2315698,42,2024,5.261889374097189,47,60,False
CHEMBL2315696,42,2024,5.261889374097189,48,60,False
CHEMBL2315409,42,2024,5.23102292084694,52,60,False
CHEMBL489146,42,2024,5.106045120610131,54,60,False
CHEMBL17329,42,2024,5.031631619029575,57,60,False
CHEMBL556684,42,2024,5.071174369653066,56,60,False
CHEMBL483531,42,2024,4.958960523190322,58,60,False
CHEMBL483532,42,2024,4.872675402561824,59,60,False
CHEMBL450484,42,2024,4.140262347592247,60,60,False
CHEMBL2316916,42,777,6.726479684475697,1,60,False
CHEMBL5614250,42,777,5.973776307370928,3,60,False
CHEMBL5564149,42,777,6.216910757488675,2,60,False
CHEMBL13983,42,777,5.868705107371013,6,60,False
CHEMBL554993,42,777,5.882825481573741,5,60,False
CHEMBL512054,42,777,5.863941448609035,7,60,False
CHEMBL131921,42,777,5.846910594737891,8,60,False
CHEMBL2315700,42,777,5.90225056582027,4,60,False
CHEMBL4531006,42,777,5.71308888636695,15,60,False
CHEMBL241609,42,777,5.733950591087341,13,60,False
CHEMBL485475,42,777,5.801043834459214,9,60,False
CHEMBL520144,42,777,5.739370249744618,12,60,False
CHEMBL491174,42,777,5.724578832308451,14,60,False
CHEMBL243664,42,777,5.786645040349235,11,60,False
CHEMBL4539558,42,777,5.689094343344371,16,60,False
CHEMBL490960,42,777,5.665721597762334,17,60,False
CHEMBL483428,42,777,5.653700953537728,19,60,False
CHEMBL489139,42,777,5.6394139774122225,20,60,False
CHEMBL483525,42,777,5.603390988230705,23,60,False
CHEMBL521470,42,777,5.53358490980996,35,60,False
CHEMBL242741,42,777,5.574768441120783,28,60,False
CHEMBL484121,42,777,5.565468900468614,32,60,False
CHEMBL484321,42,777,5.565468900468614,33,60,False
CHEMBL521472,42,777,5.625763372103373,21,60,False
CHEMBL518986,42,777,5.658764397753608,18,60,False
CHEMBL490266,42,777,5.56551300154792,30,60,False
CHEMBL490267,42,777,5.56551300154792,31,60,False
CHEMBL483526,42,777,5.608113584276402,22,60,False
CHEMBL522082,42,777,5.570525850198208,29,60,False
CHEMBL490773,42,777,5.593968759817955,25,60,False
CHEMBL521184,42,777,5.789956622971428,10,60,False
CHEMBL150,42,777,5.515868345101675,38,60,False
CHEMBL484119,42,777,5.582632684177823,26,60,False
CHEMBL484316,42,777,5.582632684177823,27,60,False
CHEMBL490980,42,777,5.562189780871074,34,60,False
CHEMBL443171,42,777,5.595532262325287,24,60,False
CHEMBL519982,42,777,5.476201710260276,39,60,False
CHEMBL28,42,777,5.443176378179479,41,60,False
CHEMBL2315699,42,777,5.5232993678251905,36,60,False
CHEMBL2315697,42,777,5.5232993678251905,37,60,False
CHEMBL275638,42,777,5.416177108816248,42,60,False
CHEMBL483830,42,777,5.372950988963798,44,60,False
CHEMBL2315410,42,777,5.455276186466217,40,60,False
CHEMBL485258,42,777,5.342779064816967,46,60,False
CHEMBL519395,42,777,5.359808875358467,45,60,False
CHEMBL483831,42,777,5.281832726909564,51,60,False
CHEMBL453504,42,777,5.235223848554823,53,60,False
CHEMBL485485,42,777,5.258647136688232,52,60,False
CHEMBL463054,42,777,5.3418385279178615,47,60,False
CHEMBL2315701,42,777,5.385222065448761,43,60,False
CHEMBL441343,42,777,5.129595656394958,55,60,False
CHEMBL2315698,42,777,5.337614648342132,48,60,False
CHEMBL2315696,42,777,5.337614648342132,49,60,False
CHEMBL2315409,42,777,5.293645256757737,50,60,False
CHEMBL489146,42,777,5.038840413199531,56,60,False
CHEMBL17329,42,777,4.950075031427236,57,60,False
CHEMBL556684,42,777,5.202582436800003,54,60,False
CHEMBL483531,42,777,4.866916848655904,58,60,False
CHEMBL483532,42,777,4.711620705958569,59,60,False
CHEMBL450484,42,777,3.99587590040984,60,60,False
CHEMBL2316916,123,42,6.507164888050821,1,60,False
CHEMBL5614250,123,42,5.773253070513407,9,60,False
CHEMBL5564149,123,42,6.032517904043198,3,60,False
CHEMBL13983,123,42,5.824437360410337,7,60,False
CHEMBL554993,123,42,5.83644971148173,5,60,False
CHEMBL512054,123,42,5.928169783353805,4,60,False
CHEMBL131921,123,42,5.814376517534256,8,60,False
CHEMBL2315700,123,42,5.585700742006302,27,60,False
CHEMBL4531006,123,42,5.516017417907715,35,60,False
CHEMBL241609,123,42,5.728821376164754,12,60,False
CHEMBL485475,123,42,5.828184653384345,6,60,False
CHEMBL520144,123,42,5.577308223145639,29,60,False
CHEMBL491174,123,42,5.688382196369625,17,60,False
CHEMBL243664,123,42,6.044225845271268,2,60,False
CHEMBL4539558,123,42,5.446798740228017,42,60,False
CHEMBL490960,123,42,5.697497049565038,16,60,False
CHEMBL483428,123,42,5.65381173286303,21,60,False
CHEMBL489139,123,42,5.617985323601929,22,60,False
CHEMBL483525,123,42,5.5839879340459815,28,60,False
CHEMBL521470,123,42,5.458207954035865,41,60,False
CHEMBL242741,123,42,5.616238882144292,23,60,False
CHEMBL484121,123,42,5.767005194505056,10,60,False
CHEMBL484321,123,42,5.767005194505056,11,60,False
CHEMBL521472,123,42,5.586676084348134,26,60,False
CHEMBL518986,123,42,5.676612524986267,20,60,False
CHEMBL490266,123,42,5.704308513800303,13,60,False
CHEMBL490267,123,42,5.704308513800303,14,60,False
CHEMBL483526,123,42,5.4636055545317825,40,60,False
CHEMBL522082,123,42,5.557535298245293,31,60,False
CHEMBL490773,123,42,5.5368031151547,34,60,False
CHEMBL521184,123,42,5.70287236240175,15,60,False
CHEMBL150,123,42,5.588860080866587,25,60,False
CHEMBL484119,123,42,5.683648443554388,18,60,False
CHEMBL484316,123,42,5.683648443554388,19,60,False
CHEMBL490980,123,42,5.555587844087963,32,60,False
CHEMBL443171,123,42,5.610374960933412,24,60,False
CHEMBL519982,123,42,5.397567289670309,46,60,False
CHEMBL28,123,42,5.570827653380672,30,60,False
CHEMBL2315699,123,42,5.504042575955391,36,60,False
CHEMBL2315697,123,42,5.504042575955391,37,60,False
CHEMBL275638,123,42,5.540772335769294,33,60,False
CHEMBL483830,123,42,5.401802559216817,45,60,False
CHEMBL2315410,123,42,5.3226242572069165,51,60,False
CHEMBL485258,123,42,5.423844625473023,44,60,False
CHEMBL519395,123,42,5.360302672606927,49,60,False
CHEMBL483831,123,42,5.381091015752855,48,60,False
CHEMBL453504,123,42,5.3347458680470785,50,60,False
CHEMBL485485,123,42,5.425447401126226,43,60,False
CHEMBL463054,123,42,5.241603879531224,54,60,False
CHEMBL2315701,123,42,5.391517035007477,47,60,False
CHEMBL441343,123,42,5.299181818962097,53,60,False
CHEMBL2315698,123,42,5.478576707839966,38,60,False
CHEMBL2315696,123,42,5.478576707839966,39,60,False
CHEMBL2315409,123,42,5.311711088418961,52,60,False
CHEMBL489146,123,42,5.131879961774462,56,60,False
CHEMBL17329,123,42,5.078664548794428,57,60,False
CHEMBL556684,123,42,5.1597663017114,55,60,False
CHEMBL483531,123,42,4.9763935484709565,58,60,False
CHEMBL483532,123,42,4.69843315243721,59,60,False
CHEMBL450484,123,42,4.003269080320994,60,60,False
CHEMBL2316916,123,7,6.639907785521614,1,60,False
CHEMBL5614250,123,7,5.59639975309372,21,60,False
CHEMBL5564149,123,7,6.061930636962255,2,60,False
CHEMBL13983,123,7,5.72821377023061,14,60,False
CHEMBL554993,123,7,5.767009934186936,9,60,False
CHEMBL512054,123,7,5.908211190303167,5,60,False
CHEMBL131921,123,7,5.947010942121347,3,60,False
CHEMBL2315700,123,7,5.447343088388443,35,60,False
CHEMBL4531006,123,7,5.592448107931349,22,60,False
CHEMBL241609,123,7,5.7164478136698404,16,60,False
CHEMBL485475,123,7,5.799834348325375,8,60,False
CHEMBL520144,123,7,5.572672156287564,24,60,False
CHEMBL491174,123,7,5.721184966436282,15,60,False
CHEMBL243664,123,7,5.9330020319012675,4,60,False
CHEMBL4539558,123,7,5.542076426876916,27,60,False
CHEMBL490960,123,7,5.651163637801452,17,60,False
CHEMBL483428,123,7,5.5990824459778565,20,60,False
CHEMBL489139,123,7,5.508914897641176,30,60,False
CHEMBL483525,123,7,5.612873870750268,19,60,False
CHEMBL521470,123,7,5.378017321427663,43,60,False
CHEMBL242741,123,7,5.5840371850492465,23,60,False
CHEMBL484121,123,7,5.875950264930725,6,60,False
CHEMBL484321,123,7,5.875950264930725,7,60,False
CHEMBL521472,123,7,5.559907593250275,26,60,False
CHEMBL518986,123,7,5.632167808347278,18,60,False
CHEMBL490266,123,7,5.754653906822204,12,60,False
CHEMBL490267,123,7,5.754653906822204,13,60,False
CHEMBL483526,123,7,5.403661276286556,37,60,False
CHEMBL522082,123,7,5.481277950521499,33,60,False
CHEMBL490773,123,7,5.367155486103088,44,60,False
CHEMBL521184,123,7,5.539398978153865,28,60,False
CHEMBL150,123,7,5.569343618644006,25,60,False
CHEMBL484119,123,7,5.765876516501109,10,60,False
CHEMBL484316,123,7,5.765876516501109,11,60,False
CHEMBL490980,123,7,5.460122574082128,34,60,False
CHEMBL443171,123,7,5.528208674024652,29,60,False
CHEMBL519982,123,7,5.322971772372722,51,60,False
CHEMBL28,123,7,5.4011940507303065,38,60,False
CHEMBL2315699,123,7,5.49063766002655,31,60,False
CHEMBL2315697,123,7,5.49063766002655,32,60,False
CHEMBL275638,123,7,5.337978241344293,49,60,False
CHEMBL483830,123,7,5.364964195251464,47,60,False
CHEMBL2315410,123,7,5.412937072515487,36,60,False
CHEMBL485258,123,7,5.365480978171031,46,60,False
CHEMBL519395,123,7,5.3813031718686775,41,60,False
CHEMBL483831,123,7,5.359803929487864,48,60,False
CHEMBL453504,123,7,5.256072802702586,53,60,False
CHEMBL485485,123,7,5.365994342168173,45,60,False
CHEMBL463054,123,7,5.214253156979879,54,60,False
CHEMBL2315701,123,7,5.378318836053213,42,60,False
CHEMBL441343,123,7,5.324363055229187,50,60,False
CHEMBL2315698,123,7,5.391614427407583,39,60,False
CHEMBL2315696,123,7,5.391614427407583,40,60,False
CHEMBL2315409,123,7,5.312579099178314,52,60,False
CHEMBL489146,123,7,5.09988042459223,56,60,False
CHEMBL17329,123,7,4.992621811495887,57,60,False
CHEMBL556684,123,7,5.163164923985799,55,60,False
CHEMBL483531,123,7,4.897925028728429,58,60,False
CHEMBL483532,123,7,4.692590246280035,59,60,False
CHEMBL450484,123,7,3.9493065730730694,60,60,False
CHEMBL2316916,123,123,6.6920597642489845,1,60,False
CHEMBL5614250,123,123,5.623557530244192,19,60,False
CHEMBL5564149,123,123,6.1757203622659045,2,60,False
CHEMBL13983,123,123,5.79974988603592,4,60,False
CHEMBL554993,123,123,5.7080760018030805,14,60,False
CHEMBL512054,123,123,5.763441506703695,9,60,False
CHEMBL131921,123,123,5.7958091333934245,5,60,False
CHEMBL2315700,123,123,5.582325435479482,27,60,False
CHEMBL4531006,123,123,5.538093784650167,31,60,False
CHEMBL241609,123,123,5.698370872735977,16,60,False
CHEMBL485475,123,123,5.7697669373763345,6,60,False
CHEMBL520144,123,123,5.4834353399792795,34,60,False
CHEMBL491174,123,123,5.699075736293716,15,60,False
CHEMBL243664,123,123,5.973303633642979,3,60,False
CHEMBL4539558,123,123,5.591108865737915,24,60,False
CHEMBL490960,123,123,5.6272398107055865,18,60,False
CHEMBL483428,123,123,5.6282208873001425,17,60,False
CHEMBL489139,123,123,5.541888787557843,30,60,False
CHEMBL483525,123,123,5.5881618962354995,25,60,False
CHEMBL521470,123,123,5.30892355495029,48,60,False
CHEMBL242741,123,123,5.583377224279459,26,60,False
CHEMBL484121,123,123,5.746078358138049,10,60,False
CHEMBL484321,123,123,5.746078358138049,11,60,False
CHEMBL521472,123,123,5.604490254935138,22,60,False
CHEMBL518986,123,123,5.617396521841808,20,60,False
CHEMBL490266,123,123,5.740271861111676,12,60,False
CHEMBL490267,123,123,5.740271861111676,13,60,False
CHEMBL483526,123,123,5.412235132133806,39,60,False
CHEMBL522082,123,123,5.59474370629516,23,60,False
CHEMBL490773,123,123,5.445284290066935,38,60,False
CHEMBL521184,123,123,5.612646302438917,21,60,False
CHEMBL150,123,123,5.581218444813267,28,60,False
CHEMBL484119,123,123,5.76601189298983,7,60,False
CHEMBL484316,123,123,5.76601189298983,8,60,False
CHEMBL490980,123,123,5.486224423974112,33,60,False
CHEMBL443171,123,123,5.5214507571154385,32,60,False
CHEMBL519982,123,123,5.293465409195268,50,60,False
CHEMBL28,123,123,5.565912277529592,29,60,False
CHEMBL2315699,123,123,5.471895159615411,36,60,False
CHEMBL2315697,123,123,5.471895159615411,37,60,False
CHEMBL275638,123,123,5.480850746132223,35,60,False
CHEMBL483830,123,123,5.350122274769678,46,60,False
CHEMBL2315410,123,123,5.325119104120466,47,60,False
CHEMBL485258,123,123,5.391600364645322,43,60,False
CHEMBL519395,123,123,5.241555312474569,52,60,False
CHEMBL483831,123,123,5.374684115250905,45,60,False
CHEMBL453504,123,123,5.305936595916748,49,60,False
CHEMBL485485,123,123,5.37500661611557,44,60,False
CHEMBL463054,123,123,5.2161032578150435,54,60,False
CHEMBL2315701,123,123,5.4048721747928195,40,60,False
CHEMBL441343,123,123,5.22366259471983,53,60,False
CHEMBL2315698,123,123,5.39889111412896,41,60,False
CHEMBL2315696,123,123,5.39889111412896,42,60,False
CHEMBL2315409,123,123,5.264431634479099,51,60,False
CHEMBL489146,123,123,5.167462277942235,56,60,False
CHEMBL17329,123,123,5.076455049382316,57,60,False
CHEMBL556684,123,123,5.189625870863597,55,60,False
CHEMBL483531,123,123,4.895099104324977,58,60,False
CHEMBL483532,123,123,4.632891436304365,59,60,False
CHEMBL450484,123,123,4.15301669707374,60,60,False
CHEMBL2316916,123,2024,6.587243755075667,1,60,False
CHEMBL5614250,123,2024,5.923450747463439,4,60,False
CHEMBL5564149,123,2024,6.12924410641761,2,60,False
CHEMBL13983,123,2024,5.7223551931078465,16,60,False
CHEMBL554993,123,2024,5.717707280715307,17,60,False
CHEMBL512054,123,2024,5.8352153976758325,7,60,False
CHEMBL131921,123,2024,5.882292160193125,5,60,False
CHEMBL2315700,123,2024,5.494505323251089,35,60,False
CHEMBL4531006,123,2024,5.516388301372528,33,60,False
CHEMBL241609,123,2024,5.756772792339325,14,60,False
CHEMBL485475,123,2024,5.836081455945969,6,60,False
CHEMBL520144,123,2024,5.629451522804442,23,60,False
CHEMBL491174,123,2024,5.755845535861122,15,60,False
CHEMBL243664,123,2024,5.985466744296078,3,60,False
CHEMBL4539558,123,2024,5.516645725886026,32,60,False
CHEMBL490960,123,2024,5.637804114099533,22,60,False
CHEMBL483428,123,2024,5.587907627450267,25,60,False
CHEMBL489139,123,2024,5.582032513748343,26,60,False
CHEMBL483525,123,2024,5.640466683621358,21,60,False
CHEMBL521470,123,2024,5.474516033331553,36,60,False
CHEMBL242741,123,2024,5.664654576778412,20,60,False
CHEMBL484121,123,2024,5.800243678263255,8,60,False
CHEMBL484321,123,2024,5.800243678263255,9,60,False
CHEMBL521472,123,2024,5.54036073573052,30,60,False
CHEMBL518986,123,2024,5.702620634767744,18,60,False
CHEMBL490266,123,2024,5.787684581714964,10,60,False
CHEMBL490267,123,2024,5.787684581714964,11,60,False
CHEMBL483526,123,2024,5.531694750214381,31,60,False
CHEMBL522082,123,2024,5.566554971019657,27,60,False
CHEMBL490773,123,2024,5.500202881826295,34,60,False
CHEMBL521184,123,2024,5.696667358610364,19,60,False
CHEMBL150,123,2024,5.541360580523809,29,60,False
CHEMBL484119,123,2024,5.7748165387955925,12,60,False
CHEMBL484316,123,2024,5.7748165387955925,13,60,False
CHEMBL490980,123,2024,5.459510770175192,42,60,False
CHEMBL443171,123,2024,5.553605064352354,28,60,False
CHEMBL519982,123,2024,5.37999611708853,47,60,False
CHEMBL28,123,2024,5.611323048759391,24,60,False
CHEMBL2315699,123,2024,5.47085341559516,39,60,False
CHEMBL2315697,123,2024,5.47085341559516,40,60,False
CHEMBL275638,123,2024,5.429517430592466,43,60,False
CHEMBL483830,123,2024,5.36691388686498,48,60,False
CHEMBL2315410,123,2024,5.359662226703431,50,60,False
CHEMBL485258,123,2024,5.365537675698598,49,60,False
CHEMBL519395,123,2024,5.3875289653214535,46,60,False
CHEMBL483831,123,2024,5.422668439414766,44,60,False
CHEMBL453504,123,2024,5.319854516188304,52,60,False
CHEMBL485485,123,2024,5.413997954527537,45,60,False
CHEMBL463054,123,2024,5.2916307953198745,53,60,False
CHEMBL2315701,123,2024,5.468833918518491,41,60,False
CHEMBL441343,123,2024,5.27667913834254,54,60,False
CHEMBL2315698,123,2024,5.472125908745659,37,60,False
CHEMBL2315696,123,2024,5.472125908745659,38,60,False
CHEMBL2315409,123,2024,5.335390876743529,51,60,False
CHEMBL489146,123,2024,5.1599509901952265,56,60,False
CHEMBL17329,123,2024,5.033200972923125,58,60,False
CHEMBL556684,123,2024,5.16763884417216,55,60,False
CHEMBL483531,123,2024,5.038523786783218,57,60,False
CHEMBL483532,123,2024,4.807475429773331,59,60,False
CHEMBL450484,123,2024,4.048276976744334,60,60,False
CHEMBL2316916,123,777,6.56175287110465,1,60,False
CHEMBL5614250,123,777,5.669811869462331,16,60,False
CHEMBL5564149,123,777,6.218785440921783,2,60,False
CHEMBL13983,123,777,5.688853032986323,14,60,False
CHEMBL554993,123,777,5.651670780579249,19,60,False
CHEMBL512054,123,777,5.82730246577428,6,60,False
CHEMBL131921,123,777,5.7873810106438475,9,60,False
CHEMBL2315700,123,777,5.457160933017731,34,60,False
CHEMBL4531006,123,777,5.50998638788859,31,60,False
CHEMBL241609,123,777,5.716250116030375,13,60,False
CHEMBL485475,123,777,5.782436481714249,10,60,False
CHEMBL520144,123,777,5.59278312995647,25,60,False
CHEMBL491174,123,777,5.5932765327903615,24,60,False
CHEMBL243664,123,777,5.884657015944657,3,60,False
CHEMBL4539558,123,777,5.662388906478882,17,60,False
CHEMBL490960,123,777,5.648821026484171,21,60,False
CHEMBL483428,123,777,5.650423969768343,20,60,False
CHEMBL489139,123,777,5.5408831644101895,27,60,False
CHEMBL483525,123,777,5.616909175483753,23,60,False
CHEMBL521470,123,777,5.277089101870856,52,60,False
CHEMBL242741,123,777,5.630585523446401,22,60,False
CHEMBL484121,123,777,5.827972024520238,4,60,False
CHEMBL484321,123,777,5.827972024520238,5,60,False
CHEMBL521472,123,777,5.53518740773201,28,60,False
CHEMBL518986,123,777,5.682435065110525,15,60,False
CHEMBL490266,123,777,5.77858029879464,11,60,False
CHEMBL490267,123,777,5.77858029879464,12,60,False
CHEMBL483526,123,777,5.419199050611403,38,60,False
CHEMBL522082,123,777,5.451655243143203,35,60,False
CHEMBL490773,123,777,5.477590659459432,33,60,False
CHEMBL521184,123,777,5.65732949479421,18,60,False
CHEMBL150,123,777,5.520811461607615,30,60,False
CHEMBL484119,123,777,5.801016127374437,7,60,False
CHEMBL484316,123,777,5.801016127374437,8,60,False
CHEMBL490980,123,777,5.482543729543686,32,60,False
CHEMBL443171,123,777,5.558293249209722,26,60,False
CHEMBL519982,123,777,5.338811841567357,49,60,False
CHEMBL28,123,777,5.53183278628933,29,60,False
CHEMBL2315699,123,777,5.433224307378134,36,60,False
CHEMBL2315697,123,777,5.433224307378134,37,60,False
CHEMBL275638,123,777,5.415003771756233,39,60,False
CHEMBL483830,123,777,5.3637337724367775,44,60,False
CHEMBL2315410,123,777,5.352640280405681,46,60,False
CHEMBL485258,123,777,5.377488020261128,43,60,False
CHEMBL519395,123,777,5.3825789281397,41,60,False
CHEMBL483831,123,777,5.32002470337937,50,60,False
CHEMBL453504,123,777,5.380984635882908,42,60,False
CHEMBL485485,123,777,5.412170887523228,40,60,False
CHEMBL463054,123,777,5.139055082934759,54,60,False
CHEMBL2315701,123,777,5.362283178435432,45,60,False
CHEMBL441343,123,777,5.311056130329768,51,60,False
CHEMBL2315698,123,777,5.342435342947642,47,60,False
CHEMBL2315696,123,777,5.342435342947642,48,60,False
CHEMBL2315409,123,777,5.237209603071213,53,60,False
CHEMBL489146,123,777,5.110832658078936,57,60,False
CHEMBL17329,123,777,5.1119199466705325,56,60,False
CHEMBL556684,123,777,5.112037208217047,55,60,False
CHEMBL483531,123,777,5.0492127128685205,58,60,False
CHEMBL483532,123,777,4.818359978993734,59,60,False
CHEMBL450484,123,777,4.127179791397519,60,60,False
CHEMBL2316916,2024,42,6.66937566086098,1,60,False
CHEMBL5614250,2024,42,6.067921448389689,3,60,False
CHEMBL5564149,2024,42,6.234739531808429,2,60,False
CHEMBL13983,2024,42,5.894649411042531,7,60,False
CHEMBL554993,2024,42,5.961551468769709,5,60,False
CHEMBL512054,2024,42,6.015225779701162,4,60,False
CHEMBL131921,2024,42,5.781616230010986,15,60,False
CHEMBL2315700,2024,42,5.951026664495468,6,60,False
CHEMBL4531006,2024,42,5.168248632748921,51,60,False
CHEMBL241609,2024,42,5.790284701983134,10,60,False
CHEMBL485475,2024,42,5.720489731379918,20,60,False
CHEMBL520144,2024,42,5.516838818245707,30,60,False
CHEMBL491174,2024,42,5.627384320186846,24,60,False
CHEMBL243664,2024,42,5.773378523433403,16,60,False
CHEMBL4539558,2024,42,5.149401344723171,53,60,False
CHEMBL490960,2024,42,5.515740777878534,31,60,False
CHEMBL483428,2024,42,5.695584461712285,21,60,False
CHEMBL489139,2024,42,5.587462112638685,27,60,False
CHEMBL483525,2024,42,5.655367294327923,22,60,False
CHEMBL521470,2024,42,5.465098497947058,36,60,False
CHEMBL242741,2024,42,5.625837034437391,25,60,False
CHEMBL484121,2024,42,5.788435312596579,11,60,False
CHEMBL484321,2024,42,5.788435312596579,12,60,False
CHEMBL521472,2024,42,5.584325245448521,28,60,False
CHEMBL518986,2024,42,5.595202746709187,26,60,False
CHEMBL490266,2024,42,5.788108701792974,13,60,False
CHEMBL490267,2024,42,5.788108701792974,14,60,False
CHEMBL483526,2024,42,5.478956579277756,35,60,False
CHEMBL522082,2024,42,5.499099006414413,33,60,False
CHEMBL490773,2024,42,5.4845465115706125,34,60,False
CHEMBL521184,2024,42,5.6498888387150235,23,60,False
CHEMBL150,2024,42,5.535016984371912,29,60,False
CHEMBL484119,2024,42,5.725161913985297,18,60,False
CHEMBL484316,2024,42,5.725161913985297,19,60,False
CHEMBL490980,2024,42,5.43269462188085,39,60,False
CHEMBL443171,2024,42,5.506373187038633,32,60,False
CHEMBL519982,2024,42,5.43566963652959,38,60,False
CHEMBL28,2024,42,5.437062121987929,37,60,False
CHEMBL2315699,2024,42,5.822792671044668,8,60,False
CHEMBL2315697,2024,42,5.822792671044668,9,60,False
CHEMBL275638,2024,42,5.286806007897412,46,60,False
CHEMBL483830,2024,42,5.301638796594408,42,60,False
CHEMBL2315410,2024,42,5.733013862291972,17,60,False
CHEMBL485258,2024,42,5.360525561571121,41,60,False
CHEMBL519395,2024,42,5.196554670860815,49,60,False
CHEMBL483831,2024,42,5.299792452918159,43,60,False
CHEMBL453504,2024,42,5.210049010912577,48,60,False
CHEMBL485485,2024,42,5.1604300848642985,52,60,False
CHEMBL463054,2024,42,5.210344720504902,47,60,False
CHEMBL2315701,2024,42,5.365000978893704,40,60,False
CHEMBL441343,2024,42,4.955279780493842,57,60,False
CHEMBL2315698,2024,42,5.287177719593048,44,60,False
CHEMBL2315696,2024,42,5.287177719593048,45,60,False
CHEMBL2315409,2024,42,5.170297524849573,50,60,False
CHEMBL489146,2024,42,5.13653159432941,54,60,False
CHEMBL17329,2024,42,5.077572830253177,56,60,False
CHEMBL556684,2024,42,5.125278545838815,55,60,False
CHEMBL483531,2024,42,4.881728622071614,58,60,False
CHEMBL483532,2024,42,4.6696506524086,59,60,False
CHEMBL450484,2024,42,4.122151460382674,60,60,False
CHEMBL2316916,2024,7,6.649611703249125,1,60,False
CHEMBL5614250,2024,7,5.915949194272359,4,60,False
CHEMBL5564149,2024,7,6.125722223917642,2,60,False
CHEMBL13983,2024,7,5.965294066667557,3,60,False
CHEMBL554993,2024,7,5.7305683863163,10,60,False
CHEMBL512054,2024,7,5.846576374636756,5,60,False
CHEMBL131921,2024,7,5.8255011801807965,6,60,False
CHEMBL2315700,2024,7,5.759559980604384,8,60,False
CHEMBL4531006,2024,7,5.228866024683392,51,60,False
CHEMBL241609,2024,7,5.823068642086453,7,60,False
CHEMBL485475,2024,7,5.673769106644172,18,60,False
CHEMBL520144,2024,7,5.434042783716999,36,60,False
CHEMBL491174,2024,7,5.698052430045668,17,60,False
CHEMBL243664,2024,7,5.734400613979268,9,60,False
CHEMBL4539558,2024,7,5.210465960691845,52,60,False
CHEMBL490960,2024,7,5.553982304446453,27,60,False
CHEMBL483428,2024,7,5.640231013387054,21,60,False
CHEMBL489139,2024,7,5.588639993844925,23,60,False
CHEMBL483525,2024,7,5.569828657841679,26,60,False
CHEMBL521470,2024,7,5.513363293594784,28,60,False
CHEMBL242741,2024,7,5.629440260772352,22,60,False
CHEMBL484121,2024,7,5.7008323168754576,15,60,False
CHEMBL484321,2024,7,5.7008323168754576,16,60,False
CHEMBL521472,2024,7,5.583165013504579,24,60,False
CHEMBL518986,2024,7,5.463972303506099,34,60,False
CHEMBL490266,2024,7,5.703790508111318,13,60,False
CHEMBL490267,2024,7,5.703790508111318,14,60,False
CHEMBL483526,2024,7,5.413787312625749,37,60,False
CHEMBL522082,2024,7,5.502925464124906,29,60,False
CHEMBL490773,2024,7,5.491547641315281,33,60,False
CHEMBL521184,2024,7,5.4920646631452765,32,60,False
CHEMBL150,2024,7,5.49501907858727,31,60,False
CHEMBL484119,2024,7,5.667502742608388,19,60,False
CHEMBL484316,2024,7,5.667502742608388,20,60,False
CHEMBL490980,2024,7,5.406974272795627,38,60,False
CHEMBL443171,2024,7,5.50156767798938,30,60,False
CHEMBL519982,2024,7,5.379124913194994,42,60,False
CHEMBL28,2024,7,5.351316899774837,44,60,False
CHEMBL2315699,2024,7,5.717294301112493,11,60,False
CHEMBL2315697,2024,7,5.717294301112493,12,60,False
CHEMBL275638,2024,7,5.269690491421411,47,60,False
CHEMBL483830,2024,7,5.347584254185358,45,60,False
CHEMBL2315410,2024,7,5.581786827325821,25,60,False
CHEMBL485258,2024,7,5.380289289951325,41,60,False
CHEMBL519395,2024,7,5.35293387638198,43,60,False
CHEMBL483831,2024,7,5.286610638655798,46,60,False
CHEMBL453504,2024,7,5.23754411008623,49,60,False
CHEMBL485485,2024,7,5.231088279353248,50,60,False
CHEMBL463054,2024,7,5.2035497024805855,53,60,False
CHEMBL2315701,2024,7,5.460746915817261,35,60,False
CHEMBL441343,2024,7,4.98517703294754,57,60,False
CHEMBL2315698,2024,7,5.3980133574008935,39,60,False
CHEMBL2315696,2024,7,5.3980133574008935,40,60,False
CHEMBL2315409,2024,7,5.238191337029138,48,60,False
CHEMBL489146,2024,7,5.028531105359395,55,60,False
CHEMBL17329,2024,7,5.009390443960825,56,60,False
CHEMBL556684,2024,7,5.137821758106501,54,60,False
CHEMBL483531,2024,7,4.893453557093938,58,60,False
CHEMBL483532,2024,7,4.724572952985763,59,60,False
CHEMBL450484,2024,7,3.9436131938298544,60,60,False
CHEMBL2316916,2024,123,6.6766227433416585,1,60,False
CHEMBL5614250,2024,123,5.930683456261953,7,60,False
CHEMBL5564149,2024,123,6.240069532831338,2,60,False
CHEMBL13983,2024,123,5.848587416807811,12,60,False
CHEMBL554993,2024,123,6.04858850200971,3,60,False
CHEMBL512054,2024,123,6.020553981860479,4,60,False
CHEMBL131921,2024,123,5.73309505256017,17,60,False
CHEMBL2315700,2024,123,5.808690593957901,13,60,False
CHEMBL4531006,2024,123,5.311714927620359,47,60,False
CHEMBL241609,2024,123,5.739208741611904,16,60,False
CHEMBL485475,2024,123,5.745584248701731,15,60,False
CHEMBL520144,2024,123,5.431229566189978,33,60,False
CHEMBL491174,2024,123,5.663779454615381,20,60,False
CHEMBL243664,2024,123,5.751700328357072,14,60,False
CHEMBL4539558,2024,123,5.21531575732761,52,60,False
CHEMBL490960,2024,123,5.429516048113505,34,60,False
CHEMBL483428,2024,123,5.601876715586549,23,60,False
CHEMBL489139,2024,123,5.535909825421342,26,60,False
CHEMBL483525,2024,123,5.59085947082982,25,60,False
CHEMBL521470,2024,123,5.497290645610718,28,60,False
CHEMBL242741,2024,123,5.604407320684857,22,60,False
CHEMBL484121,2024,123,5.977815733750661,5,60,False
CHEMBL484321,2024,123,5.977815733750661,6,60,False
CHEMBL521472,2024,123,5.51872916176584,27,60,False
CHEMBL518986,2024,123,5.460830749670665,30,60,False
CHEMBL490266,2024,123,5.91681923866272,8,60,False
CHEMBL490267,2024,123,5.91681923866272,9,60,False
CHEMBL483526,2024,123,5.452801947195121,31,60,False
CHEMBL522082,2024,123,5.494341423317238,29,60,False
CHEMBL490773,2024,123,5.422556121826172,35,60,False
CHEMBL521184,2024,123,5.592823142387248,24,60,False
CHEMBL150,2024,123,5.41081501666464,37,60,False
CHEMBL484119,2024,123,5.888327307118311,10,60,False
CHEMBL484316,2024,123,5.888327307118311,11,60,False
CHEMBL490980,2024,123,5.346690788745881,41,60,False
CHEMBL443171,2024,123,5.36548509950108,38,60,False
CHEMBL519982,2024,123,5.420972929807624,36,60,False
CHEMBL28,2024,123,5.352669867760404,39,60,False
CHEMBL2315699,2024,123,5.732377715084288,18,60,False
CHEMBL2315697,2024,123,5.732377715084288,19,60,False
CHEMBL275638,2024,123,5.277362367426908,50,60,False
CHEMBL483830,2024,123,5.339235295454661,42,60,False
CHEMBL2315410,2024,123,5.625026249382231,21,60,False
CHEMBL485258,2024,123,5.328624755541483,44,60,False
CHEMBL519395,2024,123,5.348428652059464,40,60,False
CHEMBL483831,2024,123,5.296601878960927,49,60,False
CHEMBL453504,2024,123,5.255629303455353,51,60,False
CHEMBL485485,2024,123,5.3024168888727825,48,60,False
CHEMBL463054,2024,123,5.332423952836839,43,60,False
CHEMBL2315701,2024,123,5.443335758368174,32,60,False
CHEMBL441343,2024,123,5.052179521864111,57,60,False
CHEMBL2315698,2024,123,5.3133160768349965,45,60,False
CHEMBL2315696,2024,123,5.3133160768349965,46,60,False
CHEMBL2315409,2024,123,5.199202990293504,54,60,False
CHEMBL489146,2024,123,5.1127938694424095,56,60,False
CHEMBL17329,2024,123,5.139795129299164,55,60,False
CHEMBL556684,2024,123,5.201199207722195,53,60,False
CHEMBL483531,2024,123,4.963080482488587,58,60,False
CHEMBL483532,2024,123,4.760839581489563,59,60,False
CHEMBL450484,2024,123,4.110188924206628,60,60,False
CHEMBL2316916,2024,2024,6.687770200354342,1,60,False
CHEMBL5614250,2024,2024,6.160977349678675,3,60,False
CHEMBL5564149,2024,2024,6.288732999165853,2,60,False
CHEMBL13983,2024,2024,5.946110092401504,5,60,False
CHEMBL554993,2024,2024,5.843584971030553,9,60,False
CHEMBL512054,2024,2024,5.960700177815225,4,60,False
CHEMBL131921,2024,2024,5.814399106303851,12,60,False
CHEMBL2315700,2024,2024,5.801611329714457,13,60,False
CHEMBL4531006,2024,2024,5.405685474872589,37,60,False
CHEMBL241609,2024,2024,5.779675005958194,16,60,False
CHEMBL485475,2024,2024,5.734539537827174,17,60,False
CHEMBL520144,2024,2024,5.447684331185374,35,60,False
CHEMBL491174,2024,2024,5.70209938691722,19,60,False
CHEMBL243664,2024,2024,5.9106130417559966,6,60,False
CHEMBL4539558,2024,2024,5.378920963605245,39,60,False
CHEMBL490960,2024,2024,5.5135020893098305,30,60,False
CHEMBL483428,2024,2024,5.712470064466804,18,60,False
CHEMBL489139,2024,2024,5.572647172335176,27,60,False
CHEMBL483525,2024,2024,5.6631614861266435,22,60,False
CHEMBL521470,2024,2024,5.319094527694913,43,60,False
CHEMBL242741,2024,2024,5.6274279832599134,24,60,False
CHEMBL484121,2024,2024,5.858158544699351,7,60,False
CHEMBL484321,2024,2024,5.858158544699351,8,60,False
CHEMBL521472,2024,2024,5.559745812146007,28,60,False
CHEMBL518986,2024,2024,5.605647985537847,25,60,False
CHEMBL490266,2024,2024,5.794207646846771,14,60,False
CHEMBL490267,2024,2024,5.794207646846771,15,60,False
CHEMBL483526,2024,2024,5.498593913983301,31,60,False
CHEMBL522082,2024,2024,5.456738631282031,34,60,False
CHEMBL490773,2024,2024,5.395930312529615,38,60,False
CHEMBL521184,2024,2024,5.656019443273545,23,60,False
CHEMBL150,2024,2024,5.514970049725639,29,60,False
CHEMBL484119,2024,2024,5.824458821349674,10,60,False
CHEMBL484316,2024,2024,5.824458821349674,11,60,False
CHEMBL490980,2024,2024,5.437170672038245,36,60,False
CHEMBL443171,2024,2024,5.470700314461239,33,60,False
CHEMBL519982,2024,2024,5.373234818317157,40,60,False
CHEMBL28,2024,2024,5.484885029181753,32,60,False
CHEMBL2315699,2024,2024,5.672073528660668,20,60,False
CHEMBL2315697,2024,2024,5.672073528660668,21,60,False
CHEMBL275638,2024,2024,5.322647119144208,42,60,False
CHEMBL483830,2024,2024,5.288736986138604,46,60,False
CHEMBL2315410,2024,2024,5.5779478114446,26,60,False
CHEMBL485258,2024,2024,5.304817057927449,44,60,False
CHEMBL519395,2024,2024,5.289653457235067,45,60,False
CHEMBL483831,2024,2024,5.2494615368966935,52,60,False
CHEMBL453504,2024,2024,5.257565428415934,51,60,False
CHEMBL485485,2024,2024,5.273465093771617,47,60,False
CHEMBL463054,2024,2024,5.269539015359348,48,60,False
CHEMBL2315701,2024,2024,5.343893906964197,41,60,False
CHEMBL441343,2024,2024,5.068708130735339,56,60,False
CHEMBL2315698,2024,2024,5.265854503737555,49,60,False
CHEMBL2315696,2024,2024,5.265854503737555,50,60,False
CHEMBL2315409,2024,2024,5.149911541038089,54,60,False
CHEMBL489146,2024,2024,5.055223329332139,57,60,False
CHEMBL17329,2024,2024,5.085386003918118,55,60,False
CHEMBL556684,2024,2024,5.21127254890071,53,60,False
CHEMBL483531,2024,2024,4.907117169927329,58,60,False
CHEMBL483532,2024,2024,4.608805557886759,59,60,False
CHEMBL450484,2024,2024,4.019948375489976,60,60,False
CHEMBL2316916,2024,777,6.798410888910293,1,60,False
CHEMBL5614250,2024,777,5.985361486275991,3,60,False
CHEMBL5564149,2024,777,6.2577632943789165,2,60,False
CHEMBL13983,2024,777,5.86141787317064,7,60,False
CHEMBL554993,2024,777,5.891054832273059,5,60,False
CHEMBL512054,2024,777,5.9666180044545065,4,60,False
CHEMBL131921,2024,777,5.809538525793287,13,60,False
CHEMBL2315700,2024,777,5.875173654556274,6,60,False
CHEMBL4531006,2024,777,5.286728157732222,48,60,False
CHEMBL241609,2024,777,5.780249843120575,14,60,False
CHEMBL485475,2024,777,5.677557587195666,19,60,False
CHEMBL520144,2024,777,5.495013755520525,31,60,False
CHEMBL491174,2024,777,5.697159204141488,18,60,False
CHEMBL243664,2024,777,5.855616680811719,8,60,False
CHEMBL4539558,2024,777,5.288686070177291,47,60,False
CHEMBL490960,2024,777,5.46156712636445,33,60,False
CHEMBL483428,2024,777,5.614581722808236,24,60,False
CHEMBL489139,2024,777,5.535744351146567,28,60,False
CHEMBL483525,2024,777,5.631141931218154,21,60,False
CHEMBL521470,2024,777,5.6073973262839845,25,60,False
CHEMBL242741,2024,777,5.6727015610041,20,60,False
CHEMBL484121,2024,777,5.855425723685158,9,60,False
CHEMBL484321,2024,777,5.855425723685158,10,60,False
CHEMBL521472,2024,777,5.538147026216882,27,60,False
CHEMBL518986,2024,777,5.518183128595352,29,60,False
CHEMBL490266,2024,777,5.7265025912655725,15,60,False
CHEMBL490267,2024,777,5.7265025912655725,16,60,False
CHEMBL483526,2024,777,5.499742300603464,30,60,False
CHEMBL522082,2024,777,5.460737345260804,34,60,False
CHEMBL490773,2024,777,5.423339320181133,39,60,False
CHEMBL521184,2024,777,5.699992830912272,17,60,False
CHEMBL150,2024,777,5.4319758560490605,37,60,False
CHEMBL484119,2024,777,5.811803183317184,11,60,False
CHEMBL484316,2024,777,5.811803183317184,12,60,False
CHEMBL490980,2024,777,5.3992598531117135,40,60,False
CHEMBL443171,2024,777,5.42516551305979,38,60,False
CHEMBL519982,2024,777,5.466722963664606,32,60,False
CHEMBL28,2024,777,5.4431638476448905,36,60,False
CHEMBL2315699,2024,777,5.6283378578292,22,60,False
CHEMBL2315697,2024,777,5.6283378578292,23,60,False
CHEMBL275638,2024,777,5.253001506792174,51,60,False
CHEMBL483830,2024,777,5.3174972013632456,44,60,False
CHEMBL2315410,2024,777,5.596957731485367,26,60,False
CHEMBL485258,2024,777,5.314333230654398,45,60,False
CHEMBL519395,2024,777,5.448178293720238,35,60,False
CHEMBL483831,2024,777,5.221528556346893,52,60,False
CHEMBL453504,2024,777,5.281853632926941,50,60,False
CHEMBL485485,2024,777,5.289551091988882,46,60,False
CHEMBL463054,2024,777,5.216850148545371,53,60,False
CHEMBL2315701,2024,777,5.373302581628163,41,60,False
CHEMBL441343,2024,777,4.939250266154607,57,60,False
CHEMBL2315698,2024,777,5.366337844318813,42,60,False
CHEMBL2315696,2024,777,5.366337844318813,43,60,False
CHEMBL2315409,2024,777,5.284218291044235,49,60,False
CHEMBL489146,2024,777,5.088699051141739,55,60,False
CHEMBL17329,2024,777,4.983394077371669,56,60,False
CHEMBL556684,2024,777,5.135233035114076,54,60,False
CHEMBL483531,2024,777,4.841157204166406,58,60,False
CHEMBL483532,2024,777,4.69374607928594,59,60,False
CHEMBL450484,2024,777,4.18267249557707,60,60,False
