compound_name_or_id,canonical_smiles,experimental_pIC50,predicted_pIC50,rank,percentile,known_positive,max_train_tanimoto,exact_training_match,same_scaffold_present_in_training,murcko_scaffold
CHEMBL3092297,O=C(Nc1cc2c(Nc3ccc(F)c(Cl)c3)ncnc2cc1O[C@H]1CCOC1)N1CCC(F)CC1,5.947248935699463,8.173569518195258,1,0.21052631578947367,False,0.5822784810126582,False,False,O=C(Nc1cc2c(Nc3ccccc3)ncnc2cc1OC1CCOC1)N1CCCCC1
CHEMBL5972723,COCC(Nc1c(C#N)cnc2c(Cl)cc(N[C@H](C3=CN(C(C)C)NN3)c3cccnc3)cc12)c1ccccc1,5.06991720199585,8.109352978335485,2,0.42105263157894735,False,0.6976744186046512,False,False,C1=C(C(Nc2ccc3nccc(NCc4ccccc4)c3c2)c2cccnc2)NNN1
afatinib (CHEMBL1173655),CN(C)C/C=C/C(=O)Nc1cc2c(Nc3ccc(F)c(Cl)c3)ncnc2cc1O[C@H]1CCOC1,8.979303359985352,8.08712223686112,3,0.631578947368421,True,0.5978260869565217,False,False,c1ccc(Nc2ncnc3cc(OC4CCOC4)ccc23)cc1
CHEMBL3092298,O=C(Nc1cc2c(Nc3ccc(F)c(Cl)c3)ncnc2cc1O[C@H]1CCOC1)N1CCC(F)(F)CC1,5.67041540145874,8.023449449539184,4,0.8421052631578947,False,0.5542168674698795,False,False,O=C(Nc1cc2c(Nc3ccccc3)ncnc2cc1OC1CCOC1)N1CCCCC1
CHEMBL3092299,O=C(Nc1cc2c(Nc3ccc(F)c(Cl)c3)ncnc2cc1O[C@H]1CCOC1)N1CCCC(F)(F)C1,5.888428211212158,8.009086828761632,5,1.0526315789473684,False,0.5287356321839081,False,False,O=C(Nc1cc2c(Nc3ccccc3)ncnc2cc1OC1CCOC1)N1CCCCC1
CHEMBL5868329,COCC(Nc1c(C#N)cnc2c(Cl)cc(N[C@H](C3=CNNN3)c3cccnc3)cc12)c1ccccc1,5.159705638885498,7.913430289824803,6,1.263157894736842,False,0.7307692307692307,False,False,C1=C(C(Nc2ccc3nccc(NCc4ccccc4)c3c2)c2cccnc2)NNN1
CHEMBL1097368,c1ccc(CCc2cc3c(Nc4ccc5[nH]ccc5c4)ncnc3[nH]2)cc1,4.251037120819092,7.80001316801707,7,1.4736842105263157,False,0.543859649122807,False,False,c1ccc(CCc2cc3c(Nc4ccc5[nH]ccc5c4)ncnc3[nH]2)cc1
CHEMBL182397,COc1cc2ncnc(Nc3cccc(NC(=O)c4ccccc4)c3F)c2cc1OC,5.552842140197754,7.792323558621937,8,1.6842105263157894,False,0.5492957746478874,False,False,O=C(Nc1cccc(Nc2ncnc3ccccc23)c1)c1ccccc1
CHEMBL5760794,Cc1ncccc1[C@H](Nc1cc(Cl)c2ncc(C#N)c(NC(CO)c3ccccc3)c2c1)C1=CNNN1,5.3517374992370605,7.772509991645813,9,1.894736842105263,False,0.725,False,False,C1=C(C(Nc2ccc3nccc(NCc4ccccc4)c3c2)c2cccnc2)NNN1
erlotinib (CHEMBL553),C#Cc1cccc(Nc2ncnc3cc(OCCOC)c(OCCOC)cc23)c1,7.522878646850586,7.733960286140443,10,2.1052631578947367,True,0.5972222222222222,False,False,c1ccc(Nc2ncnc3ccccc23)cc1
CHEMBL3233761,CN(C)CCCC(=O)Nc1cc2c(Nc3ccc(F)c(Cl)c3)ncnc2s1,5.92072868347168,7.674240415361193,11,2.3157894736842106,False,0.5921052631578947,False,False,c1ccc(Nc2ncnc3sccc23)cc1
CHEMBL3233768,C/C=C(\C)C(=O)Nc1cc2c(Nc3ccc(F)c(Cl)c3)ncnc2s1,5.19287109375,7.650973027812109,12,2.526315789473684,False,0.5972222222222222,False,False,c1ccc(Nc2ncnc3sccc23)cc1
CHEMBL2048792,O=C1Cc2ccc(Oc3ccc(Nc4ncnc5ccn(CCO)c45)cc3Cl)cc2N1,5.638272285461426,7.644145184093053,13,2.736842105263158,False,0.7333333333333333,False,False,O=C1Cc2ccc(Oc3ccc(Nc4ncnc5cc[nH]c45)cc3)cc2N1
CHEMBL65848,Cc1cc(C(=O)N2CCOCC2)[nH]c1/C=C1\C(=O)Nc2ncnc(Nc3ccc4c(c3)CCC4)c21,5.850780963897705,7.611158056577047,14,2.9473684210526314,False,0.759493670886076,False,False,O=C1Nc2ncnc(Nc3ccc4c(c3)CCC4)c2C1=Cc1ccc(C(=O)N2CCOCC2)[nH]1
gefitinib (CHEMBL939),COc1cc2ncnc(Nc3ccc(F)c(Cl)c3)c2cc1OCCCN1CCOCC1,7.638272285461426,7.60964113940133,15,3.1578947368421053,True,0.5975609756097561,False,False,c1ccc(Nc2ncnc3ccc(OCCCN4CCOCC4)cc23)cc1
CHEMBL3233769,C=CCOC(=O)Nc1cc2c(Nc3ccc(F)c(Cl)c3)ncnc2s1,5.376414775848389,7.605421081225077,16,3.3684210526315788,False,0.5866666666666667,False,False,c1ccc(Nc2ncnc3sccc23)cc1
CHEMBL3233763,CN(C)CCCN(C)CC(=O)Nc1cc2c(Nc3ccc(F)c(Cl)c3)ncnc2s1,5.525984764099121,7.597234006563822,17,3.5789473684210527,False,0.569620253164557,False,False,c1ccc(Nc2ncnc3sccc23)cc1
CHEMBL3416590,COc1ccccc1-c1cc2c(N[C@@H](C)c3ccccc3)ncnc2s1,5.730486869812012,7.5826014926698475,18,3.789473684210526,False,0.7592592592592593,False,False,c1ccc(CNc2ncnc3sc(-c4ccccc4)cc23)cc1
lapatinib (CHEMBL554),CS(=O)(=O)CCNCc1ccc(-c2ccc3ncnc(Nc4ccc(OCc5cccc(F)c5)c(Cl)c4)c3c2)o1,7.966576099395752,7.575628547668457,19,4.0,True,0.5955056179775281,False,False,c1ccc(COc2ccc(Nc3ncnc4ccc(-c5ccco5)cc34)cc2)cc1
CHEMBL443268,Cc1cc(C(=O)NCCN2CCOCC2)[nH]c1/C=C1\C(=O)N(C)c2ncnc(Nc3ccc(F)c(Cl)c3)c21,5.274905681610107,7.57161065949334,20,4.2105263157894735,False,0.6222222222222222,False,False,O=C1Nc2ncnc(Nc3ccccc3)c2C1=Cc1ccc(C(=O)NCCN2CCOCC2)[nH]1
CHEMBL138691,C=CC(=O)N(CCN(C)C)c1cc2c(Nc3cccc(Br)c3)ncnc2cn1,5.641684532165527,7.56210280140241,21,4.421052631578948,False,0.6,False,False,c1ccc(Nc2ncnc3cnccc23)cc1
CHEMBL5415774,CCNS(=O)(=O)c1cnc(Nc2ccnc(-c3cnn(S(=O)(=O)C4CC4)c3)n2)cc1N[C@@H](C)CC,5.312025547027588,7.553445281293657,22,4.631578947368421,False,0.6746987951807228,False,False,O=S(=O)(C1CC1)n1cc(-c2nccc(Nc3ccccn3)n2)cn1
CHEMBL3233762,CN(C)CCN(C)CC(=O)Nc1cc2c(Nc3ccc(F)c(Cl)c3)ncnc2s1,5.367948055267334,7.550949432690937,23,4.842105263157895,False,0.5844155844155844,False,False,c1ccc(Nc2ncnc3sccc23)cc1
CHEMBL3628791,Fc1ccc(Nc2ncnc3sccc23)cc1Cl,5.525783538818359,7.543907126718098,24,5.052631578947368,False,0.5370370370370371,False,False,c1ccc(Nc2ncnc3sccc23)cc1
CHEMBL3233765,CN1CCN(CC(=O)Nc2cc3c(Nc4ccc(F)c(Cl)c4)ncnc3s2)CC1,5.468648910522461,7.5399878535005795,25,5.2631578947368425,False,0.7571428571428571,False,False,O=C(CN1CCNCC1)Nc1cc2c(Nc3ccccc3)ncnc2s1
CHEMBL3133754,COc1cc2ncnc(Nc3cccc(NC(=O)Nc4cccc(C)c4)c3)c2cc1OCCCN1CCOCC1,5.628931999206543,7.511000091764662,26,5.473684210526316,False,0.7341772151898734,False,False,O=C(Nc1ccccc1)Nc1cccc(Nc2ncnc3ccc(OCCCN4CCOCC4)cc23)c1
CHEMBL3233759,COC(=O)CC(=O)Nc1cc2c(Nc3ccc(F)c(Cl)c3)ncnc2s1,5.301290512084961,7.482554578092362,27,5.684210526315789,False,0.625,False,False,c1ccc(Nc2ncnc3sccc23)cc1
CHEMBL5281446,CC(C)c1nn(C(C)C)c2cc(Nc3ccnc(-c4cnn(S(=O)(=O)C5CC5)c4)n3)ncc12,5.619788646697998,7.445653757837084,28,5.894736842105263,False,0.7534246575342466,False,False,O=S(=O)(C1CC1)n1cc(-c2nccc(Nc3cc4[nH]ncc4cn3)n2)cn1
CHEMBL1643976,C=CC(=O)Nc1cccc(Oc2nc(Nc3ccc(N4CCN(C)CC4)cc3)ncc2Cl)c1,5.739928722381592,7.440773375829061,29,6.105263157894737,False,0.7012987012987013,False,False,c1ccc(Oc2ccnc(Nc3ccc(N4CCNCC4)cc3)n2)cc1
CHEMBL3133894,C=CC(=O)Nc1ccc2ncnc(NC3CCCCC3)c2c1,5.510681629180908,7.421964569224253,30,6.315789473684211,False,0.559322033898305,False,False,c1ccc2c(NC3CCCCC3)ncnc2c1
CHEMBL3612571,COCCn1c(=O)oc2cc3ncnc(Nc4ccc(OCc5ccc(Cl)cc5)c(Cl)c4)c3cc21,5.886056423187256,7.361568173593945,31,6.526315789473684,False,0.7402597402597403,False,False,O=c1[nH]c2cc3c(Nc4ccc(OCc5ccccc5)cc4)ncnc3cc2o1
CHEMBL3397275,Clc1cc(Nc2ncnc3ccc(NC4=NC[C@H](COc5ccccc5)O4)cc23)ccc1OCc1nccs1,5.917214393615723,7.340028705729378,32,6.7368421052631575,False,0.45454545454545453,False,False,c1ccc(OCC2CN=C(Nc3ccc4ncnc(Nc5ccc(OCc6nccs6)cc5)c4c3)O2)cc1
CHEMBL4447289,C=CC(=O)Nc1cccc(-c2noc3ncnc(N[C@H](CO)c4ccccc4)c23)c1,5.857850551605225,7.211140721495189,33,6.947368421052632,False,0.7246376811594203,False,False,c1ccc(CNc2ncnc3onc(-c4ccccc4)c23)cc1
CHEMBL186747,COc1cc2ncnc(Nc3ccc(C)c(NC(=O)c4ccccc4)c3)c2cc1OC,5.494850158691406,7.2051803076267245,34,7.157894736842105,False,0.6,False,False,O=C(Nc1cccc(Nc2ncnc3ccccc23)c1)c1ccccc1
CHEMBL3612574,CCOC(=O)CCCn1c(=O)oc2cc3ncnc(Nc4ccc(F)c(Cl)c4)c3cc21,5.107905387878418,7.20385445131196,35,7.368421052631579,False,0.7088607594936709,False,False,O=c1[nH]c2cc3c(Nc4ccccc4)ncnc3cc2o1
CHEMBL473141,CCOc1cc2nccc(Nc3cccc(Br)c3)c2cc1NC(=O)/C=C/CN1CCOCC1,4.986320495605469,7.192846234480539,36,7.578947368421052,False,0.5679012345679012,False,False,O=C(C=CCN1CCOCC1)Nc1ccc2nccc(Nc3ccccc3)c2c1
CHEMBL472743,COc1cc(NC(=O)/C=C/CN2CCOCC2)cc2c(Nc3cccc(Br)c3)ccnc12,5.268411159515381,7.188647655910916,37,7.7894736842105265,False,0.6153846153846154,False,False,O=C(C=CCN1CCOCC1)Nc1ccc2nccc(Nc3ccccc3)c2c1
CHEMBL3671567,C=CC(=O)Nc1cc2c(Nc3ccc(Br)cc3F)ncnc2cc1OCCNC(=O)C1CCCN1,5.709075450897217,7.187400463422139,38,8.0,False,0.8026315789473685,False,False,O=C(NCCOc1ccc2c(Nc3ccccc3)ncnc2c1)C1CCCN1
CHEMBL360209,COc1cc2ncnc(Nc3ccc(Cl)c(NC(=O)c4ccccc4)c3)c2cc1OC,5.6575775146484375,7.172937300205231,39,8.210526315789474,False,0.6029411764705882,False,False,O=C(Nc1cccc(Nc2ncnc3ccccc23)c1)c1ccccc1
CHEMBL197525,COc1ccc(Nc2ncnc3cccc(OC4CCN(C)CC4)c23)cc1Cl,5.744727611541748,7.142570349242953,40,8.421052631578947,False,0.7846153846153846,False,False,c1ccc(Nc2ncnc3cccc(OC4CCNCC4)c23)cc1
CHEMBL5196064,COc1cc2ncnc3c2cc1OCCCCCCOc1cc(Cl)ccc1N3,4.197180271148682,7.127800471566974,41,8.631578947368421,False,0.8490566037735849,False,False,c1ccc2c(c1)Nc1ncnc3ccc(cc13)OCCCCCCO2
CHEMBL398963,Fc1ccc(Nc2ncnc3ccc(C#Cc4cccs4)cc23)cc1Cl,5.784997463226318,7.109209755394195,42,8.842105263157896,False,0.7592592592592593,False,False,C(#Cc1cccs1)c1ccc2ncnc(Nc3ccccc3)c2c1
CHEMBL4784185,N#Cc1ccc(Nc2ncnc3cc(OCCCN4CCOCC4)c(NC(=O)c4cc([N+](=O)[O-])ccc4F)cc23)cc1Cl,5.6487836837768555,7.072866217295329,43,9.052631578947368,False,0.8085106382978723,False,False,O=C(Nc1cc2c(Nc3ccccc3)ncnc2cc1OCCCN1CCOCC1)c1ccccc1
CHEMBL4210237,C=CC(=O)Nc1ccccc1Oc1nc(Nc2ccc(N3CCN(C)CC3)cc2OC)ncc1Cl,5.074687957763672,7.062005545563167,44,9.263157894736842,False,0.7037037037037037,False,False,c1ccc(Oc2ccnc(Nc3ccc(N4CCNCC4)cc3)n2)cc1
CHEMBL3234743,Cc1ccc(C(=O)Nc2ccc(CN3CCN(C)CC3)c(C(F)(F)F)c2)cc1NC(=O)c1ccc(O)nc1,5.876148223876953,7.056255489985148,45,9.473684210526315,False,0.8208955223880597,False,False,O=C(Nc1cccc(C(=O)Nc2ccc(CN3CCNCC3)cc2)c1)c1cccnc1
CHEMBL187007,COc1cc2ncnc(Nc3cc(NC(=O)c4cccc(N(C)C)c4)ccc3Cl)c2cc1OC,4.537601947784424,7.054938896497091,46,9.68421052631579,False,0.524390243902439,False,False,O=C(Nc1cccc(Nc2ncnc3ccccc23)c1)c1ccccc1
CHEMBL185327,COc1cc2ncnc(Nc3cc(NC(=O)c4ccccc4)ccc3Cl)c2cc1OC,4.958607196807861,7.052652468681336,47,9.894736842105264,False,0.6029411764705882,False,False,O=C(Nc1cccc(Nc2ncnc3ccccc23)c1)c1ccccc1
CHEMBL184311,Cc1ccc2c(Nc3ccc(F)c(Cl)c3)ncnn12,5.48811674118042,7.015288555410174,48,10.105263157894736,False,0.4827586206896552,False,False,c1ccc(Nc2ncnn3cccc23)cc1
CHEMBL5429263,C=CC(=O)Nc1cc(-c2ccccc2)ccn1,4.494850158691406,7.0080532439549765,49,10.31578947368421,False,0.5918367346938775,False,False,c1ccc(-c2ccncc2)cc1
CHEMBL3740614,C=CC(=O)Nc1cccc(Nc2nc(N/N=C/c3ccc(F)cc3F)ncc2Cl)c1,4.936666488647461,6.995214994748434,50,10.526315789473685,False,0.5757575757575758,False,False,C(=NNc1nccc(Nc2ccccc2)n1)c1ccccc1
CHEMBL4213082,C=CC(=O)Nc1ccc(Oc2nc(Nc3ccc(N4CCN(C)CC4)cc3OC)ncc2Cl)cc1,5.549750804901123,6.982130211194356,51,10.736842105263158,False,0.7307692307692307,False,False,c1ccc(Oc2ccnc(Nc3ccc(N4CCNCC4)cc3)n2)cc1
CHEMBL4292715,Cc1oc2ncnc(Nc3cccc(Cl)c3)c2c1C(=O)NCCO,5.568636417388916,6.973236556053162,52,10.947368421052632,False,0.4868421052631579,False,False,c1ccc(Nc2ncnc3occc23)cc1
CHEMBL5815780,C=CC(=O)N1CCOc2ccc(Nc3ncc(F)c(Nc4cccc(Cl)c4)n3)cc21,5.978810787200928,6.947657160758972,53,11.157894736842104,False,0.7222222222222222,False,False,c1ccc(Nc2ccnc(Nc3ccc4c(c3)NCCO4)n2)cc1
CHEMBL3739812,C=CC(=O)Nc1cccc(Nc2nc(N/N=C/c3ccccc3F)ncc2Cl)c1,5.718966484069824,6.937503692309062,54,11.368421052631579,False,0.5873015873015873,False,False,C(=NNc1nccc(Nc2ccccc2)n1)c1ccccc1
CHEMBL3234740,Cc1ccc(C(=O)Nc2ccc(CN3CCN(C)CC3)c(C(F)(F)F)c2)cc1NC(=O)c1cnccn1,5.408935546875,6.9361645730336505,55,11.578947368421053,False,0.8382352941176471,False,False,O=C(Nc1ccc(CN2CCNCC2)cc1)c1cccc(NC(=O)c2cnccn2)c1
CHEMBL248220,COc1cc2ncc(C#N)c(N[C@@H]3C[C@H]3c3ccccc3)c2cc1OCc1ccccc1,5.7931742668151855,6.921158607040134,56,11.789473684210526,False,0.7536231884057971,False,False,c1ccc(COc2ccc3nccc(NC4CC4c4ccccc4)c3c2)cc1
CHEMBL186802,COc1cc2ncnc(Nc3cccc(NC(=O)c4ccccc4)c3)c2cc1OC,5.251811981201172,6.921055673758189,57,12.0,False,0.6730769230769231,False,False,O=C(Nc1cccc(Nc2ncnc3ccccc23)c1)c1ccccc1
CHEMBL4094527,C=CC(=O)N1CCC[C@@H](n2ncc3c(N)ncnc32)C1,5.698969841003418,6.898771903461881,58,12.210526315789474,False,0.6031746031746031,False,False,c1ncc2cnn(C3CCCNC3)c2n1
CHEMBL5860263,C=CC(=O)Nc1cccc(Nc2nc(Nc3ccc4c(c3)N(C(=O)OC(C)(C)C)CCO4)ncc2F)c1,5.6192240715026855,6.894570904837713,59,12.421052631578947,False,0.6447368421052632,False,False,c1ccc(Nc2ccnc(Nc3ccc4c(c3)NCCO4)n2)cc1
CHEMBL3910361,C#Cc1cccc(Nc2ncnc3cc4oc(=O)n(CCOC(=O)CBr)c4cc23)c1,5.28399658203125,6.892560291290283,60,12.631578947368421,False,0.6538461538461539,False,False,O=c1[nH]c2cc3c(Nc4ccccc4)ncnc3cc2o1
CHEMBL5845962,C=C(C)C(=O)N1CCC[C@@H](n2nc(C(=O)Nc3nc4cc(F)ccc4o3)c3c(N)ncnc32)C1,5.887730121612549,6.891544485833908,61,12.842105263157896,False,0.7407407407407407,False,False,O=C(Nc1nc2ccccc2o1)c1nn(C2CCCNC2)c2ncncc12
CHEMBL3915538,Nc1ncnc2c1c(-c1ccc(Oc3ccccc3)cc1)nn2C[C@@H]1CCCN1C(=O)/C=C/CN1CCOCC1,5.204954624176025,6.8801938633010495,62,13.052631578947368,False,0.759493670886076,False,False,O=C(C=CCN1CCOCC1)N1CCCC1Cn1nc(-c2ccc(Oc3ccccc3)cc2)c2cncnc21
CHEMBL3604919,C=CC(=O)Nc1cccc(-c2nccc(Nc3cc(C)[nH]n3)n2)c1,5.577450752258301,6.879074324568113,63,13.263157894736842,False,0.5,False,False,c1ccc(-c2nccc(Nc3cc[nH]n3)n2)cc1
CHEMBL1683957,Cc1c(Nc2ccc(OCc3cccc(F)c3)c(Cl)c2)ncnc1-c1ccccc1,4.698969841003418,6.879053521527185,64,13.473684210526315,False,0.6666666666666666,False,False,c1ccc(COc2ccc(Nc3cc(-c4ccccc4)ncn3)cc2)cc1
CHEMBL3741796,C=CC(=O)Nc1cccc(Nc2nc(N/N=C(\C)c3ccc(C)cc3)ncc2Cl)c1,5.246417045593262,6.878721559842427,65,13.68421052631579,False,0.6268656716417911,False,False,C(=NNc1nccc(Nc2ccccc2)n1)c1ccccc1
CHEMBL3740257,C=CC(=O)Nc1cccc(Nc2nc(N/N=C(\C)c3ccc(F)cc3F)ncc2Cl)c1,5.286968231201172,6.862224578857422,66,13.894736842105264,False,0.5694444444444444,False,False,C(=NNc1nccc(Nc2ccccc2)n1)c1ccccc1
CHEMBL3608432,C=CC(=O)N[C@@H]1CN(c2nc(Nc3cn(C)nc3C)c3ncn(C(C)C)c3n2)C[C@H]1F,5.672232627868652,6.857344115257265,67,14.105263157894736,False,0.5180722891566265,False,False,c1nc2c(Nc3cn[nH]c3)nc(N3CCCC3)nc2[nH]1
CHEMBL3814940,Fc1cccc(COc2ccc(Nc3ncnc4ccc(NC(=S)NCCN5CCCCC5)cc34)cc2Cl)c1,5.75448751449585,6.853712895711263,68,14.31578947368421,False,0.868421052631579,False,False,S=C(NCCN1CCCCC1)Nc1ccc2ncnc(Nc3ccc(OCc4ccccc4)cc3)c2c1
CHEMBL4062617,C=CC(=O)NCc1cccc(-c2nc(C3CC3)c(-c3ccnc4[nH]c(-c5ccccc5)cc34)[nH]2)c1,5.176817893981934,6.8490247195738325,69,14.526315789473685,False,0.7432432432432432,False,False,c1ccc(-c2cc3c(-c4[nH]c(-c5ccccc5)nc4C4CC4)ccnc3[nH]2)cc1
CHEMBL379017,COc1cc(OC2CCN(S(C)(=O)=O)CC2)c2c(Nc3ccc(F)c(Cl)c3)ncnc2c1,5.017683506011963,6.8406903662681575,70,14.736842105263158,False,0.7352941176470589,False,False,c1ccc(Nc2ncnc3cccc(OC4CCNCC4)c23)cc1
CHEMBL1256432,CN1CCN([C@H]2CC[C@H](n3nc(-c4ccc(Nc5nc6cccc(Cl)c6o5)c(F)c4)c4c(N)ncnc43)CC2)CC1,5.540607452392578,6.837957339021895,71,14.947368421052632,False,0.46938775510204084,False,False,c1ccc2oc(Nc3ccc(-c4nn(C5CCC(N6CCNCC6)CC5)c5ncncc45)cc3)nc2c1
CHEMBL3612572,COCCn1c(=O)oc2cc3ncnc(Nc4ccc(OC)c(OC)c4)c3cc21,5.259637355804443,6.832178629848692,72,15.157894736842104,False,0.6,False,False,O=c1[nH]c2cc3c(Nc4ccccc4)ncnc3cc2o1
CHEMBL3741245,C=CC(=O)Nc1cccc(Nc2nc(N/N=C(\C)c3ccc(F)cc3)ncc2Cl)c1,5.774690628051758,6.822770800590515,73,15.368421052631579,False,0.5974025974025974,False,False,C(=NNc1nccc(Nc2ccccc2)n1)c1ccccc1
CHEMBL116012,CCOc1cc2ncc(C#N)c(Nc3cccc(Br)c3)c2cc1NC(=O)/C=C/CN1CCOCC1,4.986320495605469,6.8208592383066815,74,15.578947368421053,False,0.7407407407407407,False,False,O=C(C=CCN1CCOCC1)Nc1ccc2nccc(Nc3ccccc3)c2c1
CHEMBL5436057,CN(C)C/C=C/C(=O)Nc1cccc(-c2c(-c3ccccc3)oc3ncnc(NCCO)c23)c1,5.945393085479736,6.798707309563954,75,15.789473684210526,False,0.7567567567567568,False,False,c1ccc(-c2oc3ncncc3c2-c2ccccc2)cc1
CHEMBL2426284,C=CC(=O)N1CCc2cc(OC)c(Nc3ncc(Cl)c(-c4c[nH]c5ccccc45)n3)cc21,5.615311145782471,6.797294959651099,76,16.0,False,0.6904761904761905,False,False,c1ccc2c(-c3ccnc(Nc4ccc5c(c4)NCC5)n3)c[nH]c2c1
CHEMBL98798,COc1cc2ncnc(Oc3cccc(Br)c3)c2cc1OC,5.1191864013671875,6.795223003625869,77,16.210526315789473,False,0.5,False,False,c1ccc(Oc2ncnc3ccccc23)cc1
CHEMBL5941761,C=CC(=O)Nc1cccc(Nc2nc(NCc3ccc(OC)cc3)ncc2F)c1,5.6192240715026855,6.787647947735256,78,16.42105263157895,False,0.6818181818181818,False,False,c1ccc(CNc2nccc(Nc3ccccc3)n2)cc1
CHEMBL3133893,C=CC(=O)Nc1ccc2ncnc(Nc3ccc(S(=O)(=O)Nc4ccccn4)cc3)c2c1,5.183154582977295,6.7824822012583414,79,16.63157894736842,False,0.7076923076923077,False,False,O=S(=O)(Nc1ccccn1)c1ccc(Nc2ncnc3ccccc23)cc1
CHEMBL2437461,C=CC(=O)Nc1ccc(-n2c(=O)cnc3cnc(Nc4ccc(N5CCN(C)CC5)cc4)nc32)cc1,5.9291181564331055,6.7600191780726115,80,16.842105263157894,False,0.8225806451612904,False,False,O=c1cnc2cnc(Nc3ccc(N4CCNCC4)cc3)nc2n1-c1ccccc1
CHEMBL311111,Cc1cc2cc(Nc3ccnc4cc(-c5ccc(CN6CCOCC6)cc5)sc34)ccc2[nH]1,5.903090000152588,6.759273020426432,81,17.05263157894737,False,0.6753246753246753,False,False,c1cc(Nc2ccc3[nH]ccc3c2)c2sc(-c3ccc(CN4CCOCC4)cc3)cc2n1
CHEMBL4071494,Oc1ccc(-c2nc(-c3ccco3)c(-c3ccnc4[nH]c(-c5ccccc5)cc34)[nH]2)cc1,5.683114528656006,6.753358098665873,82,17.263157894736842,False,0.7962962962962963,False,False,c1ccc(-c2cc3c(-c4[nH]c(-c5ccccc5)nc4-c4ccco4)ccnc3[nH]2)cc1
CHEMBL121405,OC1(c2nc(-c3ccc(F)cc3)c(-c3ccnc(NC4CCCCC4)c3)o2)CCNCC1,5.828788757324219,6.7429354429245,83,17.473684210526315,False,0.4852941176470588,False,False,c1ccc(-c2nc(C3CCNCC3)oc2-c2ccnc(NC3CCCCC3)c2)cc1
CHEMBL3902295,O=C(CCl)OCCn1c(=O)oc2cc3ncnc(Nc4ccc(F)c(F)c4)c3cc21,5.327902317047119,6.735059045049879,84,17.68421052631579,False,0.7105263157894737,False,False,O=c1[nH]c2cc3c(Nc4ccccc4)ncnc3cc2o1
CHEMBL3612575,C#Cc1cccc(Nc2ncnc3cc4oc(=O)n(CCCC(=O)OCC)c4cc23)c1,5.2441253662109375,6.707852752606074,85,17.894736842105264,False,0.6829268292682927,False,False,O=c1[nH]c2cc3c(Nc4ccccc4)ncnc3cc2o1
CHEMBL3604931,C=CC(=O)Nc1cccc(Oc2nccc(Nc3cc(C)[nH]n3)n2)c1,5.895242691040039,6.669792497158051,86,18.105263157894736,False,0.6714285714285714,False,False,c1ccc(Oc2nccc(Nc3cc[nH]n3)n2)cc1
CHEMBL255291,CO/N=C/c1c(N)ncnc1NCc1ccc(F)c(Cl)c1,5.949620246887207,6.631542680793339,87,18.31578947368421,False,0.6909090909090909,False,False,c1ccc(CNc2ccncn2)cc1
CHEMBL1241580,Nc1ncnc2c1c(-c1ccc(Cl)c(O)c1)nn2C1CCC1,5.93930196762085,6.628000571038989,88,18.526315789473685,False,0.9574468085106383,False,False,c1ccc(-c2nn(C3CCC3)c3ncncc23)cc1
CHEMBL4639556,CN1CCN(C/C=C/C(=O)N2CCCOc3cc4ncnc(Nc5ccc(OCc6cccc(F)c6)c(Cl)c5)c4cc32)CC1,5.31247091293335,6.60846295038859,89,18.736842105263158,False,0.9302325581395349,False,False,O=C(C=CCN1CCNCC1)N1CCCOc2cc3ncnc(Nc4ccc(OCc5ccccc5)cc4)c3cc21
CHEMBL1257998,CN1CCN([C@H]2CC[C@H](n3nc(-c4ccc(Nc5nc6cccc(Cl)c6o5)cc4)c4c(N)ncnc43)CC2)CC1,5.638272285461426,6.5981625803311665,90,18.94736842105263,False,0.46808510638297873,False,False,c1ccc2oc(Nc3ccc(-c4nn(C5CCC(N6CCNCC6)CC5)c5ncncc45)cc3)nc2c1
CHEMBL120185,CN1CCN(c2ccc3c(n2)nc(-c2ccc(F)cc2)n3-c2ccnc(NC3CCCC3)n2)CC1,5.06048059463501,6.585267791748047,91,19.157894736842106,False,0.37777777777777777,False,False,c1ccc(-c2nc3nc(N4CCNCC4)ccc3n2-c2ccnc(NC3CCCC3)n2)cc1
CHEMBL4202780,COc1cc(N2CCN(C)CC2)ccc1Nc1ncc(Cl)c(Oc2ccccc2NC(=O)/C=C/CN(C)C)n1,5.107905387878418,6.567241050402323,92,19.36842105263158,False,0.6666666666666666,False,False,c1ccc(Oc2ccnc(Nc3ccc(N4CCNCC4)cc3)n2)cc1
CHEMBL1278149,COc1cc2ncnc(Oc3ccc(Br)c(F)c3)c2cc1OC,5.229147911071777,6.56300053079923,93,19.57894736842105,False,0.4411764705882353,False,False,c1ccc(Oc2ncnc3ccccc23)cc1
CHEMBL3894623,COc1cc2c(Nc3ccc(NC(=O)Nc4cccc(Cl)c4)cc3)ncnc2cc1OCc1ccccc1,5.332640647888184,6.549618557373683,94,19.789473684210527,False,0.7164179104477612,False,False,O=C(Nc1ccccc1)Nc1ccc(Nc2ncnc3cc(OCc4ccccc4)ccc23)cc1
CHEMBL5288191,COc1nc2ccccc2cc1-c1nc2c(cnn2-c2ccc(Br)cc2)c(=O)[nH]1,5.234554767608643,6.549447023073832,95,20.0,False,0.25757575757575757,False,False,O=c1[nH]c(-c2cnc3ccccc3c2)nc2c1cnn2-c1ccccc1
CHEMBL410659,Nc1nccn2c1c(-c1ccc3ccc(-c4ccccc4)nc3c1)nc2[C@H]1C[C@@H](CN2CCC2)C1,5.017728805541992,6.5218516694174875,96,20.210526315789473,False,0.36363636363636365,False,False,c1ccc(-c2ccc3ccc(-c4nc(C5CC(CN6CCC6)C5)n5ccncc45)cc3n2)cc1
CHEMBL2070200,Brc1cccc(Nc2ncnc3ccc(NCc4ccc5c(c4)OCCCCO5)cc23)c1,5.9430952072143555,6.52153377532959,97,20.42105263157895,False,0.9642857142857143,False,False,c1ccc(Nc2ncnc3ccc(NCc4ccc5c(c4)OCCCCO5)cc23)cc1
CHEMBL1272275,O=C(/C=C/c1ccccc1)N1CCc2c(sc3ncnc(N[C@H](CO)c4ccccc4)c23)C1,5.455559730529785,6.510830947505101,98,20.63157894736842,False,0.803030303030303,False,False,O=C(C=Cc1ccccc1)N1CCc2c(sc3ncnc(NCc4ccccc4)c23)C1
CHEMBL4646644,COc1ccc(/C=N/c2nnc3c4ccccc4nc(Nc4ccc(C)cc4N)n23)cc1O,5.368556022644043,6.508889925479889,99,20.842105263157894,False,0.34177215189873417,False,False,C(=Nc1nnc2c3ccccc3nc(Nc3ccccc3)n12)c1ccccc1
CHEMBL1990583,Nc1ncnn2ccc(C(=O)Nc3ccc(NC(=O)Nc4cccc(F)c4)cc3)c12,5.679853916168213,6.499130342801412,100,21.05263157894737,False,0.3835616438356164,False,False,O=C(Nc1ccccc1)Nc1ccc(NC(=O)c2ccn3ncncc23)cc1
CHEMBL4860202,CS(=O)(=O)c1nccc(-c2c(-c3cccc(OCc4ccccc4)c3)nc3sccn23)n1,5.003488540649414,6.492432225667513,101,21.263157894736842,False,0.46835443037974683,False,False,c1ccc(COc2cccc(-c3nc4sccn4c3-c3ccncn3)c2)cc1
CHEMBL2385986,CCOc1ccc(C(=O)Nc2ccc(OCc3ccccn3)c(Cl)c2)cc1NC(=O)/C=C/CN(C)C,5.92081880569458,6.490988437599606,102,21.473684210526315,False,0.6436781609195402,False,False,O=C(Nc1ccc(OCc2ccccn2)cc1)c1ccccc1
CHEMBL599388,COc1cc(-c2nc(=O)c3c([nH]2)sc2ccc(C)cc23)ccc1OCC(=O)O,5.619788646697998,6.48930987432268,103,21.68421052631579,False,0.3815789473684211,False,False,O=c1nc(-c2ccccc2)[nH]c2sc3ccccc3c12
CHEMBL5570611,C=CC(=O)Nc1cc2c(Oc3ccc(NC(=O)CCCc4ccc(C)cc4)cc3F)ncnc2cc1OC,5.7892560958862305,6.487646238644918,104,21.894736842105264,False,0.7088607594936709,False,False,O=C(CCCc1ccccc1)Nc1ccc(Oc2ncnc3ccccc23)cc1
CHEMBL248045,COc1ccc2c(N[C@@H]3C[C@H]3c3ccccc3)c(C#N)cnc2c1,5.588380336761475,6.485837730347508,105,22.105263157894736,False,0.5915492957746479,False,False,c1ccc(C2CC2Nc2ccnc3ccccc23)cc1
CHEMBL3741762,CN(C)C/C=C/C(=O)Nc1cccc(Nc2nc(N/N=C/c3ccc(F)cc3)ncc2Cl)c1,5.739254474639893,6.481910716692607,106,22.31578947368421,False,0.6707317073170732,False,False,C(=NNc1nccc(Nc2ccccc2)n1)c1ccccc1
CHEMBL5569952,C/C=C/C(=O)Nc1cc2c(Oc3ccc(NC(=O)CCCc4ccc(F)cc4)cc3F)ncnc2cc1OC,5.292440891265869,6.4743072335984975,107,22.526315789473685,False,0.6666666666666666,False,False,O=C(CCCc1ccccc1)Nc1ccc(Oc2ncnc3ccccc23)cc1
CHEMBL1683949,Cc1cc(Nc2ccc(OCc3cccc(F)c3)c(Cl)c2)ncn1,5.958607196807861,6.465312555472056,108,22.736842105263158,False,0.6721311475409836,False,False,c1ccc(COc2ccc(Nc3ccncn3)cc2)cc1
CHEMBL3983460,COc1cc2c(Nc3ccc(NC(=O)Nc4ccccc4)cc3)ncnc2cc1OCc1ccccc1,5.532688140869141,6.461974905331929,109,22.94736842105263,False,0.7540983606557377,False,False,O=C(Nc1ccccc1)Nc1ccc(Nc2ncnc3cc(OCc4ccccc4)ccc23)cc1
CHEMBL296419,COc1ccc(CCN2CCC(Nc3nc4ccccc4n3Cc3ccc(F)cc3)CC2)cc1,5.217742443084717,6.45544506210751,110,23.157894736842106,False,0.29577464788732394,False,False,c1ccc(CCN2CCC(Nc3nc4ccccc4n3Cc3ccccc3)CC2)cc1
CHEMBL5962946,C#CC(=O)N1CCCC(N(C)c2nc(-c3cnn(C)c3)c3c(c2F)CNC3=O)C1,5.99913215637207,6.44595560669899,111,23.36842105263158,False,0.4673913043478261,False,False,O=C1NCc2cc(NC3CCCNC3)nc(-c3cn[nH]c3)c21
CHEMBL5568120,C=CC(=O)N1CC[C@H](n2cc(-c3ccncc3)c(-c3cccc(NC(=O)c4ccc5c(c4)CN(C)C5=O)c3)n2)C1,5.537601947784424,6.442185431321462,112,23.57894736842105,False,0.6966292134831461,False,False,O=C(Nc1cccc(-c2nn(C3CCNC3)cc2-c2ccncc2)c1)c1ccc2c(c1)CNC2=O
CHEMBL401644,COc1ccc2ncc(C#N)c(N[C@@H]3C[C@H]3c3ccccc3)c2c1,5.082494258880615,6.439227598375744,113,23.789473684210527,False,0.6451612903225806,False,False,c1ccc(C2CC2Nc2ccnc3ccccc23)cc1
CHEMBL3741436,CN(C)C/C=C/C(=O)Nc1cccc(Nc2nc(N/N=C/c3ccccc3F)ncc2Cl)c1,5.806875228881836,6.434056725502014,114,24.0,False,0.7125,False,False,C(=NNc1nccc(Nc2ccccc2)n1)c1ccccc1
CHEMBL187431,Cc1ccc(Nc2ncnn3c(C)ccc23)cc1O,4.531652450561523,6.433363551298777,115,24.210526315789473,False,0.3484848484848485,False,False,c1ccc(Nc2ncnn3cccc23)cc1
CHEMBL332497,COc1cc2ncc(C#N)c(Nc3cccc(Br)c3)c2cc1NC(=O)/C=C/CN1CCOCC1,5.416801452636719,6.432698896725973,116,24.42105263157895,False,0.7375,False,False,O=C(C=CCN1CCOCC1)Nc1ccc2nccc(Nc3ccccc3)c2c1
CHEMBL472942,COc1cc2nccc(Nc3ccc(F)c(Cl)c3)c2cc1NC(=O)/C=C/CN1CCOCC1,4.867420196533203,6.423285194502937,117,24.63157894736842,False,0.6455696202531646,False,False,O=C(C=CCN1CCOCC1)Nc1ccc2nccc(Nc3ccccc3)c2c1
CHEMBL2335016,CC(C)(C)C(=O)Nc1nc(Nc2ccc(F)c(Cl)c2)c2cc(CCc3ccccn3)[nH]c2n1,4.787812232971191,6.41640442609787,118,24.842105263157894,False,0.5205479452054794,False,False,c1ccc(Nc2ncnc3[nH]c(CCc4ccccn4)cc23)cc1
CHEMBL3742128,CN(C)C/C=C/C(=O)Nc1cccc(Nc2nc(N/N=C/c3ccc(F)cc3F)ncc2Cl)c1,5.598599433898926,6.415456563631693,119,25.05263157894737,False,0.6746987951807228,False,False,C(=NNc1nccc(Nc2ccccc2)n1)c1ccccc1
CHEMBL118000,N#Cc1cnc2ccc(NC(=O)/C=C/CN3CCOCC3)cc2c1Nc1ccc(F)c(Cl)c1,5.640164375305176,6.412066478729248,120,25.263157894736842,False,0.7272727272727273,False,False,O=C(C=CCN1CCOCC1)Nc1ccc2nccc(Nc3ccccc3)c2c1
CHEMBL4866102,c1ccc(COc2cccc(-c3nc4sccn4c3-c3ccncn3)c2)cc1,5.361111640930176,6.405845889107794,121,25.473684210526315,False,0.4666666666666667,False,False,c1ccc(COc2cccc(-c3nc4sccn4c3-c3ccncn3)c2)cc1
CHEMBL113996,COc1cc2ncc(C#N)c(Nc3ccc(F)c(Cl)c3)c2cc1NC(=O)/C=C/CN1CCOCC1,4.867420196533203,6.400178222126431,122,25.68421052631579,False,0.7439024390243902,False,False,O=C(C=CCN1CCOCC1)Nc1ccc2nccc(Nc3ccccc3)c2c1
CHEMBL4639739,C=CC(=O)NCCOc1cc(Cc2ccccc2)cc2[nH]c(-c3n[nH]c4cc(-c5cn[nH]c5)ccc34)cc12,5.346787452697754,6.399266483783722,123,25.894736842105264,False,0.7307692307692307,False,False,c1ccc(Cc2ccc3cc(-c4n[nH]c5cc(-c6cn[nH]c6)ccc45)[nH]c3c2)cc1
CHEMBL113985,COc1cc(NC(=O)/C=C/CN2CCOCC2)cc2c(Nc3cccc(Br)c3)c(C#N)cnc12,5.268411159515381,6.384176513221529,124,26.105263157894736,False,0.7341772151898734,False,False,O=C(C=CCN1CCOCC1)Nc1ccc2nccc(Nc3ccccc3)c2c1
CHEMBL1683954,Fc1cccc(COc2ccc(Nc3cc(Oc4ccccc4)ncn3)cc2Cl)c1,5.0,6.3816848177380034,125,26.31578947368421,False,0.7183098591549296,False,False,c1ccc(COc2ccc(Nc3cc(Oc4ccccc4)ncn3)cc2)cc1
CHEMBL459729,Cc1cc(C2CCN(CCCF)CC2)cc2[nH]c(-c3c(NCCn4cc(Cl)cn4)cc[nH]c3=O)nc12,4.677780628204346,6.37199333720737,126,26.526315789473685,False,0.42574257425742573,False,False,O=c1[nH]ccc(NCCn2cccn2)c1-c1nc2ccc(C3CCNCC3)cc2[nH]1
CHEMBL4204596,COc1cc(N2CCN(C)CC2)ccc1Nc1ncc(Cl)c(Oc2ccccc2N=C=S)n1,5.512861728668213,6.371719238758087,127,26.736842105263158,False,0.5882352941176471,False,False,c1ccc(Oc2ccnc(Nc3ccc(N4CCNCC4)cc3)n2)cc1
CHEMBL1077068,CC1=C(C(=O)Nc2cccc([N+](=O)[O-])c2)C(c2ccc(O)cc2O)NC(Nc2ccc(S(=O)(=O)Nc3ncccn3)cc2)=N1,4.054039478302002,6.371227695765318,128,26.94736842105263,False,0.68,False,False,O=C(Nc1ccccc1)C1=CN=C(Nc2ccc(S(=O)(=O)Nc3ncccn3)cc2)NC1c1ccccc1
CHEMBL5822544,C=CC(=O)N1CCC[C@@H](N(C)c2nc(-c3cnn(C)c3)c3c(c2F)CNC3=O)C1,5.209996700286865,6.365955588897069,129,27.157894736842106,False,0.6071428571428571,False,False,O=C1NCc2cc(NC3CCCNC3)nc(-c3cn[nH]c3)c21
CHEMBL5569064,C/C=C/C(=O)Nc1cc2c(Oc3ccc(NC(=O)CCCc4ccccc4)cc3F)ncnc2cc1OC,5.495029926300049,6.361149636586507,130,27.36842105263158,False,0.5882352941176471,False,False,O=C(CCCc1ccccc1)Nc1ccc(Oc2ncnc3ccccc23)cc1
CHEMBL1272006,OC[C@@H](Nc1ncnc2sc3c(c12)CCC3)c1ccccc1,5.962573528289795,6.3583833460277965,131,27.57894736842105,False,0.9565217391304348,False,False,c1ccc(CNc2ncnc3sc4c(c23)CCC4)cc1
CHEMBL5739782,C=CC(=O)N1CCC[C@H](Nc2nc(-c3cnn(C)c3)c3c(c2F)CNC3=O)[C@@H]1C,5.166406631469727,6.351437142769496,132,27.789473684210527,False,0.5487804878048781,False,False,O=C1NCc2cc(NC3CCCNC3)nc(-c3cn[nH]c3)c21
CHEMBL1928944,O=[N+]([O-])c1cccc(Oc2cc(Nc3ccc(OCc4cccc(F)c4)c(Cl)c3)ncn2)c1,5.919373512268066,6.350777296755049,133,28.0,False,0.6455696202531646,False,False,c1ccc(COc2ccc(Nc3cc(Oc4ccccc4)ncn3)cc2)cc1
CHEMBL47940,Nc1ncnc2c1c(-c1ccc(Oc3ccccc3)cc1)cn2C1CCCC1,5.494850158691406,6.3450231949488325,134,28.210526315789473,False,0.8043478260869565,False,False,c1ccc(Oc2ccc(-c3cn(C4CCCC4)c4ncncc34)cc2)cc1
CHEMBL4444231,CC(C)(O)Cn1/c(=N/C(=O)c2cccc(-c3cccnc3)c2)[nH]c2ccccc21,5.853871822357178,6.3447885358333584,135,28.42105263157895,False,0.8333333333333334,False,False,O=C(N=c1[nH]c2ccccc2[nH]1)c1cccc(-c2cccnc2)c1
CHEMBL5180070,COc1cc2ncnc3c2cc1OCCCCCCOc1c(Cl)cccc1N3,5.517984390258789,6.32276326510263,136,28.63157894736842,False,0.8571428571428571,False,False,c1ccc2c(c1)Nc1ncnc3ccc(cc13)OCCCCCCO2
CHEMBL3612564,COCCn1c(=O)oc2cc3ncnc(Nc4ccc(OC)cc4)c3cc21,5.2924299240112305,6.322484136952294,137,28.842105263157894,False,0.7272727272727273,False,False,O=c1[nH]c2cc3c(Nc4ccccc4)ncnc3cc2o1
CHEMBL2335015,CC(C)(C)C(=O)Nc1nc(Nc2ccc(F)c(Br)c2)c2cc(CCc3ccccn3)[nH]c2n1,5.267606258392334,6.318047183089786,138,29.05263157894737,False,0.5277777777777778,False,False,c1ccc(Nc2ncnc3[nH]c(CCc4ccccn4)cc23)cc1
CHEMBL5563703,C/C=C/C(=O)Nc1cc2c(Oc3ccc(NC(=O)CCCc4ccc(C)cc4)cc3F)ncnc2cc1OC,5.11616849899292,6.31449946000841,139,29.263157894736842,False,0.6,False,False,O=C(CCCc1ccccc1)Nc1ccc(Oc2ncnc3ccccc23)cc1
CHEMBL5273994,COc1cc2c(Nc3ccc(Oc4ccc(Br)cc4)cc3)ncnc2cc1OCC1CCN(C)CC1,5.425505638122559,6.31342525376214,140,29.473684210526315,False,0.7878787878787878,False,False,c1ccc(Oc2ccc(Nc3ncnc4cc(OCC5CCNCC5)ccc34)cc2)cc1
CHEMBL3760090,COc1cc2c(Nc3ccc(NC(=O)c4ccc(Cl)cc4)cc3)ncnc2cc1OCCCN1CCN(C)CC1,5.876148223876953,6.310181628704071,141,29.68421052631579,False,0.7567567567567568,False,False,O=C(Nc1ccc(Nc2ncnc3cc(OCCCN4CCNCC4)ccc23)cc1)c1ccccc1
CHEMBL3759830,COc1ccc(C(=O)Nc2ccc(Nc3ncnc4cc(OCCCN5CCN(C)CC5)c(OC)cc34)cc2)cc1,5.954677104949951,6.304392373296949,142,29.894736842105264,False,0.7571428571428571,False,False,O=C(Nc1ccc(Nc2ncnc3cc(OCCCN4CCNCC4)ccc23)cc1)c1ccccc1
CHEMBL195218,CONC(=O)c1cc(Nc2ncnn3cc(NC(=O)OCCCS(C)(=O)=O)c(C(C)C)c23)c(F)cc1F,5.376750946044922,6.297700500753191,143,30.105263157894736,False,0.6744186046511628,False,False,c1ccc(Nc2ncnn3cccc23)cc1
CHEMBL3809489,Nc1nc(Nc2ccc3c(c2)CC[C@@H](N2CCCC2)CC3)nn1-c1cc2c(nn1)-c1ccccc1CCC2,5.408935546875,6.293103557427724,144,30.31578947368421,False,0.3132530120481928,False,False,c1ccc2c(c1)CCCc1cc(-n3cnc(Nc4ccc5c(c4)CCC(N4CCCC4)CC5)n3)nnc1-2
CHEMBL5201128,COc1cc2nccc(Oc3ccc(NC(=O)C4(C(=O)NC5CC5)CC4)c(Cl)c3)c2cc1C(N)=O,5.187086582183838,6.287704897986518,145,30.526315789473685,False,0.3493975903614458,False,False,O=C(Nc1ccc(Oc2ccnc3ccccc23)cc1)C1(C(=O)NC2CC2)CC1
CHEMBL5571786,CCCC(=O)Nc1cc2c(Oc3ccc(NC(=O)CCCc4ccc(OC)cc4)cc3F)ncnc2cc1OC,5.082137107849121,6.284876918315888,146,30.736842105263158,False,0.5783132530120482,False,False,O=C(CCCc1ccccc1)Nc1ccc(Oc2ncnc3ccccc23)cc1
CHEMBL76116,Cc1[nH]c2ncnc(Oc3cccc(Cl)c3)c2c1C,5.602059841156006,6.275470668474833,147,30.94736842105263,False,0.5714285714285714,False,False,c1ccc(Oc2ncnc3[nH]ccc23)cc1
CHEMBL4216784,COc1cc(N2CCN(C)CC2)ccc1Nc1ncc(Cl)c(Oc2ccccc2N)n1,5.744727611541748,6.272165675163269,148,31.157894736842106,False,0.6329113924050633,False,False,c1ccc(Oc2ccnc(Nc3ccc(N4CCNCC4)cc3)n2)cc1
CHEMBL4216265,COc1cc(N2CCN(C)CC2)ccc1Nc1ncc(Cl)c(Oc2ccccc2NC(C)=O)n1,5.248721122741699,6.270707030296325,149,31.36842105263158,False,0.7402597402597403,False,False,c1ccc(Oc2ccnc(Nc3ccc(N4CCNCC4)cc3)n2)cc1
CHEMBL3263966,COc1cc2c(Oc3ccc(NS(=O)(=O)c4ccc(-c5cnn(C)c5)cc4)cc3F)ccnc2cc1OCCCN1CCN(C)CC1,5.241927623748779,6.270303908983866,150,31.57894736842105,False,0.8658536585365854,False,False,O=S(=O)(Nc1ccc(Oc2ccnc3cc(OCCCN4CCNCC4)ccc23)cc1)c1ccc(-c2cn[nH]c2)cc1
CHEMBL1242566,Nc1ncnc2c1c(-c1ccc(F)c(O)c1)nn2C1CCC1,5.537601947784424,6.26779475540585,151,31.789473684210527,False,0.9574468085106383,False,False,c1ccc(-c2nn(C3CCC3)c3ncncc23)cc1
CHEMBL322066,COc1cc(Nc2nccc(-c3ccc(N4CCNCC4)nc3)n2)cc(OC)c1OC,5.768530368804932,6.261528089046478,152,32.0,False,0.5692307692307692,False,False,c1ccc(Nc2nccc(-c3ccc(N4CCNCC4)nc3)n2)cc1
CHEMBL87084,Oc1cc2cc(-c3ccncc3)cnc2cc1O,5.301030158996582,6.2602095561557345,153,32.21052631578947,False,0.2708333333333333,False,False,c1ccc2ncc(-c3ccncc3)cc2c1
CHEMBL5945102,C=CC(=O)N1CCCC(Nc2nc(-c3cnn(C)c3)c3c(c2F)CNC3=O)C1,5.28495979309082,6.2586003653208415,154,32.421052631578945,False,0.7605633802816901,False,False,O=C1NCc2cc(NC3CCCNC3)nc(-c3cn[nH]c3)c21
CHEMBL2029694,CCOc1ccc(-c2cc(C(F)(F)F)c(C#N)c(SCC(=O)NCC(=O)O)n2)cc1,5.07572078704834,6.253287365564594,155,32.63157894736842,False,0.26582278481012656,False,False,c1ccc(-c2ccccn2)cc1
CHEMBL4211322,COc1cc(N2CCN(C)CC2)ccc1Nc1ncc(Cl)c(Oc2ccccc2[N+](=O)[O-])n1,5.02918815612793,6.2463826624552405,156,32.8421052631579,False,0.6144578313253012,False,False,c1ccc(Oc2ccnc(Nc3ccc(N4CCNCC4)cc3)n2)cc1
CHEMBL5955586,NC(=O)c1ncc(N2CCC[C@@H](N3Cc4ccccc4C3=O)C2)nc1Nc1ccc(C2CCN(C3CCCC3)CC2)cc1,5.259637355804443,6.241821822590298,157,33.05263157894737,False,0.7125,False,False,O=C1c2ccccc2CN1C1CCCN(c2cncc(Nc3ccc(C4CCN(C5CCCC5)CC4)cc3)n2)C1
CHEMBL4208712,COc1cc(N2CCN(C)CC2)ccc1Nc1ncc(Cl)c(Oc2ccccc2NC(=O)CCO)n1,5.995678424835205,6.240722370147705,158,33.26315789473684,False,0.8051948051948052,False,False,c1ccc(Oc2ccnc(Nc3ccc(N4CCNCC4)cc3)n2)cc1
CHEMBL5555280,C=CC(=O)N1[C@@H]2CC[C@H]1C[C@@H](n1nc(-c3cc(F)c(Oc4ccc5c(c4)ncn5C)c(Cl)c3)c3c(C)ncnc31)C2,5.3387556076049805,6.235770697805616,159,33.473684210526315,False,0.6,False,False,c1ncc2c(-c3ccc(Oc4ccc5[nH]cnc5c4)cc3)nn(C3CC4CCC(C3)N4)c2n1
CHEMBL5570716,CCCC(=O)Nc1cc2c(Oc3ccc(NC(=O)CCCc4ccccc4)cc3F)ncnc2cc1OC,5.454416275024414,6.235487915092045,160,33.68421052631579,False,0.589041095890411,False,False,O=C(CCCc1ccccc1)Nc1ccc(Oc2ncnc3ccccc23)cc1
CHEMBL4216551,COc1cc(N2CCN(C)CC2)ccc1Nc1ncc(Cl)c(Oc2ccc(NC(=O)/C=C/CN(C)C)cc2)n1,5.236571788787842,6.230748790105184,161,33.89473684210526,False,0.6781609195402298,False,False,c1ccc(Oc2ccnc(Nc3ccc(N4CCNCC4)cc3)n2)cc1
CHEMBL5831010,NC(=O)c1ncc(N2CCC[C@@H](NC(=O)C3CC3)C2)nc1Nc1ccc(C2CCN(C3CCCC3)CC2)cc1,5.259637355804443,6.230528111775715,162,34.10526315789474,False,0.9692307692307692,False,False,O=C(NC1CCCN(c2cncc(Nc3ccc(C4CCN(C5CCCC5)CC4)cc3)n2)C1)C1CC1
CHEMBL534948,Cc1cccc(C)c1Nc1ncc(-c2ccc(OCC3CCCN(C)C3)cc2)n2cncc12,5.56383752822876,6.224325529999204,163,34.31578947368421,False,0.3258426966292135,False,False,c1ccc(Nc2ncc(-c3ccc(OCC4CCCNC4)cc3)n3cncc23)cc1
CHEMBL373882,CNc1ncnc(-c2cccnc2Oc2ccc(F)c(C(=O)Nc3cc(C(F)(F)F)ccc3N(C)CCCN(C)C)c2)n1,4.602059841156006,6.214821380615234,164,34.526315789473685,False,0.4117647058823529,False,False,O=C(Nc1ccccc1)c1cccc(Oc2ncccc2-c2ncncn2)c1
CHEMBL1080990,CCOC(=O)c1[nH]c(C)c2cnnc(Nc3ccc(OCc4cccc(F)c4)c(Cl)c3)c12,5.917214393615723,6.213581845442455,165,34.73684210526316,False,0.6091954022988506,False,False,c1ccc(COc2ccc(Nc3nncc4c[nH]cc34)cc2)cc1
CHEMBL5184084,CC(C)(/C=C(/C#N)C(=O)N1CCC[C@@H]1Cn1nc(-c2ccc(Oc3ccccc3)cc2F)c2c(N)ncnc21)N1CCOCC1,5.522878646850586,6.213205116960737,166,34.94736842105263,False,0.6470588235294118,False,False,O=C(C=CCN1CCOCC1)N1CCCC1Cn1nc(-c2ccc(Oc3ccccc3)cc2)c2cncnc21
CHEMBL3613695,NC(=O)c1cnc2ccc(C(=O)/C=C/c3ccc(Cl)cc3)cc2c1Nc1ccc(Br)cc1,5.316592693328857,6.209814556770854,167,35.1578947368421,False,0.4342105263157895,False,False,O=C(C=Cc1ccccc1)c1ccc2nccc(Nc3ccccc3)c2c1
CHEMBL2335019,CC(C)(C)C(=O)Nc1nc(Nc2ccc(F)c(C(F)(F)F)c2)c2cc(CCc3ccccn3)[nH]c2n1,4.570247650146484,6.204757302337222,168,35.36842105263158,False,0.5405405405405406,False,False,c1ccc(Nc2ncnc3[nH]c(CCc4ccccn4)cc23)cc1
CHEMBL5843489,C=CC(=O)N1CCCC(Nc2nc(-c3cnn(C4CC4)c3)c3c(c2F)CNC3=O)C1,5.080817222595215,6.193250362078349,169,35.578947368421055,False,0.6962025316455697,False,False,O=C1NCc2cc(NC3CCCNC3)nc(-c3cnn(C4CC4)c3)c21
CHEMBL5286730,Cc1ccc(NC(=O)CSc2nc3cc4ccccc4cc3c(=O)n2-c2ccc(S(N)(=O)=O)cc2)cc1C,5.408935546875,6.190175166924795,170,35.78947368421053,False,0.7428571428571429,False,False,O=C(CSc1nc2cc3ccccc3cc2c(=O)n1-c1ccccc1)Nc1ccccc1
CHEMBL6042351,C=CC(=O)N1CCCC(Nc2nc(-c3cnc(C)s3)c3c(c2F)CNC3=O)C1,5.1281352043151855,6.188355250093672,171,36.0,False,0.6329113924050633,False,False,O=C1NCc2cc(NC3CCCNC3)nc(-c3cncs3)c21
CHEMBL5574213,CCC(=O)Nc1cc2c(Oc3ccc(NC(=O)CCCc4ccc(F)cc4)cc3F)ncnc2cc1OC,5.218684673309326,6.184787036418915,172,36.21052631578947,False,0.6455696202531646,False,False,O=C(CCCc1ccccc1)Nc1ccc(Oc2ncnc3ccccc23)cc1
CHEMBL206483,Cc1cccc(-n2ncc3c(NCc4ccc5c(c4)OCO5)ncnc32)c1,4.823908805847168,6.184107013040118,173,36.421052631578945,False,0.4266666666666667,False,False,c1ccc(-n2ncc3c(NCc4ccc5c(c4)OCO5)ncnc32)cc1
CHEMBL2335379,C#Cc1cccc(Nc2nc(N)nc3[nH]c(CCc4ccccn4)cc23)c1,4.701147079467773,6.176151667776562,174,36.63157894736842,False,0.5970149253731343,False,False,c1ccc(Nc2ncnc3[nH]c(CCc4ccccn4)cc23)cc1
CHEMBL3915306,O=C(CBr)OCCn1c(=O)oc2cc3ncnc(Nc4ccc(OCc5ccc(Cl)cc5)cc4)c3cc21,5.193819999694824,6.174031340281169,175,36.8421052631579,False,0.6790123456790124,False,False,O=c1[nH]c2cc3c(Nc4ccc(OCc5ccccc5)cc4)ncnc3cc2o1
CHEMBL4778717,O=S(=O)(Nc1ccccn1)c1ccc(NC(=S)Nc2ccc3c(c2)OCO3)cc1,5.724688529968262,6.172757974465688,176,37.05263157894737,False,0.6724137931034483,False,False,O=S(=O)(Nc1ccccn1)c1ccc(NC(=S)Nc2ccc3c(c2)OCO3)cc1
CHEMBL5542514,C=CC(=O)N1[C@@H]2CC[C@H]1C[C@@H](n1nc(-c3ccc(Oc4ccc5c(c4)ncn5C)c(Cl)c3)c3c(C)ncnc31)C2,5.338376522064209,6.164413528707292,177,37.26315789473684,False,0.7126436781609196,False,False,c1ncc2c(-c3ccc(Oc4ccc5[nH]cnc5c4)cc3)nn(C3CC4CCC(C3)N4)c2n1
CHEMBL3740102,C/C(=N\Nc1ncc(Cl)c(Nc2cccc(NC(=O)/C=C/CN(C)C)c2)n1)c1ccc(F)cc1,5.221836566925049,6.161507052209642,178,37.473684210526315,False,0.7945205479452054,False,False,C(=NNc1nccc(Nc2ccccc2)n1)c1ccccc1
CHEMBL514771,COc1cc2nccc(Nc3ccc(F)c(Cl)c3)c2cc1NC(=O)/C=C/C(C)N1CCOCC1,4.975103855133057,6.160861566331652,179,37.68421052631579,False,0.7236842105263158,False,False,O=C(C=CCN1CCOCC1)Nc1ccc2nccc(Nc3ccccc3)c2c1
CHEMBL3613691,CN(C)c1ccc(/C=C/C(=O)c2ccc3ncc(C(N)=O)c(Nc4ccc(Cl)cc4)c3c2)cc1,5.277119159698486,6.15789504289627,180,37.89473684210526,False,0.3493975903614458,False,False,O=C(C=Cc1ccccc1)c1ccc2nccc(Nc3ccccc3)c2c1
CHEMBL453737,COc1cc2c(Oc3ccc(-c4cnc(Nc5ccc(F)cc5)n(C)c4=O)cc3F)ccnc2cc1OCCCN1CCOCC1,5.7695512771606445,6.152058630519443,181,38.10526315789474,False,0.7191011235955056,False,False,O=c1[nH]c(Nc2ccccc2)ncc1-c1ccc(Oc2ccnc3cc(OCCCN4CCOCC4)ccc23)cc1
CHEMBL4569508,O=C(NCC(F)(F)F)c1cc(-c2cnn3cc(-c4ccc(OCCN5CCCCC5)cc4)cnc23)cs1,5.958607196807861,6.142378177113003,182,38.31578947368421,False,0.6805555555555556,False,False,c1cc(-c2cnn3cc(-c4ccc(OCCN5CCCCC5)cc4)cnc23)cs1
CHEMBL260861,COc1cc(Nc2nn3c(N[C@H](CO)Cc4ccccc4)cc(C4CC4)nc3c2C(N)=O)cc(OC)c1,5.619788646697998,6.138187504212062,183,38.526315789473685,False,0.2857142857142857,False,False,c1ccc(CCNc2cc(C3CC3)nc3cc(Nc4ccccc4)nn23)cc1
CHEMBL5971019,Cc1ncsc1-c1ccc(CNC(=O)[C@@H]2C[C@@H](O)CN2C(=O)[C@@H](NC(=O)COCCOCCOCCOCC#Cc2cccc3c2C(=O)N(C(C(=O)Nc2nccs2)c2cc(F)ccc2O)C3)C(C)(C)C)cc1,5.97930383682251,6.129099382150739,184,38.73684210526316,False,0.8809523809523809,False,False,O=C(COCCOCCOCCOCC#Cc1cccc2c1C(=O)N(C(C(=O)Nc1nccs1)c1ccccc1)C2)NCC(=O)N1CCCC1C(=O)NCc1ccc(-c2cncs2)cc1
CHEMBL1946846,COc1nc(NCCN2CCOCC2)nc(Nc2ccc(Cl)cc2)n1,5.823908805847168,6.126209500895606,185,38.94736842105263,False,0.3972602739726027,False,False,c1ccc(Nc2ncnc(NCCN3CCOCC3)n2)cc1
CHEMBL5275784,CSc1nn(-c2ccc(Br)cc2)c2nc(C)nc(Nc3ccc(OCCCC[N+](=O)[O-])cc3)c12,5.522878646850586,6.125566705862681,186,39.1578947368421,False,0.2727272727272727,False,False,c1ccc(Nc2ncnc3c2cnn3-c2ccccc2)cc1
CHEMBL5853228,C=CC(=O)N1CC(Nc2nc(-c3cnn(C)c3)c3c(c2F)CNC3=O)CCC1C,5.174314498901367,6.124453316132228,187,39.36842105263158,False,0.7638888888888888,False,False,O=C1NCc2cc(NC3CCCNC3)nc(-c3cn[nH]c3)c21
CHEMBL5876064,CN(C)C/C=C/C(=O)N1CCOc2c1ccc1ncnc(Nc3ccc(OCc4ccncc4)cc3)c21,5.560667514801025,6.1177067685127255,188,39.578947368421055,False,0.8441558441558441,False,False,c1cc(COc2ccc(Nc3ncnc4ccc5c(c34)OCCN5)cc2)ccn1
CHEMBL2335378,Nc1nc(Nc2ccc(F)c(Cl)c2)c2cc(CCc3ccccn3)[nH]c2n1,3.956244945526123,6.111431594954596,189,39.78947368421053,False,0.7586206896551724,False,False,c1ccc(Nc2ncnc3[nH]c(CCc4ccccn4)cc23)cc1
CHEMBL4204354,COc1cc(N2CCN(C)CC2)ccc1Nc1ncc(Cl)c(Oc2ccc(N=C=S)cc2)n1,4.816161155700684,6.106605491638184,190,40.0,False,0.5903614457831325,False,False,c1ccc(Oc2ccnc(Nc3ccc(N4CCNCC4)cc3)n2)cc1
CHEMBL5571542,CCC(=O)Nc1cc2c(Oc3ccc(NC(=O)CCCc4ccccc4)cc3F)ncnc2cc1OC,5.7426958084106445,6.105592471175724,191,40.21052631578947,False,0.6125,False,False,O=C(CCCc1ccccc1)Nc1ccc(Oc2ncnc3ccccc23)cc1
CHEMBL5563395,C/C=C/C(=O)Nc1cc2c(Oc3ccc(NC(=O)c4sc(-c5ccccc5)nc4C)cc3F)cccc2cc1OC,5.63432502746582,6.097052116552988,192,40.421052631578945,False,0.632183908045977,False,False,O=C(Nc1ccc(Oc2cccc3ccccc23)cc1)c1cnc(-c2ccccc2)s1
CHEMBL1230609,COc1cc2c(Oc3ccc(NC(=O)C4(C(=O)Nc5ccc(F)cc5)CC4)cc3F)ccnc2cc1OCCCN1CCOCC1,5.522881031036377,6.095384345054627,193,40.63157894736842,False,0.6333333333333333,False,False,O=C(Nc1ccccc1)C1(C(=O)Nc2ccc(Oc3ccnc4cc(OCCCN5CCOCC5)ccc34)cc2)CC1
CHEMBL1683952,Fc1cccc(COc2ccc(Nc3cc(-c4ccsc4)ncn3)cc2Cl)c1,4.6575775146484375,6.094465904659694,194,40.8421052631579,False,0.71875,False,False,c1ccc(COc2ccc(Nc3cc(-c4ccsc4)ncn3)cc2)cc1
CHEMBL2335018,CC(C)(C)C(=O)Nc1nc(Nc2cccc(C(F)(F)F)c2)c2cc(CCc3ccccn3)[nH]c2n1,4.892789840698242,6.087489723894331,195,41.05263157894737,False,0.4675324675324675,False,False,c1ccc(Nc2ncnc3[nH]c(CCc4ccccn4)cc23)cc1
CHEMBL5573159,CCC(=O)Nc1cc2c(Oc3ccc(NC(=O)c4sc(-c5ccccc5)nc4C)cc3F)cccc2cc1OC,5.409158229827881,6.084974736531575,196,41.26315789473684,False,0.5617977528089888,False,False,O=C(Nc1ccc(Oc2cccc3ccccc23)cc1)c1cnc(-c2ccccc2)s1
CHEMBL4218052,COc1cc(N2CCN(C)CC2)ccc1Nc1ncc(Cl)c(Oc2cccc(N=C=S)c2)n1,5.251037120819092,6.0804562028249105,197,41.473684210526315,False,0.6585365853658537,False,False,c1ccc(Oc2ccnc(Nc3ccc(N4CCNCC4)cc3)n2)cc1
CHEMBL5983357,C=CC(=O)N1CC(Oc2cc3c(Nc4ccc(Cl)cc4Cl)ncnc3cn2)C1,5.638272285461426,6.066752390392825,198,41.68421052631579,False,0.8548387096774194,False,False,c1ccc(Nc2ncnc3cnc(OC4CNC4)cc23)cc1
CHEMBL5195321,CC(C)(C)n1cc(-c2cncc3ccccc23)c2c(N)ncnc21,5.789681434631348,6.065664936701457,199,41.89473684210526,False,0.4067796610169492,False,False,c1ccc2c(-c3c[nH]c4ncncc34)cncc2c1
CHEMBL5571083,CCC(=O)Nc1cc2c(Oc3ccc(NC(=O)CCCc4ccc(C)cc4)cc3F)ncnc2cc1OC,5.074069499969482,6.063384902159373,200,42.10526315789474,False,0.6049382716049383,False,False,O=C(CCCc1ccccc1)Nc1ccc(Oc2ncnc3ccccc23)cc1
CHEMBL2335377,Nc1nc(Nc2ccc(F)c(Br)c2)c2cc(CCc3ccccn3)[nH]c2n1,4.066006660461426,6.060448370774586,201,42.31578947368421,False,0.7543859649122807,False,False,c1ccc(Nc2ncnc3[nH]c(CCc4ccccn4)cc23)cc1
CHEMBL4205469,COc1cc(N2CCN(C)CC2)ccc1Nc1ncc(Cl)c(Oc2ccc(N)cc2)n1,5.1313557624816895,6.056533850034078,202,42.526315789473685,False,0.6282051282051282,False,False,c1ccc(Oc2ccnc(Nc3ccc(N4CCNCC4)cc3)n2)cc1
CHEMBL49120,CCN(CC)CCOc1ccc(Nc2ncc3cc(-c4c(Cl)cccc4Cl)c(=O)n(C)c3n2)cc1,5.4062395095825195,6.05606162749804,203,42.73684210526316,False,0.65625,False,False,O=c1[nH]c2nc(Nc3ccccc3)ncc2cc1-c1ccccc1
CHEMBL4202955,COc1cc(N2CCN(C)CC2)ccc1Nc1ncc(Cl)c(Oc2cccc(NC(=O)/C=C/CN(C)C)c2)n1,5.300162315368652,6.05494120756785,204,42.94736842105263,False,0.7951807228915663,False,False,c1ccc(Oc2ccnc(Nc3ccc(N4CCNCC4)cc3)n2)cc1
CHEMBL4638857,Clc1nc2ccccc2c2nnc(/N=C/C=C/c3ccccc3)n12,5.121478080749512,6.053588227033615,205,43.1578947368421,False,0.5769230769230769,False,False,C(=Cc1ccccc1)C=Nc1nnc2c3ccccc3ncn12
CHEMBL5759916,O=C1CCC(N2C(=O)c3ccc(N4CCN(CCCOCCCCNc5cccc6c5C(=O)N(C(C(=O)Nc5nccs5)c5cc(F)ccc5O)C6)CC4)cc3C2=O)C(=O)N1,5.92081880569458,6.048323655877795,206,43.36842105263158,False,0.9279279279279279,False,False,O=C1CCC(N2C(=O)c3ccc(N4CCN(CCCOCCCCNc5cccc6c5C(=O)N(C(C(=O)Nc5nccs5)c5ccccc5)C6)CC4)cc3C2=O)C(=O)N1
CHEMBL6012901,CCC(=O)N1CCC(c2ccc(Nc3nc(N4CCC[C@@H](NC(=O)N5CCCCC5)C4)nnc3C(N)=O)cc2)CC1,5.259637355804443,6.047111577987671,207,43.578947368421055,False,0.7866666666666666,False,False,O=C(NC1CCCN(c2nncc(Nc3ccc(C4CCNCC4)cc3)n2)C1)N1CCCCC1
CHEMBL107472,CNc1ncc2cc(-c3c(Cl)cccc3Cl)c(=O)n(C)c2n1,5.12493896484375,6.041972485701243,208,43.78947368421053,False,0.7254901960784313,False,False,O=c1[nH]c2ncncc2cc1-c1ccccc1
CHEMBL1614712,Nc1ncnc2c1c(-c1cccc(OCc3ccccc3)c1)cn2[C@H]1C[C@@H](CN2CCC2)C1,5.260284423828125,6.032378489110204,209,44.0,False,0.7384615384615385,False,False,c1ccc(COc2cccc(-c3cn(C4CC(CN5CCC5)C4)c4ncncc34)c2)cc1
CHEMBL4210744,COc1cc(N2CCN(C)CC2)ccc1Nc1ncc(Cl)c(Oc2cccc(N)c2)n1,5.187755107879639,6.032176933288574,210,44.21052631578947,False,0.6973684210526315,False,False,c1ccc(Oc2ccnc(Nc3ccc(N4CCNCC4)cc3)n2)cc1
CHEMBL245799,N#Cc1cnc2ccc(-c3cccc(CN4CCOCC4)c3)cc2c1N[C@@H]1C[C@H]1c1ccccc1,5.2790141105651855,6.0317407740487,211,44.421052631578945,False,0.8787878787878788,False,False,c1ccc(C2CC2Nc2ccnc3ccc(-c4cccc(CN5CCOCC5)c4)cc23)cc1
CHEMBL3237932,COc1cc(N2CCN(C)CC2)ccc1Nc1ncc(Cl)c(Oc2cccc(NC(=O)CCN3CCCCC3)c2)n1,5.344189643859863,6.023942160606384,212,44.63157894736842,False,0.9864864864864865,False,False,O=C(CCN1CCCCC1)Nc1cccc(Oc2ccnc(Nc3ccc(N4CCNCC4)cc3)n2)c1
CHEMBL3612580,CCOC(=O)CCCn1c(=O)oc2cc3ncnc(Nc4ccc(OC)cc4)c3cc21,5.12493896484375,6.0219104909896854,213,44.8421052631579,False,0.7733333333333333,False,False,O=c1[nH]c2cc3c(Nc4ccccc4)ncnc3cc2o1
CHEMBL49596,Cn1c(=O)c(-c2c(Cl)cccc2Cl)cc2cnc(N)nc21,5.251811981201172,6.02022585550944,214,45.05263157894737,False,0.6226415094339622,False,False,O=c1[nH]c2ncncc2cc1-c1ccccc1
CHEMBL114073,COc1cc2ncc(C#N)c(Nc3ccc(F)c(Cl)c3)c2cc1NC(=O)/C=C/C(C)N1CCOCC1,4.975103855133057,6.017721311781142,215,45.26315789473684,False,0.7469879518072289,False,False,O=C(C=CCN1CCOCC1)Nc1ccc2nccc(Nc3ccccc3)c2c1
CHEMBL4216025,COc1cc(N2CCN(C)CC2)ccc1Nc1ncc(Cl)c(Oc2ccc(N=[N+]=[N-])cc2)n1,4.820160865783691,6.006039859453837,216,45.473684210526315,False,0.5833333333333334,False,False,c1ccc(Oc2ccnc(Nc3ccc(N4CCNCC4)cc3)n2)cc1
CHEMBL440298,N#C/C(=C\c1ccc(O)c(O)c1)C(=O)NCCCCc1ccccc1,5.301030158996582,5.995475060190473,217,45.68421052631579,False,0.9347826086956522,False,False,O=C(C=Cc1ccccc1)NCCCCc1ccccc1
CHEMBL4214620,COc1cc(N2CCN(C)CC2)ccc1Nc1ncc(Cl)c(Oc2cccc(N=[N+]=[N-])c2)n1,5.206209659576416,5.992744731903076,218,45.89473684210526,False,0.6585365853658537,False,False,c1ccc(Oc2ccnc(Nc3ccc(N4CCNCC4)cc3)n2)cc1
CHEMBL3612578,CCOC(=O)CCCn1c(=O)oc2cc3ncnc(Nc4ccc(Cl)cc4)c3cc21,5.92081880569458,5.991009197235107,219,46.10526315789474,False,0.7368421052631579,False,False,O=c1[nH]c2cc3c(Nc4ccccc4)ncnc3cc2o1
CHEMBL4214040,COc1cc(N2CCN(C)CC2)ccc1Nc1ncc(Cl)c(Oc2ccc(NC(=O)CO)cc2)n1,5.97469425201416,5.9888972491688195,220,46.31578947368421,False,0.7215189873417721,False,False,c1ccc(Oc2ccnc(Nc3ccc(N4CCNCC4)cc3)n2)cc1
CHEMBL4205869,COc1cc(N2CCN(C)CC2)ccc1Nc1ncc(Cl)c(Oc2cccc([N+](=O)[O-])c2)n1,5.05207633972168,5.98584299882253,221,46.526315789473685,False,0.7159090909090909,False,False,c1ccc(Oc2ccnc(Nc3ccc(N4CCNCC4)cc3)n2)cc1
CHEMBL2385981,CCOc1cc(N)c(C(=O)Nc2ccc(OCc3cccc(F)c3)c(Cl)c2)cc1NC(=O)c1ccc(CN2CCN(C)CC2)cc1,5.301030158996582,5.9806514448589745,222,46.73684210526316,False,0.7692307692307693,False,False,O=C(Nc1cccc(C(=O)Nc2ccc(OCc3ccccc3)cc2)c1)c1ccc(CN2CCNCC2)cc1
CHEMBL1683950,Fc1cccc(COc2ccc(Nc3cc(-c4ccccc4)ncn3)cc2Cl)c1,5.92081880569458,5.980388760990566,223,46.94736842105263,False,0.8103448275862069,False,False,c1ccc(COc2ccc(Nc3cc(-c4ccccc4)ncn3)cc2)cc1
CHEMBL6052743,Cc1ncsc1-c1ccc(CNC(=O)[C@@H]2C[C@@H](O)CN2C(=O)[C@H](C(C)C)N2Cc3ccccc3C2=O)c(OCCN2CCN(Cc3ccc(-c4cc5c(NCc6ccccc6Cl)ncnc5[nH]4)cc3)CC2)c1,5.5155253410339355,5.963038573526198,224,47.1578947368421,False,0.95,False,False,O=C(NCc1ccc(-c2cncs2)cc1OCCN1CCN(Cc2ccc(-c3cc4c(NCc5ccccc5)ncnc4[nH]3)cc2)CC1)C1CCCN1C(=O)CN1Cc2ccccc2C1=O
CHEMBL6006738,CC(=O)N1CCC(c2ccc(Nc3nc(N4CCC[C@@H](NC(=O)N5CCCCC5)C4)nnc3C(N)=O)cc2)CC1,5.259637355804443,5.959559609095256,225,47.36842105263158,False,0.8169014084507042,False,False,O=C(NC1CCCN(c2nncc(Nc3ccc(C4CCNCC4)cc3)n2)C1)N1CCCCC1
CHEMBL544067,C=C(CN1CCOCC1)C(=O)c1ccc(OCc2ccccc2)cc1,5.958607196807861,5.953988287990743,226,47.578947368421055,False,0.7551020408163265,False,False,C=C(CN1CCOCC1)C(=O)c1ccc(OCc2ccccc2)cc1
CHEMBL2029699,Cc1ccc(N2NC(=O)/C(=C/c3ccc(OCc4ccccc4)cc3)C2=O)cc1Cl,5.065501689910889,5.952558292812771,227,47.78947368421053,False,0.4507042253521127,False,False,O=C1NN(c2ccccc2)C(=O)C1=Cc1ccc(OCc2ccccc2)cc1
CHEMBL4208167,COc1cc(N2CCN(C)CC2)ccc1Nc1ncc(Cl)c(Oc2ccc([N+](=O)[O-])cc2)n1,5.001304626464844,5.945304427146912,228,48.0,False,0.6704545454545454,False,False,c1ccc(Oc2ccnc(Nc3ccc(N4CCNCC4)cc3)n2)cc1
CHEMBL5286675,CN(C)c1ccc(/C=C/c2cc(C(=O)O)c3cc(Br)ccc3n2)cc1,5.651695251464844,5.944444701671601,229,48.21052631578947,False,0.4375,False,False,C(=Cc1ccc2ccccc2n1)c1ccccc1
CHEMBL4217686,COc1cc(N2CCN(C)CC2)ccc1Nc1ncc(Cl)c(Oc2ccc(NC(=O)CCO)cc2)n1,5.2132487297058105,5.939528952439626,230,48.421052631578945,False,0.7530864197530864,False,False,c1ccc(Oc2ccnc(Nc3ccc(N4CCNCC4)cc3)n2)cc1
CHEMBL5890920,COc1cc(OC2CCN(C)CC2(F)F)c2c(Nc3ccc(Oc4ccn5ccnc5c4)c(C)c3)ncnc2c1,5.744486331939697,5.938976175705591,231,48.63157894736842,False,0.8072289156626506,False,False,c1cc(OC2CCNCC2)c2c(Nc3ccc(Oc4ccn5ccnc5c4)cc3)ncnc2c1
CHEMBL544074,C=C(CN1CCCCC1)C(=O)c1ccc(OCc2ccccc2)cc1,5.958607196807861,5.938545571565628,232,48.8421052631579,False,0.7872340425531915,False,False,C=C(CN1CCCCC1)C(=O)c1ccc(OCc2ccccc2)cc1
CHEMBL5892735,C=CC(=O)N(C)Cc1ccc(Oc2nc(Nc3cccc(OCCN4CCCC4=O)c3)ncc2F)cc1,5.978810787200928,5.937678910361396,233,49.05263157894737,False,0.825,False,False,O=C1CCCN1CCOc1cccc(Nc2nccc(Oc3ccccc3)n2)c1
CHEMBL5935382,C=CC(=O)N1CC2CN(c3nc(Nc4cnn(C)c4)c4c(c3F)CNC4=O)CC2C1,5.864867210388184,5.936449169794718,234,49.26315789473684,False,0.7971014492753623,False,False,O=C1NCc2cc(N3CC4CNCC4C3)nc(Nc3cn[nH]c3)c21
CHEMBL168266,Nc1ncnc2c1c(-c1ccccc1)cn2C1CC(O)C1,5.549750804901123,5.93238643556171,235,49.473684210526315,False,0.8444444444444444,False,False,c1ccc(-c2cn(C3CCC3)c3ncncc23)cc1
CHEMBL4203804,COc1cc(N2CCN(C)CC2)ccc1Nc1ncc(Cl)c(Oc2ccc(NC(C)=O)cc2)n1,5.442492961883545,5.930965220928192,236,49.68421052631579,False,0.6835443037974683,False,False,c1ccc(Oc2ccnc(Nc3ccc(N4CCNCC4)cc3)n2)cc1
CHEMBL4553708,OCCNc1nc(Nc2cccc(F)c2)c2cn[nH]c2n1,4.179798603057861,5.9266270407040915,237,49.89473684210526,False,0.37142857142857144,False,False,c1ccc(Nc2ncnc3[nH]ncc23)cc1
CHEMBL1946843,CN(C)c1nc(N/N=C/c2cc(Br)c(O)c(Br)c2O)nc(Nc2ccc(F)cc2)n1,4.886893272399902,5.922653918531206,238,50.10526315789474,False,0.26506024096385544,False,False,C(=NNc1ncnc(Nc2ccccc2)n1)c1ccccc1
CHEMBL5944144,NC(=O)c1nnc(N2CCC[C@@H](NC(=O)Nc3ccccc3)C2)nc1Nc1ccc(C(=O)N2CCOCC2)cc1,5.259637355804443,5.918920948108037,239,50.31578947368421,False,0.6987951807228916,False,False,O=C(Nc1ccccc1)NC1CCCN(c2nncc(Nc3ccc(C(=O)N4CCOCC4)cc3)n2)C1
CHEMBL2335013,Nc1nc(Nc2cccc(C(F)(F)F)c2)c2cc(CCc3ccccn3)[nH]c2n1,4.714442729949951,5.911318711439768,240,50.526315789473685,False,0.5970149253731343,False,False,c1ccc(Nc2ncnc3[nH]c(CCc4ccccn4)cc23)cc1
CHEMBL337297,CO[C@H]1[C@@H](N(C)C(=O)c2cnccn2)C[C@@H]2O[C@@]1(C)n1c3ccccc3c3c4c(c5c6ccccc6n2c5c31)C(=O)NC4,5.087246894836426,5.91033956167433,241,50.73684210526316,False,0.8214285714285714,False,False,O=C(NC1CC2OC(C1)n1c3ccccc3c3c4c(c5c6ccccc6n2c5c31)CNC4=O)c1cnccn1
CHEMBL461571,Cc1c(C(=O)c2ccc(Cl)cc2)c2ccc(OC(F)(F)F)cc2n1Cc1cccc(O[C@H](C)C(=O)O)c1,5.649752140045166,5.905162839335625,242,50.94736842105263,False,0.2631578947368421,False,False,O=C(c1ccccc1)c1cn(Cc2ccccc2)c2ccccc12
CHEMBL5972541,CN(C)C/C=C/C(=O)N1CCC(Nc2cncc(-c3cnc(Oc4cccc(Cl)c4)nc3)n2)CC1,4.2790141105651855,5.904539043573233,243,51.1578947368421,False,0.7532467532467533,False,False,c1ccc(Oc2ncc(-c3cncc(NC4CCNCC4)n3)cn2)cc1
CHEMBL5862663,NC(=O)c1nnc(N2CCC[C@@H](NC(=O)N3CCCCC3)C2)nc1Nc1ccc(C2CCN(C=O)CC2)cc1,5.259637355804443,5.901466369946798,244,51.36842105263158,False,0.8055555555555556,False,False,O=C(NC1CCCN(c2nncc(Nc3ccc(C4CCNCC4)cc3)n2)C1)N1CCCCC1
CHEMBL5874587,C=CC(=O)N1CCCC(Nc2nc(Nc3ccc(N4CCN(C5COC5)CC4C)cn3)c3c(c2F)CNC3=O)C1,5.04522705078125,5.899725340419345,245,51.578947368421055,False,0.7078651685393258,False,False,O=C1NCc2cc(NC3CCCNC3)nc(Nc3ccc(N4CCN(C5COC5)CC4)cn3)c21
CHEMBL5888426,C=CC(=O)N1CCC(Oc2cc3c(Nc4ccc(Cl)cc4Cl)ncnc3cn2)C1,5.777665615081787,5.884406848279839,246,51.78947368421053,False,0.9032258064516129,False,False,c1ccc(Nc2ncnc3cnc(OC4CCNC4)cc23)cc1
CHEMBL109296,CCNc1ncc2cc(-c3c(Cl)cccc3Cl)c(=O)n(C)c2n1,5.346787452697754,5.873152547200521,247,52.0,False,0.6896551724137931,False,False,O=c1[nH]c2ncncc2cc1-c1ccccc1
CHEMBL50470,CCN(CC)CCCNc1ncc2cc(-c3c(Cl)cccc3Cl)c(=O)n(C)c2n1,5.861769199371338,5.871186488787333,248,52.21052631578947,False,0.6984126984126984,False,False,O=c1[nH]c2ncncc2cc1-c1ccccc1
CHEMBL4209119,COc1cc(N2CCN(C)CC2)ccc1Nc1ncc(Cl)c(Oc2ccc(NC(=O)CCOCc3ccccc3)cc2)n1,5.777283668518066,5.863238455454509,249,52.421052631578945,False,0.8780487804878049,False,False,O=C(CCOCc1ccccc1)Nc1ccc(Oc2ccnc(Nc3ccc(N4CCNCC4)cc3)n2)cc1
CHEMBL2029700,Nc1nn2c(=O)cc(-c3ccccc3)[nH]c2c1/N=N/c1ccc2c(c1)OCO2,5.275723934173584,5.859674792620871,250,52.63157894736842,False,0.25,False,False,O=c1cc(-c2ccccc2)[nH]c2c(N=Nc3ccc4c(c3)OCO4)cnn12
CHEMBL332269,CCCCNc1ncc2cc(-c3c(Cl)cccc3Cl)c(=O)n(C)c2n1,5.3565473556518555,5.849679856618245,251,52.8421052631579,False,0.7586206896551724,False,False,O=c1[nH]c2ncncc2cc1-c1ccccc1
CHEMBL4297674,CC#CC(=O)N[C@H]1CCCN(c2c(F)cc(C(N)=O)c3[nH]c(C)c(C)c23)C1,5.698969841003418,5.846709711286757,252,53.05263157894737,False,0.29347826086956524,False,False,c1cc(N2CCCCC2)c2cc[nH]c2c1
CHEMBL1098121,COc1ccc(CCCCCn2cc(CCN)c3cc(OCCc4ccc(O)cc4)ccc32)cc1,5.3565473556518555,5.843577213726491,253,53.26315789473684,False,0.75,False,False,c1ccc(CCCCCn2ccc3cc(OCCc4ccccc4)ccc32)cc1
CHEMBL6055178,COc1ccccc1C(=O)NC1(c2ccc(-c3nn(C4CCCC4)c4ncnc(N)c34)cc2)CC1,5.259637355804443,5.842281566858292,254,53.473684210526315,False,0.726027397260274,False,False,O=C(NC1(c2ccc(-c3nn(C4CCCC4)c4ncncc34)cc2)CC1)c1ccccc1
CHEMBL1098119,NCCc1cn(CCCCCc2ccccc2)c2ccc(OCCc3ccc(O)cc3)cc12,5.787812232971191,5.842029411550697,255,53.68421052631579,False,0.7166666666666667,False,False,c1ccc(CCCCCn2ccc3cc(OCCc4ccccc4)ccc32)cc1
CHEMBL2335014,Nc1nc(Nc2ccc(F)c(C(F)(F)F)c2)c2cc(CCc3ccccn3)[nH]c2n1,4.806875228881836,5.837786877420213,256,53.89473684210526,False,0.7666666666666667,False,False,c1ccc(Nc2ncnc3[nH]c(CCc4ccccn4)cc23)cc1
CHEMBL4211573,COc1cc(N2CCN(C)CC2)ccc1Nc1ncc(Cl)c(Oc2ccc(NC(=O)COCc3ccccc3)cc2)n1,5.568636417388916,5.834480689869986,257,54.10526315789474,False,0.875,False,False,O=C(COCc1ccccc1)Nc1ccc(Oc2ccnc(Nc3ccc(N4CCNCC4)cc3)n2)cc1
CHEMBL545006,O=C(CCN1CCCCC1)c1ccc(OCc2ccccc2)cc1,5.744727611541748,5.831560933457481,258,54.31578947368421,False,0.7777777777777778,False,False,O=C(CCN1CCCCC1)c1ccc(OCc2ccccc2)cc1
CHEMBL4072410,O=[N+]([O-])OCCCOc1ccc(Nc2ncnc3c2cnn3-c2ccc(Br)cc2)cc1,5.522878646850586,5.8307429980853245,259,54.526315789473685,False,0.33707865168539325,False,False,c1ccc(Nc2ncnc3c2cnn3-c2ccccc2)cc1
CHEMBL488271,CNC(=N)SCCCn1c(=O)c2c(c1=O)n1c3ccccc3cc1c1cccc3ccn2c31,5.004364967346191,5.828705578168233,260,54.73684210526316,False,0.2714285714285714,False,False,O=c1[nH]c(=O)c2c1n1ccc3cccc(c31)c1cc3ccccc3n12
CHEMBL590568,Cc1cccc(/C=N/NC2=NC(=O)CS2)c1,4.629117012023926,5.827419240474701,261,54.94736842105263,False,0.3958333333333333,False,False,O=C1CSC(NN=Cc2ccccc2)=N1
CHEMBL5971716,N#CCC(=O)N1CCC(c2ccc(Nc3nc(N4CCC[C@@H](NC(=O)N5CCCCC5)C4)nnc3C(N)=O)cc2)CC1,5.259637355804443,5.823740847110749,262,55.1578947368421,False,0.7848101265822784,False,False,O=C(NC1CCCN(c2nncc(Nc3ccc(C4CCNCC4)cc3)n2)C1)N1CCCCC1
CHEMBL6043242,O=C1CCC(N2C(=O)c3cccc(NCCOCCOCCOc4ccc(-c5cc6c(NCc7ccccc7Cl)ncnc6[nH]5)cc4)c3C2=O)C(=O)N1,5.2441253662109375,5.821812611318769,263,55.36842105263158,False,1.0,False,False,O=C1CCC(N2C(=O)c3cccc(NCCOCCOCCOc4ccc(-c5cc6c(NCc7ccccc7)ncnc6[nH]5)cc4)c3C2=O)C(=O)N1
CHEMBL296582,O=C(NCc1ccccc1)c1cc2cc(O)c(O)cc2cn1,5.508638381958008,5.819572060259561,264,55.578947368421055,False,0.6428571428571429,False,False,O=C(NCc1ccccc1)c1cc2ccccc2cn1
CHEMBL48436,O=C(NCc1ccccc1)c1cc2ccc(O)c(O)c2cn1,5.853871822357178,5.818407635045429,265,55.78947368421053,False,0.782608695652174,False,False,O=C(NCc1ccccc1)c1cc2ccccc2cn1
CHEMBL487254,N=C(Nc1ccccc1)SCCCN1C(=O)C2=C(C1=O)n1ccc3cccc(c31)C1Cc3ccccc3N21,5.022276401519775,5.8133228445053104,266,56.0,False,0.25,False,False,N=C(Nc1ccccc1)SCCCN1C(=O)C2=C(C1=O)n1ccc3cccc(c31)C1Cc3ccccc3N21
CHEMBL5873347,C=CC(=O)N1CCCC(Nc2nc(Nc3ccc(N4CCC(O)C(C)(C)C4)cn3)c3c(c2F)CNC3=O)C1,5.080503463745117,5.810776502291361,267,56.21052631578947,False,0.8024691358024691,False,False,O=C1NCc2cc(NC3CCCNC3)nc(Nc3ccc(N4CCCCC4)cn3)c21
CHEMBL5757114,O=C1CCC(N2C(=O)c3ccc(OCCOCCOCCOCCCc4cccc5c4C(=O)N(C(C(=O)Nc4nccs4)c4cc(F)ccc4O)C5)cc3C2=O)C(=O)N1,5.736830234527588,5.805765140014982,268,56.421052631578945,False,0.8173076923076923,False,False,O=C1CCC(N2C(=O)c3ccc(OCCOCCOCCOCCCc4cccc5c4C(=O)N(C(C(=O)Nc4nccs4)c4ccccc4)C5)cc3C2=O)C(=O)N1
CHEMBL4207305,COc1cc(N2CCN(C)CC2)ccc1Nc1ncc(Cl)c(Oc2cccc(NC(=O)CO)c2)n1,5.823908805847168,5.8035029617945355,269,56.63157894736842,False,0.8533333333333334,False,False,c1ccc(Oc2ccnc(Nc3ccc(N4CCNCC4)cc3)n2)cc1
CHEMBL489083,N=C(N)SCCCn1c(=O)c2c(c1=O)n1c3ccccc3cc1c1cccc3ccn2c31,5.337242126464844,5.79322147819731,270,56.8421052631579,False,0.2537313432835821,False,False,O=c1[nH]c(=O)c2c1n1ccc3cccc(c31)c1cc3ccccc3n12
CHEMBL2385980,CCOc1cc([N+](=O)[O-])c(C(=O)Nc2ccc(OCc3cccc(F)c3)c(Cl)c2)cc1NC(=O)c1ccc(CN2CCN(C)CC2)cc1,5.259637355804443,5.790370225376552,271,57.05263157894737,False,0.7804878048780488,False,False,O=C(Nc1cccc(C(=O)Nc2ccc(OCc3ccccc3)cc2)c1)c1ccc(CN2CCNCC2)cc1
CHEMBL5926198,CCN(CC)C(=O)N[C@@H]1CCCN(c2nnc(C(N)=O)c(Nc3ccc(C(=O)N4CCOCC4)cc3)n2)C1,5.259637355804443,5.789037351608276,272,57.26315789473684,False,0.6705882352941176,False,False,O=C(c1ccc(Nc2cnnc(N3CCCCC3)n2)cc1)N1CCOCC1
CHEMBL1946847,CNc1nc(N/N=C/c2ccc(O)cc2)nc(Nc2ccccc2)n1,4.512861728668213,5.778248375574748,273,57.473684210526315,False,0.3114754098360656,False,False,C(=NNc1ncnc(Nc2ccccc2)n1)c1ccccc1
CHEMBL3604918,CCC(=O)Nc1cc(Nc2cc[nH]n2)nc(-c2ccccc2)n1,5.4685211181640625,5.77659296380149,274,57.68421052631579,False,0.6379310344827587,False,False,c1ccc(-c2nccc(Nc3cc[nH]n3)n2)cc1
CHEMBL6009455,Cc1ncsc1-c1ccc(CNC(=O)[C@@H]2C[C@@H](O)CN2C(=O)[C@H](C(C)C)N2Cc3ccccc3C2=O)c(OCCOCCN2CCN(Cc3ccc(-c4cc5c(NCc6ccccc6Cl)ncnc5[nH]4)cc3)CC2)c1,5.721848964691162,5.774799583730243,275,57.89473684210526,False,1.0,False,False,O=C(NCc1ccc(-c2cncs2)cc1OCCOCCN1CCN(Cc2ccc(-c3cc4c(NCc5ccccc5)ncnc4[nH]3)cc2)CC1)C1CCCN1C(=O)CN1Cc2ccccc2C1=O
CHEMBL5860671,Cc1ncsc1-c1ccc(CNC(=O)[C@@H]2C[C@@H](O)CN2C(=O)[C@H](C(C)C)N2Cc3ccccc3C2=O)c(OCCOCCOCCOCCOCCN2CCN(Cc3ccc(-c4cc5c(NCc6ccccc6Cl)ncnc5[nH]4)cc3)CC2)c1,5.405114650726318,5.774799583730243,276,58.10526315789474,False,1.0,False,False,O=C(NCc1ccc(-c2cncs2)cc1OCCOCCOCCOCCOCCN1CCN(Cc2ccc(-c3cc4c(NCc5ccccc5)ncnc4[nH]3)cc2)CC1)C1CCCN1C(=O)CN1Cc2ccccc2C1=O
CHEMBL2424804,O=C(/C=C/c1ccc(Br)s1)Nc1ccc2ncnc(Nc3cccc(Cl)c3)c2c1,5.619788646697998,5.774154184659322,277,58.31578947368421,False,0.746031746031746,False,False,O=C(C=Cc1cccs1)Nc1ccc2ncnc(Nc3ccccc3)c2c1
CHEMBL1094194,CSc1ccc(CCCCCn2cc(CCN)c3cc(OCCc4ccc(O)cc4)ccc32)cc1,5.71669864654541,5.770407780811873,278,58.526315789473685,False,0.6119402985074627,False,False,c1ccc(CCCCCn2ccc3cc(OCCc4ccccc4)ccc32)cc1
CHEMBL3425671,COc1cc(N2CCN(C)CC2)ccc1Nc1ncc(Cl)c(Oc2cccc(NC(C)=O)c2)n1,5.485452175140381,5.765534602801005,279,58.73684210526316,False,0.8133333333333334,False,False,c1ccc(Oc2ccnc(Nc3ccc(N4CCNCC4)cc3)n2)cc1
CHEMBL1812567,O=C(/C=C/c1cccs1)Nc1ccc2ncnc(Nc3cccc(Cl)c3)c2c1,5.055517196655273,5.762171575228373,280,58.94736842105263,False,0.7377049180327869,False,False,O=C(C=Cc1cccs1)Nc1ccc2ncnc(Nc3ccccc3)c2c1
CHEMBL1946845,CNc1nc(N/N=C\c2ccc(OC)cc2)nc(Nc2ccccc2)n1,4.508638381958008,5.75954413816664,281,59.1578947368421,False,0.4067796610169492,False,False,C(=NNc1ncnc(Nc2ccccc2)n1)c1ccccc1
CHEMBL4215164,COc1cc(N2CCN(C)CC2)ccc1Nc1ncc(Cl)c(Oc2cccc(NC(=O)CCO)c2)n1,5.798603057861328,5.753553374608358,282,59.36842105263158,False,0.8831168831168831,False,False,c1ccc(Oc2ccnc(Nc3ccc(N4CCNCC4)cc3)n2)cc1
CHEMBL3134612,COc1cc(Nc2nccc(-c3ccc(Cl)cc3)n2)cc(OC)c1OC,5.668572902679443,5.74470788359642,283,59.578947368421055,False,0.6071428571428571,False,False,c1ccc(Nc2nccc(-c3ccccc3)n2)cc1
CHEMBL5962222,O=C1CCC(N2C(=O)c3ccc(OCCOCCOCCOCCOCCOCC#Cc4cccc5c4C(=O)N([C@@H](C(=O)Nc4nccs4)c4cc(F)ccc4O)C5)cc3C2=O)C(=O)N1,5.012054443359375,5.732658520963457,284,59.78947368421053,False,1.0,False,False,O=C1CCC(N2C(=O)c3ccc(OCCOCCOCCOCCOCCOCC#Cc4cccc5c4C(=O)N(C(C(=O)Nc4nccs4)c4ccccc4)C5)cc3C2=O)C(=O)N1
CHEMBL6032138,CN1CCCN([C@@H]2CCCN(c3cnc(C(N)=O)c(Nc4ccc(C5(C)CCN(C6CC6)CC5)cc4)n3)C2)C1=O,5.259637355804443,5.729219621022542,285,60.0,False,0.9714285714285714,False,False,O=C1NCCCN1C1CCCN(c2cncc(Nc3ccc(C4CCN(C5CC5)CC4)cc3)n2)C1
CHEMBL603,COc1cc(C(=O)NS(=O)(=O)c2ccccc2C)ccc1Cc1cn(C)c2ccc(NC(=O)OC3CCCC3)cc12,5.2402567863464355,5.726269850730896,286,60.21052631578947,False,0.32653061224489793,False,False,O=C(Nc1ccc2[nH]cc(Cc3ccc(C(=O)NS(=O)(=O)c4ccccc4)cc3)c2c1)OC1CCCC1
CHEMBL5946888,CCOc1ccc(C(=O)N[C@@H]2CCCN(c3nnc(C(N)=O)c(Nc4ccc(C5=NCCN5C)cc4)n3)C2)cc1,5.259637355804443,5.71560750802358,287,60.421052631578945,False,0.7560975609756098,False,False,O=C(NC1CCCN(c2nncc(Nc3ccc(C4=NCCN4)cc3)n2)C1)c1ccccc1
CHEMBL1094835,COc1ccc(CCOc2ccc3c(c2)c(CCN)cn3CCCCCc2ccc(SC)cc2)cc1,5.610834121704102,5.704373539833941,288,60.63157894736842,False,0.5970149253731343,False,False,c1ccc(CCCCCn2ccc3cc(OCCc4ccccc4)ccc32)cc1
CHEMBL1240565,Cn1nc(-c2cnc3[nH]ccc3c2)c2c(N)ncnc21,4.823908805847168,5.697123612562815,289,60.8421052631579,False,0.6727272727272727,False,False,c1ncc2c(-c3cnc4[nH]ccc4c3)n[nH]c2n1
CHEMBL358746,N#C/C(=C\c1cc(O)c(O)c(O)c1)C(=O)NCCCCNC(=O)/C(C#N)=C/c1cc(O)c(O)c(O)c1,5.449814796447754,5.696569893000619,290,61.05263157894737,False,0.7804878048780488,False,False,O=C(C=Cc1ccccc1)NCCCCNC(=O)C=Cc1ccccc1
CHEMBL3742200,Oc1nnc(-c2c[nH]c(-c3ccccc3)c2-c2ccccc2)c2cn(-c3ccc(Cl)cc3)nc12,5.357535362243652,5.6894751334190365,291,61.26315789473684,False,0.3835616438356164,False,False,c1ccc(-c2[nH]cc(-c3nncc4nn(-c5ccccc5)cc34)c2-c2ccccc2)cc1
CHEMBL144778,N#C/C(=C\c1ccc(O)c(O)c1)C(=O)NC1CCCC[C@@H]1NC(=O)/C(C#N)=C/c1ccc(O)c(O)c1,5.273723602294922,5.678935182295149,292,61.473684210526315,False,0.7954545454545454,False,False,O=C(C=Cc1ccccc1)NC1CCCCC1NC(=O)C=Cc1ccccc1
CHEMBL4798627,O=C(Cc1csc2nc3ccccc3n12)Nc1ccccc1O,4.259637355804443,5.675065598752763,293,61.68421052631579,False,0.76,False,False,O=C(Cc1csc2nc3ccccc3n12)Nc1ccccc1
CHEMBL3425673,COc1cc(N2CCN(C)CC2)ccc1Nc1ncc(Cl)c(Oc2cccc(NC(=O)CCC3CC3)c2)n1,5.9062395095825195,5.673915549384223,294,61.89473684210526,False,0.8461538461538461,False,False,O=C(CCC1CC1)Nc1cccc(Oc2ccnc(Nc3ccc(N4CCNCC4)cc3)n2)c1
CHEMBL3612599,CCOC(=O)CCCn1c(=O)oc2cc3ncnc(Nc4cc(C)cc(C)c4)c3cc21,5.823908805847168,5.670527919398414,295,62.10526315789474,False,0.726027397260274,False,False,O=c1[nH]c2cc3c(Nc4ccccc4)ncnc3cc2o1
CHEMBL608533,CO[C@@H]1[C@H](N(C)C(=O)c2ccccc2)C[C@H]2O[C@]1(C)n1c3ccccc3c3c4c(c5c6ccccc6n2c5c31)C(=O)NC4,5.522878646850586,5.667302721341451,296,62.31578947368421,False,0.8717948717948718,False,False,O=C(NC1CC2OC(C1)n1c3ccccc3c3c4c(c5c6ccccc6n2c5c31)CNC4=O)c1ccccc1
CHEMBL338448,CO[C@H]1[C@@H](N(C)C(=O)c2ccccc2)C[C@@H]2O[C@@]1(C)n1c3ccccc3c3c4c(c5c6ccccc6n2c5c31)C(=O)NC4,5.721246242523193,5.667302721341451,297,62.526315789473685,False,0.8717948717948718,False,False,O=C(NC1CC2OC(C1)n1c3ccccc3c3c4c(c5c6ccccc6n2c5c31)CNC4=O)c1ccccc1
CHEMBL5894066,C=CC(=O)N1CCCC(Nc2nc(Nc3ccc(C(=O)N4CCOCC4)cc3)c3c(c2F)CNC3=O)C1,5.7481184005737305,5.665892658233642,298,62.73684210526316,False,0.8356164383561644,False,False,O=C1NCc2cc(NC3CCCNC3)nc(Nc3ccc(C(=O)N4CCOCC4)cc3)c21
CHEMBL1233881,COc1ccc(-c2nn(C3CCC3)c3ncnc(N)c23)cc1OC,5.638272285461426,5.654251676003138,299,62.94736842105263,False,0.9574468085106383,False,False,c1ccc(-c2nn(C3CCC3)c3ncncc23)cc1
CHEMBL5888829,C=CC(=O)N1CCC(Oc2cc3c(Nc4cccc(CO)c4)ncnc3cc2OC)CC1,5.06304931640625,5.650764013926188,300,63.1578947368421,False,0.9117647058823529,False,False,c1ccc(Nc2ncnc3ccc(OC4CCNCC4)cc23)cc1
CHEMBL131590,CO[C@H]1[C@@H](N(C)C(=O)c2ccccc2Cl)C[C@@H]2O[C@@]1(C)n1c3ccccc3c3c4c(c5c6ccccc6n2c5c31)C(=O)NC4,5.327902317047119,5.6454322938124335,301,63.36842105263158,False,0.8181818181818182,False,False,O=C(NC1CC2OC(C1)n1c3ccccc3c3c4c(c5c6ccccc6n2c5c31)CNC4=O)c1ccccc1
CHEMBL590877,O=C1CSC(N/N=C/c2cccc(F)c2)=N1,4.868702411651611,5.64415053261651,302,63.578947368421055,False,0.3958333333333333,False,False,O=C1CSC(NN=Cc2ccccc2)=N1
CHEMBL5781511,CCOc1ccc(C(=O)N[C@@H]2CCCN(c3nnc(C(N)=O)c(Nc4ccc(C(=N)N5CCCC5)cc4)n3)C2)cc1,5.259637355804443,5.639997268517812,303,63.78947368421053,False,0.8181818181818182,False,False,N=C(c1ccc(Nc2cnnc(N3CCCC(NC(=O)c4ccccc4)C3)n2)cc1)N1CCCC1
CHEMBL338944,CO[C@H]1[C@@H](N(C)C(=O)c2cccc(Cl)c2)C[C@@H]2O[C@@]1(C)n1c3ccccc3c3c4c(c5c6ccccc6n2c5c31)C(=O)NC4,5.337242126464844,5.6340796491834855,304,64.0,False,0.8095238095238095,False,False,O=C(NC1CC2OC(C1)n1c3ccccc3c3c4c(c5c6ccccc6n2c5c31)CNC4=O)c1ccccc1
CHEMBL130208,CO[C@H]1[C@@H](N(C)C(=O)c2cccc([N+](=O)[O-])c2)C[C@@H]2O[C@@]1(C)n1c3ccccc3c3c4c(c5c6ccccc6n2c5c31)C(=O)NC4,5.318758964538574,5.62975124835968,305,64.21052631578948,False,0.7816091954022989,False,False,O=C(NC1CC2OC(C1)n1c3ccccc3c3c4c(c5c6ccccc6n2c5c31)CNC4=O)c1ccccc1
CHEMBL132169,COc1ccc(C(=O)N(C)[C@H]2C[C@@H]3O[C@](C)([C@H]2OC)n2c4ccccc4c4c5c(c6c7ccccc7n3c6c42)C(=O)NC5)cc1,5.443697452545166,5.628611455758413,306,64.42105263157895,False,0.8076923076923077,False,False,O=C(NC1CC2OC(C1)n1c3ccccc3c3c4c(c5c6ccccc6n2c5c31)CNC4=O)c1ccccc1
CHEMBL1080272,O=C(NCCN1CCCC1)c1cc2cnnc(Nc3ccc(OCc4cccc(F)c4)c(Cl)c3)c2[nH]1,4.819874286651611,5.628163433339861,307,64.63157894736842,False,0.7469879518072289,False,False,O=C(NCCN1CCCC1)c1cc2cnnc(Nc3ccc(OCc4ccccc4)cc3)c2[nH]1
CHEMBL1956887,Nc1nc(Nc2cccc(Br)c2)c2cc(Cc3ccc(-c4ccccc4)cc3)[nH]c2n1,5.210419178009033,5.622392458120982,308,64.84210526315789,False,0.88,False,False,c1ccc(Nc2ncnc3[nH]c(Cc4ccc(-c5ccccc5)cc4)cc23)cc1
CHEMBL592141,COc1cccc(/C=N/NC2=NC(=O)CS2)c1,4.505149841308594,5.618288648090665,309,65.05263157894737,False,0.38181818181818183,False,False,O=C1CSC(NN=Cc2ccccc2)=N1
CHEMBL1641989,CN(C)CCCC(=O)Nc1ccc2c(C#N)cnc(Nc3cccc(Br)c3)c2c1,5.387216091156006,5.61749870300293,310,65.26315789473684,False,0.7,False,False,c1ccc(Nc2nccc3ccccc23)cc1
CHEMBL3739586,Cc1ccc(-n2cc3c(-c4c[nH]c(-c5ccccc5)c4-c4ccccc4)nnc(O)c3n2)cc1,5.462181091308594,5.615189465681712,311,65.47368421052632,False,0.39436619718309857,False,False,c1ccc(-c2[nH]cc(-c3nncc4nn(-c5ccccc5)cc34)c2-c2ccccc2)cc1
CHEMBL160935,Cn1c(SSc2c(C(=O)c3ccco3)c3ccccc3n2C)c(C(=O)c2ccco2)c2ccccc21,5.113509178161621,5.605007312297821,312,65.6842105263158,False,0.6136363636363636,False,False,O=C(c1ccco1)c1c(SSc2[nH]c3ccccc3c2C(=O)c2ccco2)[nH]c2ccccc12
CHEMBL1641994,CCOC(=O)Nc1ccc2c(C#N)cnc(Nc3cccc(Br)c3)c2c1,4.892789840698242,5.5973444747924805,313,65.89473684210526,False,0.6515151515151515,False,False,c1ccc(Nc2nccc3ccccc23)cc1
CHEMBL144908,N#C/C(=C\c1ccc(O)c(O)c1)C(=O)NCCNC(=O)/C(C#N)=C/c1ccc(O)c(O)c1,5.12397575378418,5.5938114450545555,314,66.10526315789474,False,0.8918918918918919,False,False,O=C(C=Cc1ccccc1)NCCNC(=O)C=Cc1ccccc1
CHEMBL5185952,O=C(Cc1csc2nc3ccccc3n12)Nc1cccc(O)c1,4.259637355804443,5.593377106454638,315,66.3157894736842,False,0.6545454545454545,False,False,O=C(Cc1csc2nc3ccccc3n12)Nc1ccccc1
CHEMBL592481,O=C1CSC(N/N=C/c2cc(Cl)cc(Cl)c2O)=N1,5.835647106170654,5.593327416976294,316,66.52631578947368,False,0.40816326530612246,False,False,O=C1CSC(NN=Cc2ccccc2)=N1
CHEMBL131715,CO[C@H]1[C@@H](N(C)C(=O)c2ccc(Cl)cc2)C[C@@H]2O[C@@]1(C)n1c3ccccc3c3c4c(c5c6ccccc6n2c5c31)C(=O)NC4,5.15490198135376,5.590197911262512,317,66.73684210526316,False,0.8181818181818182,False,False,O=C(NC1CC2OC(C1)n1c3ccccc3c3c4c(c5c6ccccc6n2c5c31)CNC4=O)c1ccccc1
CHEMBL3740923,Oc1nnc(-c2c[nH]c(-c3ccccc3)c2-c2ccccc2)c2cn(-c3ccccc3)nc12,5.443697452545166,5.585051858425141,318,66.94736842105263,False,0.3382352941176471,False,False,c1ccc(-c2[nH]cc(-c3nncc4nn(-c5ccccc5)cc34)c2-c2ccccc2)cc1
CHEMBL590875,O=C1CSC(N/N=C/c2cc(Br)cc(Br)c2O)=N1,5.906578540802002,5.5785484091440845,319,67.15789473684211,False,0.40816326530612246,False,False,O=C1CSC(NN=Cc2ccccc2)=N1
CHEMBL590524,O=C1CSC(N/N=C/c2cccc(Br)c2)=N1,5.127261161804199,5.577844644652473,320,67.36842105263158,False,0.3958333333333333,False,False,O=C1CSC(NN=Cc2ccccc2)=N1
CHEMBL5964701,CC#CC(=O)N1CCC[C@@H](Nc2nnc(C(N)=O)c(Nc3ccc(S(C)(=O)=O)cc3)n2)C1,5.259637355804443,5.562740863164266,321,67.57894736842105,False,0.6708860759493671,False,False,c1ccc(Nc2cnnc(NC3CCCNC3)n2)cc1
CHEMBL1944928,COc1ccc2c3oc(=O)cc(O)c3c(=O)n(C)c2c1,4.151662826538086,5.555206016087774,322,67.78947368421052,False,0.3620689655172414,False,False,O=c1ccc2c(=O)[nH]c3ccccc3c2o1
CHEMBL1641995,N#Cc1cnc(Nc2cccc(Br)c2)c2cc(NC(=O)[C@@H]3CCC(=O)N3)ccc12,5.6575775146484375,5.5524057391711645,323,68.0,False,0.5972222222222222,False,False,O=C1CCC(C(=O)Nc2ccc3ccnc(Nc4ccccc4)c3c2)N1
CHEMBL5619757,O=C1NC(c2ccc(OCc3ccc(Cl)cc3)cc2)Nc2ccccc21,4.146910667419434,5.54870627126327,324,68.21052631578948,False,0.29411764705882354,False,False,O=C1NC(c2ccc(OCc3ccccc3)cc2)Nc2ccccc21
CHEMBL485745,Fc1ccc(-c2nn3ccccc3c2-c2ccncc2)cc1,5.200659275054932,5.545483238697052,325,68.42105263157895,False,0.45098039215686275,False,False,c1ccc(-c2nn3ccccc3c2-c2ccncc2)cc1
CHEMBL592139,O=C1CSC(N/N=C/c2cccc(Cl)c2)=N1,4.967381477355957,5.5426310118039455,326,68.63157894736842,False,0.40425531914893614,False,False,O=C1CSC(NN=Cc2ccccc2)=N1
CHEMBL5946793,C=CC(=O)N1CC(Nc2nc(Nc3cccc(N4CCOCC4)c3)c3c(c2F)CNC3=O)CCC1C,5.413863182067871,5.541748191515604,327,68.84210526315789,False,0.8571428571428571,False,False,O=C1NCc2cc(NC3CCCNC3)nc(Nc3cccc(N4CCOCC4)c3)c21
CHEMBL202244,COC(=O)c1c(OCCN2CCCC2)c2ccccc2c2oc3c(c12)C(=O)c1ccccc1C3=O,5.045757293701172,5.537889500572568,328,69.05263157894737,False,0.9824561403508771,False,False,O=C1c2ccccc2C(=O)c2c1oc1c2cc(OCCN2CCCC2)c2ccccc21
CHEMBL5774604,COc1ccc(Sc2sc3nc(N)nc(N)c3c2C)cc1OC,4.8218865394592285,5.534700075785319,329,69.26315789473684,False,0.36923076923076925,False,False,c1ccc(Sc2cc3cncnc3s2)cc1
CHEMBL5832939,Cc1ncsc1-c1ccc(CNC(=O)[C@@H]2C[C@@H](O)CN2C(=O)[C@H](C(C)C)N2Cc3ccccc3C2=O)c(OCCOCCOCC#Cc2cccc3c2C(=O)N([C@@H](C(=O)Nc2nccs2)c2cc(F)ccc2O)C3)c1,5.406380653381348,5.523398449409577,330,69.47368421052632,False,1.0,False,False,O=C(NCc1ccc(-c2cncs2)cc1OCCOCCOCC#Cc1cccc2c1C(=O)N(C(C(=O)Nc1nccs1)c1ccccc1)C2)C1CCCN1C(=O)CN1Cc2ccccc2C1=O
CHEMBL144589,N#C/C(=C\c1ccc(O)c(O)c1)C(=O)NCCCCNC(=O)/C(C#N)=C/c1ccc(O)c(O)c1,5.794189929962158,5.521499843476311,331,69.6842105263158,False,0.972972972972973,False,False,O=C(C=Cc1ccccc1)NCCCCNC(=O)C=Cc1ccccc1
CHEMBL336192,COC(=O)c1ccc(C(=O)N(C)[C@H]2C[C@@H]3O[C@](C)([C@H]2OC)n2c4ccccc4c4c5c(c6c7ccccc7n3c6c42)C(=O)NC5)cc1,5.130768299102783,5.520185440381368,332,69.89473684210526,False,0.8205128205128205,False,False,O=C(NC1CC2OC(C1)n1c3ccccc3c3c4c(c5c6ccccc6n2c5c31)CNC4=O)c1ccccc1
CHEMBL5900120,C=CC(=O)Nc1cccc(Nc2nc3c(c(Nc4cnn(C5CCOCC5)c4)n2)C(=O)NC3)c1,5.155584812164307,5.51744665145874,333,70.10526315789474,False,0.8955223880597015,False,False,O=C1NCc2nc(Nc3ccccc3)nc(Nc3cnn(C4CCOCC4)c3)c21
CHEMBL3353399,C=CC(=O)Nc1cc(Nc2ncc(Cl)c(-c3cnn4ccccc34)n2)c(OC)cc1N1CCN(C(=O)CNC)CC1,3.806875467300415,5.515248817920685,334,70.3157894736842,False,0.8068181818181818,False,False,c1ccn2ncc(-c3ccnc(Nc4ccc(N5CCNCC5)cc4)n3)c2c1
CHEMBL83,CC/C(=C(\c1ccccc1)c1ccc(OCCN(C)C)cc1)c1ccccc1,5.449404716491699,5.509736750259544,335,70.52631578947368,False,0.42857142857142855,False,False,C(=C(c1ccccc1)c1ccccc1)c1ccccc1
CHEMBL592707,Cc1ccc(/C=N/NC2=NC(=O)CS2)cc1,5.486782550811768,5.503885334862604,336,70.73684210526316,False,0.4318181818181818,False,False,O=C1CSC(NN=Cc2ccccc2)=N1
CHEMBL591050,O=C1CSC(N/N=C/c2cccc([N+](=O)[O-])c2)=N1,4.574954986572266,5.5030087031258486,337,70.94736842105263,False,0.36538461538461536,False,False,O=C1CSC(NN=Cc2ccccc2)=N1
CHEMBL291986,N#C/C(=C\c1ccc(O)c(O)c1)C(=O)N1CCN(c2ccccc2)CC1,4.813084602355957,5.499125038385391,338,71.15789473684211,False,0.7906976744186046,False,False,O=C(C=Cc1ccccc1)N1CCN(c2ccccc2)CC1
CHEMBL591051,O=C1CSC(N/N=C/c2cccc(O)c2)=N1,4.713993072509766,5.491215340031519,339,71.36842105263158,False,0.3958333333333333,False,False,O=C1CSC(NN=Cc2ccccc2)=N1
CHEMBL4241867,O=C(N/N=C1\CC2(CCCC2)Oc2ccccc21)Nc1ccc(Cl)cc1,5.721246242523193,5.4887117902437845,340,71.57894736842105,False,0.3835616438356164,False,False,O=C(NN=C1CC2(CCCC2)Oc2ccccc21)Nc1ccccc1
CHEMBL5767398,COc1cccc(Sc2sc3nc(N)nc(N)c3c2C)c1,4.98254919052124,5.486517947212098,341,71.78947368421052,False,0.4098360655737705,False,False,c1ccc(Sc2cc3cncnc3s2)cc1
CHEMBL60472,COc1ccc2c(C(=O)Nc3ccccc3)c(SSc3c(C(=O)Nc4ccccc4)c4ccc(OC)cc4n3C)n(C)c2c1,5.443697452545166,5.481245688597361,342,72.0,False,0.5370370370370371,False,False,O=C(Nc1ccccc1)c1c(SSc2[nH]c3ccccc3c2C(=O)Nc2ccccc2)[nH]c2ccccc12
CHEMBL592708,COc1ccc(/C=N/NC2=NC(=O)CS2)cc1,5.238072395324707,5.478301703532537,343,72.21052631578948,False,0.4107142857142857,False,False,O=C1CSC(NN=Cc2ccccc2)=N1
CHEMBL292323,COc1cccc2c(C(=O)Nc3ccccc3)c(SSc3c(C(=O)Nc4ccccc4)c4cccc(OC)c4n3C)n(C)c12,5.187086582183838,5.478066598574321,344,72.42105263157895,False,0.5769230769230769,False,False,O=C(Nc1ccccc1)c1c(SSc2[nH]c3ccccc3c2C(=O)Nc2ccccc2)[nH]c2ccccc12
CHEMBL358092,COC(=O)c1ccc(-c2ccc(-c3ccccc3)cc2O)cc1,4.853871822357178,5.477493285179138,345,72.63157894736842,False,0.35294117647058826,False,False,c1ccc(-c2ccc(-c3ccccc3)cc2)cc1
CHEMBL5082149,COc1cc(CC(=O)N2CC(=O)N[C@@H](Cc3ccccc3)C(=O)N(CC(N)=O)C(=O)CCSCc3ccc(cc3)C(=O)N[C@@H](CCCCN)CN(C(=O)CCC3CCCCC3)CC(=O)N[C@@H](Cc3ccccc3)CN(C(=O)CCc3ccccc3)CC(=O)N[C@@H](Cc3ccccc3)C2)cc(OC)c1,4.752026557922363,5.471914655708131,346,72.84210526315789,False,0.19708029197080293,False,False,O=C1CCSCc2ccc(cc2)C(=O)NCCN(C(=O)CCC2CCCCC2)CC(=O)NC(Cc2ccccc2)CN(C(=O)CCc2ccccc2)CC(=O)NC(Cc2ccccc2)CN(C(=O)Cc2ccccc2)CC(=O)NC(Cc2ccccc2)C(=O)N1
CHEMBL3741655,Cc1[nH]c(-c2ccccc2)c(-c2ccccc2)c1-c1nnc(C)c2nn(-c3ccc(Cl)cc3)cc12,5.593459606170654,5.466896657148997,347,73.05263157894737,False,0.4925373134328358,False,False,c1ccc(-c2[nH]cc(-c3nncc4nn(-c5ccccc5)cc34)c2-c2ccccc2)cc1
CHEMBL592201,Oc1c(Br)cc(Br)cc1CN(Cc1ccc(F)cc1)C(=S)Nc1ccccc1,5.75448751449585,5.458069506088893,348,73.26315789473684,False,0.7843137254901961,False,False,S=C(Nc1ccccc1)N(Cc1ccccc1)Cc1ccccc1
CHEMBL3741069,Cc1[nH]c(-c2ccccc2)c(-c2ccccc2)c1C(=O)c1cn(-c2ccccc2)nc1-c1ccccc1,5.591760158538818,5.45593487739563,349,73.47368421052632,False,0.7647058823529411,False,False,O=C(c1cn(-c2ccccc2)nc1-c1ccccc1)c1c[nH]c(-c2ccccc2)c1-c1ccccc1
CHEMBL1910273,Nc1scc2c1c(Nc1ccc(S(N)(=O)=O)cc1)nc1ncnc(N)c12,4.530178070068359,5.454407771428426,350,73.6842105263158,False,0.44776119402985076,False,False,c1ccc(Nc2nc3ncncc3c3cscc23)cc1
CHEMBL592200,Oc1c(Cl)cc(Cl)cc1CN(Cc1ccc(F)cc1)C(=S)Nc1ccccc1,5.872895240783691,5.443714279333751,351,73.89473684210526,False,0.7843137254901961,False,False,S=C(Nc1ccccc1)N(Cc1ccccc1)Cc1ccccc1
CHEMBL604671,O=C1CSC(N/N=C/c2ccc([N+](=O)[O-])cc2)=N1,5.166215419769287,5.441367575592466,352,74.10526315789474,False,0.44642857142857145,False,False,O=C1CSC(NN=Cc2ccccc2)=N1
CHEMBL591910,O=C1CSC(N/N=C/c2ccc(Br)cc2)=N1,5.764471530914307,5.440732592635685,353,74.3157894736842,False,0.4318181818181818,False,False,O=C1CSC(NN=Cc2ccccc2)=N1
CHEMBL347161,Cn1c(SSc2c(C(=O)Nc3ccc(C(=O)O)cc3)c3ccccc3n2C)c(C(=O)Nc2ccc(C(=O)O)cc2)c2ccccc21,4.77211332321167,5.435260942379633,354,74.52631578947368,False,0.7209302325581395,False,False,O=C(Nc1ccccc1)c1c(SSc2[nH]c3ccccc3c2C(=O)Nc2ccccc2)[nH]c2ccccc12
CHEMBL363607,Cc1ccc(F)c(C(=O)n2nc(Nc3ccc(S(N)(=O)=O)cc3)nc2C)c1F,4.339134693145752,5.431737467977736,355,74.73684210526316,False,0.515625,False,False,O=C(c1ccccc1)n1cnc(Nc2ccccc2)n1
CHEMBL954,CCN(CC)CCOc1ccc(/C(=C(/Cl)c2ccccc2)c2ccccc2)cc1,5.978810787200928,5.41821154138777,356,74.94736842105263,False,0.36923076923076925,False,False,C(=C(c1ccccc1)c1ccccc1)c1ccccc1
CHEMBL357400,COc1cc(/C=C(\C#N)C(=O)NCCCCNC(=O)/C(C#N)=C/c2cc(Br)c(O)c(OC)c2)cc(Br)c1O,3.991399765014648,5.417827208916346,357,75.15789473684211,False,0.6938775510204082,False,False,O=C(C=Cc1ccccc1)NCCCCNC(=O)C=Cc1ccccc1
CHEMBL589822,O=C1CSC(N/N=C/c2ccc(F)cc2)=N1,5.661543369293213,5.414264937241873,358,75.36842105263158,False,0.4418604651162791,False,False,O=C1CSC(NN=Cc2ccccc2)=N1
CHEMBL291359,CC(=O)Oc1cccc2c(C(=O)Nc3ccccc3)c(SSc3c(C(=O)Nc4ccccc4)c4cccc(OC(C)=O)c4n3C)n(C)c12,5.004364967346191,5.411267343362172,359,75.57894736842105,False,0.5555555555555556,False,False,O=C(Nc1ccccc1)c1c(SSc2[nH]c3ccccc3c2C(=O)Nc2ccccc2)[nH]c2ccccc12
CHEMBL5967377,CN(C)C(=O)N[C@@H]1CCCN(c2cnc(C(N)=O)c(Nc3ccc(C4CCN(C5CCCCC5)CC4)cc3)n2)C1,5.259637355804443,5.40630402247111,360,75.78947368421052,False,0.9850746268656716,False,False,c1cc(C2CCN(C3CCCCC3)CC2)ccc1Nc1cncc(N2CCCCC2)n1
CHEMBL3740582,Cc1[nH]c(-c2ccccc2)c(-c2ccccc2)c1-c1nnc(C)c2nn(-c3ccccc3)cc12,5.410050392150879,5.400087008476257,361,76.0,False,0.45161290322580644,False,False,c1ccc(-c2[nH]cc(-c3nncc4nn(-c5ccccc5)cc34)c2-c2ccccc2)cc1
CHEMBL1641991,CCC(=O)Nc1ccc2c(C#N)cnc(Nc3cccc(Br)c3)c2c1,4.681936740875244,5.397911748886108,362,76.21052631578948,False,0.7230769230769231,False,False,c1ccc(Nc2nccc3ccccc23)cc1
CHEMBL424302,N#C/C(=C\c1ccc(O)c(O)c1)C(=O)NCCCCCCCCCCNC(=O)/C(C#N)=C/c1ccc(O)c(O)c1,5.886056423187256,5.396412029902142,363,76.42105263157895,False,1.0,False,False,O=C(C=Cc1ccccc1)NCCCCCCCCCCNC(=O)C=Cc1ccccc1
CHEMBL2029695,Cn1c(NCc2cccc(C(F)(F)F)c2)cc(=O)n(C)c1=O,4.07623815536499,5.393426579687331,364,76.63157894736842,False,0.359375,False,False,O=c1cc(NCc2ccccc2)[nH]c(=O)[nH]1
CHEMBL589823,O=C1CSC(N/N=C/c2ccc(Cl)cc2)=N1,5.712198257446289,5.3907045491536465,365,76.84210526315789,False,0.4318181818181818,False,False,O=C1CSC(NN=Cc2ccccc2)=N1
CHEMBL3742060,Cc1ccc(-n2cc3c(-c4c(C)[nH]c(-c5ccccc5)c4-c4ccccc4)nnc(C)c3n2)cc1,5.265200138092041,5.383908425966899,366,77.05263157894737,False,0.47692307692307695,False,False,c1ccc(-c2[nH]cc(-c3nncc4nn(-c5ccccc5)cc34)c2-c2ccccc2)cc1
CHEMBL61119,CC(=O)Oc1ccc2c(c1)c(C(=O)Nc1ccccc1)c(SSc1c(C(=O)Nc3ccccc3)c3cc(OC(C)=O)ccc3n1C)n2C,5.275723934173584,5.378572358290355,367,77.26315789473684,False,0.5178571428571429,False,False,O=C(Nc1ccccc1)c1c(SSc2[nH]c3ccccc3c2C(=O)Nc2ccccc2)[nH]c2ccccc12
CHEMBL59812,CC(=O)Oc1cccc2c1c(C(=O)Nc1ccccc1)c(SSc1c(C(=O)Nc3ccccc3)c3c(OC(C)=O)cccc3n1C)n2C,4.698969841003418,5.376076296170552,368,77.47368421052632,False,0.47368421052631576,False,False,O=C(Nc1ccccc1)c1c(SSc2[nH]c3ccccc3c2C(=O)Nc2ccccc2)[nH]c2ccccc12
CHEMBL293889,Cn1c(SSc2c(C(=O)Nc3ccccc3)c3cc(Cl)ccc3n2C)c(C(=O)Nc2ccccc2)c2cc(Cl)ccc21,5.3665313720703125,5.374615118503571,369,77.6842105263158,False,0.5576923076923077,False,False,O=C(Nc1ccccc1)c1c(SSc2[nH]c3ccccc3c2C(=O)Nc2ccccc2)[nH]c2ccccc12
CHEMBL293251,Cn1c(SSc2c(C(=O)Nc3ccccc3)c3cc(Br)ccc3n2C)c(C(=O)Nc2ccccc2)c2cc(Br)ccc21,4.9430952072143555,5.352741233189901,370,77.89473684210526,False,0.5576923076923077,False,False,O=C(Nc1ccccc1)c1c(SSc2[nH]c3ccccc3c2C(=O)Nc2ccccc2)[nH]c2ccccc12
CHEMBL293913,Cn1c(SSc2c(C(=O)Nc3ccccc3)c3ccc(O)cc3n2C)c(C(=O)Nc2ccccc2)c2ccc(O)cc21,4.3565473556518555,5.348752320475049,371,78.10526315789474,False,0.5686274509803921,False,False,O=C(Nc1ccccc1)c1c(SSc2[nH]c3ccccc3c2C(=O)Nc2ccccc2)[nH]c2ccccc12
CHEMBL304414,Cn1c(SSc2c(C(=O)Nc3ccccc3)c3ccccc3n2C)c(C(=O)Nc2ccccc2)c2ccccc21,4.981286525726318,5.348229533831279,372,78.3157894736842,False,0.717948717948718,False,False,O=C(Nc1ccccc1)c1c(SSc2[nH]c3ccccc3c2C(=O)Nc2ccccc2)[nH]c2ccccc12
CHEMBL1077069,CC1=C(C(=O)Nc2cccc([N+](=O)[O-])c2)C(c2ccc(O)cc2O)NC(Nc2ccc(S(=O)(=O)Nc3nc(C)cc(C)n3)cc2)=N1,4.097997188568115,5.341927594343821,373,78.52631578947368,False,0.6710526315789473,False,False,O=C(Nc1ccccc1)C1=CN=C(Nc2ccc(S(=O)(=O)Nc3ncccn3)cc2)NC1c1ccccc1
CHEMBL244948,O=c1ccc2ccc(O)c(O)c2o1,5.115204811096191,5.329758889357249,374,78.73684210526316,False,0.37777777777777777,False,False,O=c1ccc2ccccc2o1
CHEMBL590876,O=C1CSC(N/N=C/c2ccc(O)cc2)=N1,5.326979160308838,5.328693409760794,375,78.94736842105263,False,0.4318181818181818,False,False,O=C1CSC(NN=Cc2ccccc2)=N1
CHEMBL345837,Cn1c(SSc2c(C(=O)Nc3cccc(C(=O)O)c3)c3ccccc3n2C)c(C(=O)Nc2cccc(C(=O)O)c2)c2ccccc21,4.92081880569458,5.32677705001831,376,79.15789473684211,False,0.6041666666666666,False,False,O=C(Nc1ccccc1)c1c(SSc2[nH]c3ccccc3c2C(=O)Nc2ccccc2)[nH]c2ccccc12
CHEMBL5863747,COC1CCN(c2nccc(Nc3cc4c(cn3)nc(COCCN3CCN(CCOCC(=O)N[C@H](C(=O)N5C[C@H](O)C[C@H]5C(=O)N[C@@H](C)c5ccc(-c6scnc6C)cc5)C(C)(C)C)CC3)n4C(C)C)n2)CC1,4.92081880569458,5.31827786842982,377,79.36842105263158,False,0.9743589743589743,False,False,O=C(COCCN1CCN(CCOCc2nc3cnc(Nc4ccnc(N5CCCCC5)n4)cc3[nH]2)CC1)NCC(=O)N1CCCC1C(=O)NCc1ccc(-c2cncs2)cc1
CHEMBL62843,Cn1c(SSc2c(C(=O)Nc3ccccc3)c3cccc(O)c3n2C)c(C(=O)Nc2ccccc2)c2cccc(O)c21,4.0,5.317352193593979,378,79.57894736842105,False,0.6122448979591837,False,False,O=C(Nc1ccccc1)c1c(SSc2[nH]c3ccccc3c2C(=O)Nc2ccccc2)[nH]c2ccccc12
CHEMBL345862,Cn1c(SSc2c(C(=O)Nc3ccccc3C(=O)O)c3ccccc3n2C)c(C(=O)Nc2ccccc2C(=O)O)c2ccccc21,4.327902317047119,5.3161228656768795,379,79.78947368421052,False,0.6363636363636364,False,False,O=C(Nc1ccccc1)c1c(SSc2[nH]c3ccccc3c2C(=O)Nc2ccccc2)[nH]c2ccccc12
CHEMBL293986,Cn1c(SSc2c(C(=O)Nc3ccccc3)c3c(Cl)cccc3n2C)c(C(=O)Nc2ccccc2)c2c(Cl)cccc21,4.0,5.312454591592153,380,80.0,False,0.5094339622641509,False,False,O=C(Nc1ccccc1)c1c(SSc2[nH]c3ccccc3c2C(=O)Nc2ccccc2)[nH]c2ccccc12
CHEMBL1504817,O=C1NN(c2ccc(F)c(Cl)c2)C(=O)/C1=C\c1cccc(OC(=O)c2cccs2)c1,5.455932140350342,5.303954730033874,381,80.21052631578948,False,0.4666666666666667,False,False,O=C1NN(c2ccccc2)C(=O)C1=Cc1cccc(OC(=O)c2cccs2)c1
CHEMBL293250,Cn1c(SSc2c(C(=O)Nc3ccccc3)c3cc(O)ccc3n2C)c(C(=O)Nc2ccccc2)c2cc(O)ccc21,4.392544746398926,5.301540907303493,382,80.42105263157895,False,0.5686274509803921,False,False,O=C(Nc1ccccc1)c1c(SSc2[nH]c3ccccc3c2C(=O)Nc2ccccc2)[nH]c2ccccc12
CHEMBL589503,O=C(NC1CCCC1)c1ccc(N(CCCl)CCCl)cc1,4.452348232269287,5.283304625617133,383,80.63157894736842,False,0.5714285714285714,False,False,O=C(NC1CCCC1)c1ccccc1
CHEMBL291979,Cn1c(SSc2c(C(=O)Nc3ccccc3)c3cc(C#N)ccc3n2C)c(C(=O)Nc2ccccc2)c2cc(C#N)ccc21,4.266802787780762,5.271835843404134,384,80.84210526315789,False,0.5272727272727272,False,False,O=C(Nc1ccccc1)c1c(SSc2[nH]c3ccccc3c2C(=O)Nc2ccccc2)[nH]c2ccccc12
CHEMBL4776925,S=C(NNc1ccccc1)Nc1ccc2c(c1)OCO2,5.082809925079346,5.268597658528222,385,81.05263157894737,False,0.6222222222222222,False,False,S=C(NNc1ccccc1)Nc1ccc2c(c1)OCO2
CHEMBL64430,Cn1c(SSc2c(C(=O)Nc3ccccc3)c3cc([N+](=O)[O-])ccc3n2C)c(C(=O)Nc2ccccc2)c2cc([N+](=O)[O-])ccc21,5.301030158996582,5.267396980603536,386,81.26315789473684,False,0.5178571428571429,False,False,O=C(Nc1ccccc1)c1c(SSc2[nH]c3ccccc3c2C(=O)Nc2ccccc2)[nH]c2ccccc12
CHEMBL926,CC(CCc1ccc(O)cc1)NCCc1ccc(O)c(O)c1,5.25562858581543,5.259207136763467,387,81.47368421052632,False,0.3333333333333333,False,False,c1ccc(CCCNCCc2ccccc2)cc1
CHEMBL56201,CN1C(=O)C(=C(C#N)C#N)c2cc(O)ccc21,4.585026741027832,5.223689486053255,388,81.6842105263158,False,0.2926829268292683,False,False,C=C1C(=O)Nc2ccccc21
CHEMBL589590,CCCCN(Cc1cc(Br)cc(Br)c1O)C(=S)Nc1ccccc1,4.495665073394775,5.220108585022114,389,81.89473684210526,False,0.5818181818181818,False,False,S=C(NCc1ccccc1)Nc1ccccc1
CHEMBL1641997,N#Cc1cnc(Nc2cccc(Br)c2)c2cc(NC(=O)c3ccoc3)ccc12,4.3448615074157715,5.218603466351827,390,82.10526315789474,False,0.734375,False,False,O=C(Nc1ccc2ccnc(Nc3ccccc3)c2c1)c1ccoc1
CHEMBL591440,CCCCN(Cc1cc(Cl)cc(Cl)c1O)C(=S)Nc1ccccc1,4.608182907104492,5.209622659255976,391,82.3157894736842,False,0.5818181818181818,False,False,S=C(NCc1ccccc1)Nc1ccccc1
CHEMBL145266,COc1cc(/C=C(\C#N)C(=O)NCCCCNC(=O)/C(C#N)=C/c2cc(OC)c(O)c([N+](=O)[O-])c2)cc([N+](=O)[O-])c1O,4.336014270782471,5.184365566518571,392,82.52631578947368,False,0.6346153846153846,False,False,O=C(C=Cc1ccccc1)NCCCCNC(=O)C=Cc1ccccc1
CHEMBL604785,Cc1cccc(CN(Cc2ccc(O)cc2)C(=S)Nc2ccccc2)c1O,5.460923671722412,5.179927407900492,393,82.73684210526316,False,0.7659574468085106,False,False,S=C(Nc1ccccc1)N(Cc1ccccc1)Cc1ccccc1
CHEMBL2332119,NC(=O)C1=C(N)C(=O)C=C(Nc2ccccc2O)C1=O,5.585026741027832,5.179401375585132,394,82.94736842105263,False,0.24324324324324326,False,False,O=C1C=CC(=O)C(Nc2ccccc2)=C1
CHEMBL3353395,C=CC(=O)Nc1cc(Nc2ncc(Cl)c(-c3cnn4ccccc34)n2)c(OC)cc1N1CCN(C(=O)CN(C)C)CC1,4.136677265167236,5.1713121611542165,395,83.15789473684211,False,0.797752808988764,False,False,c1ccn2ncc(-c3ccnc(Nc4ccc(N5CCNCC5)cc4)n3)c2c1
CHEMBL309075,NCCNC(=O)c1ccc(S(=O)(=O)Oc2ccc(/C=C/[N+](=O)[O-])cc2)cc1,5.284317970275879,5.168553837617239,396,83.36842105263158,False,0.4235294117647059,False,False,O=S(=O)(Oc1ccccc1)c1ccccc1
CHEMBL319244,O=C(/C=C/c1ccc(O)c(O)c1)OCCc1ccccc1,5.997833728790283,5.160550955401527,397,83.57894736842105,False,0.525,False,False,O=C(C=Cc1ccccc1)OCCc1ccccc1
CHEMBL3353402,C=CC(=O)Nc1cc(Nc2ncc(Cl)c(-c3cnn4ccccc34)n2)c(OC)cc1N1CCN(C(=O)[C@@H](C)N)CC1,3.454692840576172,5.154724878814485,398,83.78947368421052,False,0.797752808988764,False,False,c1ccn2ncc(-c3ccnc(Nc4ccc(N5CCNCC5)cc4)n3)c2c1
CHEMBL3353396,C=CC(=O)Nc1cc(Nc2ncc(Cl)c(-c3cnn4ccccc34)n2)c(OC)cc1N1CCN(C(=O)[C@H](C)N)CC1,4.552842140197754,5.154724878814485,399,84.0,False,0.797752808988764,False,False,c1ccn2ncc(-c3ccnc(Nc4ccc(N5CCNCC5)cc4)n3)c2c1
CHEMBL418907,COc1cc(/C=C/[N+](=O)[O-])ccc1OS(=O)(=O)c1ccc(C(=O)O)cc1,5.53786039352417,5.143947916825613,400,84.21052631578948,False,0.54,False,False,O=S(=O)(Oc1ccccc1)c1ccccc1
CHEMBL312451,C[C@@H](NC(=O)c1ccc(S(=O)(=O)Oc2ccc(/C=C/[N+](=O)[O-])cc2)cc1)C(=O)N[C@H](C)C(=O)OC(C)(C)C,4.397940158843994,5.142744799137116,401,84.42105263157895,False,0.3684210526315789,False,False,O=S(=O)(Oc1ccccc1)c1ccccc1
CHEMBL483234,C[C@H](NC(=O)c1ccc(S(=O)(=O)Oc2ccc(/C=C/[N+](=O)[O-])cc2)cc1)C(=O)N[C@@H](C)C(=O)OC(C)(C)C,4.397940158843994,5.142744799137116,402,84.63157894736842,False,0.3684210526315789,False,False,O=S(=O)(Oc1ccccc1)c1ccccc1
CHEMBL78280,CNC(=O)c1ccc(S(=O)(=O)Oc2ccc(/C=C(\C)[N+](=O)[O-])cc2OC)cc1,5.397940158843994,5.137688798904419,403,84.84210526315789,False,0.4,False,False,O=S(=O)(Oc1ccccc1)c1ccccc1
CHEMBL543600,CC(CN(C)C)C(=O)c1ccc(OS(=O)(=O)c2ccc(C(=O)O)cc2)cc1,4.0,5.13268796807106,404,85.05263157894737,False,0.3548387096774194,False,False,O=S(=O)(Oc1ccccc1)c1ccccc1
CHEMBL3353400,C=CC(=O)Nc1cc(Nc2ncc(Cl)c(-c3cnn4ccccc34)n2)c(OC)cc1N1CCN(C(=O)[C@H](C)O)CC1,3.7471470832824703,5.126742576254739,405,85.26315789473684,False,0.8068181818181818,False,False,c1ccn2ncc(-c3ccnc(Nc4ccc(N5CCNCC5)cc4)n3)c2c1
CHEMBL5792559,COC1CCN(c2nccc(Nc3cc4c(cn3)nc(COCCOCCOCC(=O)N[C@H](C(=O)N3C[C@@H](O)C[C@@H]3C(=O)N[C@@H](C)c3ccc(-c5scnc5C)cc3)C(C)(C)C)n4C(C)C)n2)CC1,4.9836907386779785,5.122328047633172,406,85.47368421052632,False,1.0,False,False,O=C(COCCOCCOCc1nc2cnc(Nc3ccnc(N4CCCCC4)n3)cc2[nH]1)NCC(=O)N1CCCC1C(=O)NCc1ccc(-c2cncs2)cc1
CHEMBL5873242,COC1CCN(c2nccc(Nc3cc4c(cn3)nc(COCCOCCOCCOCC(=O)N[C@H](C(=O)N3C[C@@H](O)C[C@@H]3C(=O)N[C@@H](C)c3ccc(-c5scnc5C)cc3)C(C)(C)C)n4C(C)C)n2)CC1,4.828394412994385,5.122328047633172,407,85.6842105263158,False,1.0,False,False,O=C(COCCOCCOCCOCc1nc2cnc(Nc3ccnc(N4CCCCC4)n3)cc2[nH]1)NCC(=O)N1CCCC1C(=O)NCc1ccc(-c2cncs2)cc1
CHEMBL5923228,O=C1CCC(N2C(=O)c3cccc(NCCOCCOCCOCCOCC#Cc4cccc5c4C(=O)N([C@@H](C(=O)Nc4nccs4)c4cc(F)ccc4O)C5)c3C2=O)C(=O)N1,5.292513370513916,5.116927293478494,408,85.89473684210526,False,1.0,False,False,O=C1CCC(N2C(=O)c3cccc(NCCOCCOCCOCCOCC#Cc4cccc5c4C(=O)N(C(C(=O)Nc4nccs4)c4ccccc4)C5)c3C2=O)C(=O)N1
CHEMBL158275,Cn1c(SSc2c(C(=O)NCc3ccccc3)c3ccccc3n2C)c(C(=O)NCc2ccccc2)c2ccccc21,5.7695512771606445,5.10209285179774,409,86.10526315789474,False,0.7619047619047619,False,False,O=C(NCc1ccccc1)c1c(SSc2[nH]c3ccccc3c2C(=O)NCc2ccccc2)[nH]c2ccccc12
CHEMBL1242665,CC(C)n1nc(-c2ccn3ccnc3c2)c2c(N)ncnc21,4.346787452697754,5.100892535845438,410,86.3157894736842,False,0.6346153846153846,False,False,c1ncc2c(-c3ccn4ccnc4c3)n[nH]c2n1
CHEMBL5812290,COc1ccccc1Sc1sc2nc(N)nc(N)c2c1C,4.98254919052124,5.0953205206659105,411,86.52631578947368,False,0.41935483870967744,False,False,c1ccc(Sc2cc3cncnc3s2)cc1
CHEMBL1241775,CC(C)n1nc(-c2cnc3nccnc3c2)c2c(N)ncnc21,4.15490198135376,5.072831630706787,412,86.73684210526316,False,0.7142857142857143,False,False,c1cnc2ncc(-c3n[nH]c4ncncc34)cc2n1
CHEMBL347659,COC(=O)c1ccc(CNC(=O)c2c(SSc3c(C(=O)NCc4ccc(C(=O)OC)cc4)c4ccccc4n3C)n(C)c3ccccc23)cc1,4.886056423187256,5.065314014752706,413,86.94736842105263,False,0.723404255319149,False,False,O=C(NCc1ccccc1)c1c(SSc2[nH]c3ccccc3c2C(=O)NCc2ccccc2)[nH]c2ccccc12
CHEMBL592247,Cc1cc(C)c(O)c(CN(Cc2ccc(O)cc2)C(=S)Nc2ccccc2)c1,5.2343316078186035,5.065275427500407,414,87.15789473684211,False,0.7755102040816326,False,False,S=C(Nc1ccccc1)N(Cc1ccccc1)Cc1ccccc1
CHEMBL158805,Cn1c(SSc2c(C(=O)NCc3ccc(C(=O)O)cc3)c3ccccc3n2C)c(C(=O)NCc2ccc(C(=O)O)cc2)c2ccccc21,5.275723934173584,5.060223124821981,415,87.36842105263158,False,0.6888888888888889,False,False,O=C(NCc1ccccc1)c1c(SSc2[nH]c3ccccc3c2C(=O)NCc2ccccc2)[nH]c2ccccc12
CHEMBL1242208,CC(C)n1nc(-c2ccc3ccncc3c2)c2c(N)ncnc21,4.0,5.051527784665425,416,87.57894736842105,False,0.9148936170212766,False,False,c1cc2ccc(-c3n[nH]c4ncncc34)cc2cn1
CHEMBL309392,C[C@@H](NC(=O)c1ccc(S(=O)(=O)Oc2ccc(/C=C/[N+](=O)[O-])cc2)cc1)C(=O)N[C@H](C)C(=O)NCCN,4.7695512771606445,5.049274688243866,417,87.78947368421052,False,0.375,False,False,O=S(=O)(Oc1ccccc1)c1ccccc1
CHEMBL488101,C[C@H](NC(=O)c1ccc(S(=O)(=O)Oc2ccc(/C=C/[N+](=O)[O-])cc2)cc1)C(=O)N[C@@H](C)C(=O)NCCN,4.698969841003418,5.049274688243866,418,88.0,False,0.375,False,False,O=S(=O)(Oc1ccccc1)c1ccccc1
CHEMBL77401,COC(=O)c1ccc(S(=O)(=O)Oc2ccc(/C=C/[N+](=O)[O-])cc2)cc1,5.761439323425293,5.048986481030782,419,88.21052631578948,False,0.45569620253164556,False,False,O=S(=O)(Oc1ccccc1)c1ccccc1
CHEMBL76929,COC(=O)c1ccc(S(=O)(=O)Oc2ccc(/C=C/[N+](=O)[O-])cc2)cc1O,5.721848964691162,5.0445343160629275,420,88.42105263157895,False,0.4444444444444444,False,False,O=S(=O)(Oc1ccccc1)c1ccccc1
CHEMBL78206,CC(C)(C)NC(=O)c1ccc(S(=O)(=O)Oc2ccc(/C=C/[N+](=O)[O-])cc2)cc1,5.886056423187256,5.036443043231964,421,88.63157894736842,False,0.4,False,False,O=S(=O)(Oc1ccccc1)c1ccccc1
CHEMBL4455321,Cn1cc(NC(=O)c2cccc(NS(=O)(=O)c3ccc(Cl)cc3)c2)cn1,4.516412734985352,5.029501516819,422,88.84210526315789,False,0.7368421052631579,False,False,O=C(Nc1cn[nH]c1)c1cccc(NS(=O)(=O)c2ccccc2)c1
CHEMBL311133,C[C@@H](NC(=O)[C@@H](C)NC(=O)c1ccc(S(=O)(=O)Oc2ccc(/C=C/[N+](=O)[O-])cc2)cc1)C(=O)O,5.15490198135376,5.021171498378118,423,89.05263157894737,False,0.38461538461538464,False,False,O=S(=O)(Oc1ccccc1)c1ccccc1
CHEMBL490775,C[C@H](NC(=O)[C@H](C)NC(=O)c1ccc(S(=O)(=O)Oc2ccc(/C=C/[N+](=O)[O-])cc2)cc1)C(=O)O,5.15490198135376,5.021171498378118,424,89.26315789473684,False,0.38461538461538464,False,False,O=S(=O)(Oc1ccccc1)c1ccccc1
CHEMBL77397,COc1cc(/C=C(\C)[N+](=O)[O-])ccc1OS(=O)(=O)c1ccc(C(=O)O)cc1,5.562469482421875,5.01847926457723,425,89.47368421052632,False,0.4230769230769231,False,False,O=S(=O)(Oc1ccccc1)c1ccccc1
CHEMBL5798503,Cc1ncsc1-c1ccc([C@H](C)NC(=O)[C@@H]2C[C@@H](O)CN2C(=O)[C@@H](NC(=O)COCCOCCOCCc2ccc(OC3CCN(c4nccc(Nc5cc6c(cn5)nc(C)n6C(C)C)n4)CC3)cc2)C(C)(C)C)cc1,4.853871822357178,5.008330849146086,426,89.6842105263158,False,0.7874015748031497,False,False,O=C(COCCOCCOCCc1ccc(OC2CCN(c3nccc(Nc4cc5[nH]cnc5cn4)n3)CC2)cc1)NCC(=O)N1CCCC1C(=O)NCc1ccc(-c2cncs2)cc1
CHEMBL418906,CC(C)(C)OC(=O)NCCNC(=O)c1ccc(S(=O)(=O)Oc2ccc(/C=C/[N+](=O)[O-])cc2)cc1,5.926936149597168,4.996830616474152,427,89.89473684210526,False,0.3804347826086957,False,False,O=S(=O)(Oc1ccccc1)c1ccccc1
CHEMBL589801,Cc1cccc(CN(Cc2ccc(F)cc2)C(=S)Nc2ccccc2)c1O,5.068542003631592,4.988460799853007,428,90.10526315789474,False,0.7755102040816326,False,False,S=C(Nc1ccccc1)N(Cc1ccccc1)Cc1ccccc1
CHEMBL345641,O=C(Nc1ccccc1)c1c(SSc2[nH]c3ccccc3c2C(=O)Nc2ccccc2)[nH]c2ccccc12,4.0,4.976085956096649,429,90.3157894736842,False,0.6842105263157895,False,False,O=C(Nc1ccccc1)c1c(SSc2[nH]c3ccccc3c2C(=O)Nc2ccccc2)[nH]c2ccccc12
CHEMBL77100,CCCCNC(=O)c1ccc(S(=O)(=O)Oc2ccc(/C=C/[N+](=O)[O-])cc2)cc1,5.309894561767578,4.9663091453711194,430,90.52631578947368,False,0.3977272727272727,False,False,O=S(=O)(Oc1ccccc1)c1ccccc1
CHEMBL2047253,Nc1nc2c(c(Nc3ccc(Cl)cc3F)n1)-c1ccccc1C2,4.931814193725586,4.954542698595259,431,90.73684210526316,False,0.5084745762711864,False,False,c1ccc(Nc2ncnc3c2-c2ccccc2C3)cc1
CHEMBL47173,O=C1Nc2ccccc2/C1=C/c1ccc(-c2cccs2)s1,4.995678424835205,4.931664061148961,432,90.94736842105263,False,0.5833333333333334,False,False,O=C1Nc2ccccc2C1=Cc1ccc(-c2cccs2)s1
CHEMBL57462,N#CC(C#N)=C1C(=O)Nc2cc(O)c(O)cc21,5.562469482421875,4.930161578655243,433,91.15789473684211,False,0.48484848484848486,False,False,C=C1C(=O)Nc2ccccc21
CHEMBL4066118,c1ccc2c(Cc3nnc(Cc4nc5ccccc5[nH]4)o3)cccc2c1,5.2441253662109375,4.928989828427633,434,91.36842105263158,False,0.7111111111111111,False,False,c1ccc2c(Cc3nnc(Cc4nc5ccccc5[nH]4)o3)cccc2c1
CHEMBL347668,O=C(CCc1c(SSc2[nH]c3ccccc3c2CCC(=O)NCc2ccc(C(=O)O)c(O)c2)[nH]c2ccccc12)NCc1ccc(C(=O)O)c(O)c1,5.070580959320068,4.92512881676356,435,91.57894736842105,False,0.6363636363636364,False,False,O=C(CCc1c(SSc2[nH]c3ccccc3c2CCC(=O)NCc2ccccc2)[nH]c2ccccc12)NCc1ccccc1
CHEMBL589413,CCCCN(Cc1cccc(Cl)c1O)C(=S)Nc1ccccc1,4.741841793060303,4.910288662910461,436,91.78947368421052,False,0.7708333333333334,False,False,S=C(NCc1ccccc1)Nc1ccccc1
CHEMBL347854,Cc1ccc(S(=O)(=O)c2c(SSc3[nH]c4ccccc4c3S(=O)(=O)c3ccc(C)cc3)[nH]c3ccccc23)cc1,4.542118072509766,4.887684095700582,437,92.0,False,0.41304347826086957,False,False,O=S(=O)(c1ccccc1)c1c(SSc2[nH]c3ccccc3c2S(=O)(=O)c2ccccc2)[nH]c2ccccc12
CHEMBL464721,CCC(C)/C=C/C(=O)C(=O)/C=C/C=C/C=C/C=C/C=C/C=C/[C@@H]1C[C@@H](O)[C@H](C(=O)O)O1,5.79587984085083,4.882280390395059,438,92.21052631578948,False,0.16455696202531644,False,False,C1CCOC1
CHEMBL592224,Cc1cc(C)c(O)c(CN(Cc2ccc(F)cc2)C(=S)Nc2ccccc2)c1,4.711974620819092,4.881948409080505,439,92.42105263157895,False,0.7843137254901961,False,False,S=C(Nc1ccccc1)N(Cc1ccccc1)Cc1ccccc1
CHEMBL422540,c1ccc(-c2c(SSc3[nH]c4ccccc4c3-c3ccccc3)[nH]c3ccccc23)cc1,4.0,4.88001823425293,440,92.63157894736842,False,0.46153846153846156,False,False,c1ccc(-c2c(SSc3[nH]c4ccccc4c3-c3ccccc3)[nH]c3ccccc23)cc1
CHEMBL5960969,Cc1ncsc1-c1ccc([C@H](C)NC(=O)[C@H]2C[C@H](O)CN2C(=O)[C@@H](NC(=O)COCCOCCOCCOCCOC2CCN(c3nccc(Nc4cc5c(cn4)nc(C)n5C(C)C)n3)CC2)C(C)(C)C)cc1,4.853871822357178,4.87631980663065,441,92.84210526315789,False,0.8403361344537815,False,False,O=C(COCCOCCOCCOCCOC1CCN(c2nccc(Nc3cc4[nH]cnc4cn3)n2)CC1)NCC(=O)N1CCCC1C(=O)NCc1ccc(-c2cncs2)cc1
CHEMBL4552065,Cn1cc(NC(=O)c2cccc(NS(=O)(=O)c3ccccc3)c2)cn1,4.464959144592285,4.874740358193716,442,93.05263157894737,False,0.7755102040816326,False,False,O=C(Nc1cn[nH]c1)c1cccc(NS(=O)(=O)c2ccccc2)c1
CHEMBL4102214,c1ccc(C(c2ccccc2)c2nnc(Cc3nc4ccccc4[nH]3)o2)cc1,4.346787452697754,4.869232627948125,443,93.26315789473684,False,0.6666666666666666,False,False,c1ccc(C(c2ccccc2)c2nnc(Cc3nc4ccccc4[nH]3)o2)cc1
CHEMBL606027,CCCCN(Cc1cccc(Br)c1O)C(=S)Nc1ccccc1,4.656788349151611,4.864044887224833,444,93.47368421052632,False,0.7708333333333334,False,False,S=C(NCc1ccccc1)Nc1ccccc1
CHEMBL336410,O=C(NCc1ccccc1)[C@H](Cc1c([Se][Se]c2[nH]c3ccccc3c2C[C@@H](NC(=O)C(F)(F)F)C(=O)NCc2ccccc2)[nH]c2ccccc12)NC(=O)C(F)(F)F,5.15490198135376,4.857603615919749,445,93.6842105263158,False,0.4098360655737705,False,False,O=C(CCc1c([Se][Se]c2[nH]c3ccccc3c2CCC(=O)NCc2ccccc2)[nH]c2ccccc12)NCc1ccccc1
CHEMBL591437,CCCCN(Cc1cccc(C)c1O)C(=S)Nc1ccccc1,4.364415645599365,4.8462635858853655,446,93.89473684210526,False,0.5849056603773585,False,False,S=C(NCc1ccccc1)Nc1ccccc1
CHEMBL4087489,C1=CC2=C(Cc3nnc(Cc4nc5ccccc5[nH]4)o3)CNC2C=C1,4.064492702484131,4.839340867996216,447,94.10526315789474,False,0.5471698113207547,False,False,C1=CC2=C(Cc3nnc(Cc4nc5ccccc5[nH]4)o3)CNC2C=C1
CHEMBL1241770,Nc1ncnc2c1c(-c1ccc(Cl)c(O)c1)nn2CC1CCNC1,5.696804046630859,4.827162882328033,448,94.3157894736842,False,0.896551724137931,False,False,c1ccc(-c2nn(CC3CCNC3)c3ncncc23)cc1
CHEMBL154822,COC(=O)c1ccc(CNC(=O)CCc2c(SSc3[nH]c4ccccc4c3CCC(=O)NCc3ccc(C(=O)OC)c(O)c3)[nH]c3ccccc23)cc1O,4.0,4.819897717634837,449,94.52631578947368,False,0.5964912280701754,False,False,O=C(CCc1c(SSc2[nH]c3ccccc3c2CCC(=O)NCc2ccccc2)[nH]c2ccccc12)NCc1ccccc1
CHEMBL56964,COc1cc2c(cc1O)NC(=O)C2=C(C#N)C#N,4.221848964691162,4.81140919526418,450,94.73684210526316,False,0.4,False,False,C=C1C(=O)Nc2ccccc21
CHEMBL347160,O=C(NCc1ccccc1)c1c(SSc2[nH]c3ccccc3c2C(=O)NCc2ccccc2)[nH]c2ccccc12,4.823908805847168,4.753057949542999,451,94.94736842105263,False,0.65,False,False,O=C(NCc1ccccc1)c1c(SSc2[nH]c3ccccc3c2C(=O)NCc2ccccc2)[nH]c2ccccc12
CHEMBL2047248,Nc1nc2c(c(Nc3cccc(Br)c3)n1)-c1ccccc1C2,4.617982864379883,4.708755821122064,452,95.15789473684211,False,0.6938775510204082,False,False,c1ccc(Nc2ncnc3c2-c2ccccc2C3)cc1
CHEMBL155389,O=C(CC1C(S)=Nc2ccccc21)NCc1ccccc1,4.0,4.69204735159874,453,95.36842105263158,False,0.7727272727272727,False,False,O=C(CC1C=Nc2ccccc21)NCc1ccccc1
CHEMBL2047245,CC(C)c1ccc(Nc2nc(N)nc3c2-c2ccccc2C3)cc1,4.3705902099609375,4.685779541863336,454,95.57894736842105,False,0.4807692307692308,False,False,c1ccc(Nc2ncnc3c2-c2ccccc2C3)cc1
CHEMBL346716,CC(=O)NC(Cc1c(SSc2[nH]c3ccccc3c2CC(NC(C)=O)C(=O)NCc2ccccc2)[nH]c2ccccc12)C(=O)NCc1ccccc1,4.2924299240112305,4.672123050689697,455,95.78947368421052,False,0.5961538461538461,False,False,O=C(CCc1c(SSc2[nH]c3ccccc3c2CCC(=O)NCc2ccccc2)[nH]c2ccccc12)NCc1ccccc1
CHEMBL348146,CC(=O)OC(Cc1c(SSc2[nH]c3ccccc3c2CC(OC(C)=O)C(=O)NCc2ccccc2)[nH]c2ccccc12)C(=O)NCc1ccccc1,4.552842140197754,4.654638675053914,456,96.0,False,0.5849056603773585,False,False,O=C(CCc1c(SSc2[nH]c3ccccc3c2CCC(=O)NCc2ccccc2)[nH]c2ccccc12)NCc1ccccc1
CHEMBL2047241,Nc1nc2c(c(Nc3ccc(F)cc3)n1)-c1ccccc1C2,3.5589334964752197,4.649035540156895,457,96.21052631578948,False,0.5102040816326531,False,False,c1ccc(Nc2ncnc3c2-c2ccccc2C3)cc1
CHEMBL291313,N#CC(C#N)=C1C(=O)Nc2ccc([N+](=O)[O-])cc21,4.397940158843994,4.644620196024577,458,96.42105263157895,False,0.4,False,False,C=C1C(=O)Nc2ccccc21
CHEMBL3800448,CC(O)c1cccc(NC(=O)c2cc3ccccc3[nH]2)c1,4.4685211181640625,4.644369737307231,459,96.63157894736842,False,0.7777777777777778,False,False,O=C(Nc1ccccc1)c1cc2ccccc2[nH]1
CHEMBL2047247,Nc1nc2c(c(Nc3ccc(Cl)cc3)n1)-c1ccccc1C2,4.585026741027832,4.633571518262228,460,96.84210526315789,False,0.5102040816326531,False,False,c1ccc(Nc2ncnc3c2-c2ccccc2C3)cc1
CHEMBL592240,O=C1CSC(NN=C2CCCCCCC2)=N1,4.568636417388916,4.632924812899695,461,97.05263157894737,False,1.0,False,False,O=C1CSC(NN=C2CCCCCCC2)=N1
CHEMBL3797839,CC(=O)c1ccc(NC(=O)c2cc3ccccc3[nH]2)cc1,4.301030158996582,4.6260169068972266,462,97.26315789473684,False,0.7560975609756098,False,False,O=C(Nc1ccccc1)c1cc2ccccc2[nH]1
CHEMBL336409,N[C@H](Cc1c([Se][Se]c2[nH]c3ccccc3c2C[C@H](N)C(=O)NCc2ccccc2)[nH]c2ccccc12)C(=O)NCc1ccccc1,5.965907096862793,4.610446137587229,463,97.47368421052632,False,0.46296296296296297,False,False,O=C(CCc1c([Se][Se]c2[nH]c3ccccc3c2CCC(=O)NCc2ccccc2)[nH]c2ccccc12)NCc1ccccc1
CHEMBL2047242,Nc1nc2c(c(Nc3cccc(Cl)c3)n1)-c1ccccc1C2,4.707744121551514,4.596323516368866,464,97.6842105263158,False,0.68,False,False,c1ccc(Nc2ncnc3c2-c2ccccc2C3)cc1
CHEMBL155293,O=C(CCc1c(SSc2[nH]c3ccccc3c2CCC(=O)NCc2ccc(C(=O)O)cc2)[nH]c2ccccc12)NCc1ccc(C(=O)O)cc1,5.130768299102783,4.586115934848785,465,97.89473684210526,False,0.7346938775510204,False,False,O=C(CCc1c(SSc2[nH]c3ccccc3c2CCC(=O)NCc2ccccc2)[nH]c2ccccc12)NCc1ccccc1
CHEMBL154080,COC(=O)c1ccc(CNC(=O)CCc2c(SSc3[nH]c4ccccc4c3CCC(=O)NCc3ccc(C(=O)OC)cc3)[nH]c3ccccc23)cc1,4.3565473556518555,4.569246507485707,466,98.10526315789474,False,0.660377358490566,False,False,O=C(CCc1c(SSc2[nH]c3ccccc3c2CCC(=O)NCc2ccccc2)[nH]c2ccccc12)NCc1ccccc1
CHEMBL336174,NC(Cc1c(SSc2[nH]c3ccccc3c2CC(N)C(=O)NCc2ccccc2)[nH]c2ccccc12)C(=O)NCc1ccccc1,5.130768299102783,4.560802113215129,467,98.3157894736842,False,0.6458333333333334,False,False,O=C(CCc1c(SSc2[nH]c3ccccc3c2CCC(=O)NCc2ccccc2)[nH]c2ccccc12)NCc1ccccc1
CHEMBL3798556,CC(O)c1ccc(NC(=O)c2cc3ccccc3[nH]2)cc1,4.455932140350342,4.548615988095602,468,98.52631578947368,False,0.7674418604651163,False,False,O=C(Nc1ccccc1)c1cc2ccccc2[nH]1
CHEMBL3800262,CC(=O)c1cccc(NC(=O)c2cc3ccccc3[nH]2)c1,4.2441253662109375,4.536871934731801,469,98.73684210526316,False,0.7857142857142857,False,False,O=C(Nc1ccccc1)c1cc2ccccc2[nH]1
CHEMBL157952,O=C(NCc1ccccc1)C(O)Cc1c(SSc2[nH]c3ccccc3c2CC(O)C(=O)NCc2ccccc2)[nH]c2ccccc12,4.853871822357178,4.534906229972839,470,98.94736842105263,False,0.6595744680851063,False,False,O=C(CCc1c(SSc2[nH]c3ccccc3c2CCC(=O)NCc2ccccc2)[nH]c2ccccc12)NCc1ccccc1
CHEMBL55748,N#CC(C#N)=C1C(=O)Nc2ccc(O)cc21,4.951544761657715,4.528235514958699,471,99.15789473684211,False,0.45714285714285713,False,False,C=C1C(=O)Nc2ccccc21
CHEMBL521155,Nc1ncnc2c1ncn2CC(=O)c1c[nH]c2ccccc12,4.455932140350342,4.422075746059417,472,99.36842105263158,False,0.7169811320754716,False,False,O=C(Cn1cnc2cncnc21)c1c[nH]c2ccccc12
CHEMBL19978,O=C(Nc1ccccc1)NN1C(=O)c2c(c3c4cccc(O)c4n(C4OC(CO)C(O)C(O)C4O)c3c3[nH]c4c(O)cccc4c23)C1=O,4.022276401519775,4.196247781117757,473,99.57894736842105,False,0.7534246575342466,False,False,O=C(Nc1ccccc1)NN1C(=O)c2c(c3c4ccccc4n(C4CCCCO4)c3c3[nH]c4ccccc4c23)C1=O
CHEMBL77381,N#C/C(=C/c1ccc[nH]1)C(=O)O,2.8664610385894775,3.675873063670264,474,99.78947368421052,False,0.5588235294117647,False,False,c1cc[nH]c1
CHEMBL310514,N#CC(C#N)=Cc1ccc[nH]1,3.585026741027832,3.2330657188097636,475,100.0,False,0.4411764705882353,False,False,c1cc[nH]c1
