molecule_chembl_id,canonical_smiles,source,is_positive_control,name,rf_pred,rf_pred_calibrated,rf_pred_isotonic,rank
CHEMBL1173655,CN(C)C/C=C/C(=O)Nc1cc2c(Nc3ccc(F)c(Cl)c3)ncnc2cc1O[C@H]1CCOC1,positive_control,True,afatinib,8.38026021718979,8.589393015114336,8.802917344229561,1
CHEMBL553,C#Cc1cccc(Nc2ncnc3cc(OCCOC)c(OCCOC)cc23)c1,positive_control,True,erlotinib,8.007646372318268,8.18427482564778,8.249540860312326,2
CHEMBL939,COc1cc2ncnc(Nc3ccc(F)c(Cl)c3)c2cc1OCCCN1CCOCC1,positive_control,True,gefitinib,7.767821056087812,7.923528749685338,7.845070273787887,3
CHEMBL554,CS(=O)(=O)CCNCc1ccc(-c2ccc3ncnc(Nc4ccc(OCc5cccc(F)c5)c(Cl)c4)c3c2)o1,positive_control,True,lapatinib,7.600286190765245,7.741379261022607,7.647452236592085,4
CHEMBL2316916,COc1ccc(Cc2nc(-c3cc(Br)c(OCCCN(C)C)c(Br)c3)c[nH]c2=O)cc1Br,chembl_nonmodeled,False,,6.532910150885582,6.580892460256706,6.517873828693972,5
CHEMBL519395,COc1cc(O)c(C(=O)O)c(C2=C(C)C[C@@H](O)C2=O)c1,chembl_nonmodeled,False,,6.370335692405701,6.404136091218446,6.34140263521735,6
CHEMBL512054,COc1cc(O)c2c(c1)C(=O)C1=C(C2=O)[C@H](O)[C@@H](O)[C@@](C)(O)[C@@H]1O,chembl_nonmodeled,False,,6.2592195099592205,6.2833268747260345,6.34140263521735,7
CHEMBL463054,COc1cc(O)c2c(c1)C(=O)c1cc(C)c(O)cc1C2=O,chembl_nonmodeled,False,,6.22673975288868,6.2480138004540136,6.189887362141763,8
CHEMBL556684,COc1cc(O)c2c(c1)C(=O)c1cc(C)c(O)c(O)c1C2=O,chembl_nonmodeled,False,,6.212826893329621,6.232887275896635,6.189887362141763,9
CHEMBL13983,Cc1[nH]c(/C=C2\C(=O)Nc3ccc(F)cc32)c(C)c1C(=O)NCC1CCN(C)CC1,chembl_nonmodeled,False,,6.169104123155275,6.185350423105777,6.1152156049555,10
CHEMBL484316,COC[C@H](Cn1ccnc1[N+](=O)[O-])OC(=O)c1ccc(NC=C2C(=O)C=CC2=O)cc1,chembl_nonmodeled,False,,6.168853262464205,6.185077679002536,6.1152156049555,11
CHEMBL484119,COC[C@@H](Cn1ccnc1[N+](=O)[O-])OC(=O)c1ccc(NC=C2C(=O)C=CC2=O)cc1,chembl_nonmodeled,False,,6.168853262464205,6.185077679002536,6.1152156049555,11
CHEMBL554993,COc1cc2c(c(O)c1-c1c(OC)cc(O)c3c1C(=O)C1=C(C3=O)[C@H](O)[C@@H](O)[C@@](C)(O)[C@@H]1O)C(=O)c1cc(O)c(C)cc1C2=O,chembl_nonmodeled,False,,6.102982802391052,6.113461119683957,5.937091608842214,13
CHEMBL490266,CC(C)(C)c1ccc(OC[C@@H](Cn2ccnc2[N+](=O)[O-])OC(=O)c2ccc(NC=C3C(=O)C=CC3=O)cc2)cc1,chembl_nonmodeled,False,,6.085403282040641,6.094348079323085,5.908780667304994,14
CHEMBL490267,CC(C)(C)c1ccc(OC[C@H](Cn2ccnc2[N+](=O)[O-])OC(=O)c2ccc(NC=C3C(=O)C=CC3=O)cc2)cc1,chembl_nonmodeled,False,,6.085403282040641,6.094348079323085,5.908780667304994,14
CHEMBL484321,CC(C)(C)OC[C@H](Cn1ccnc1[N+](=O)[O-])OC(=O)c1ccc(NC=C2C(=O)C=CC2=O)cc1,chembl_nonmodeled,False,,6.069235043520019,6.0767694315983976,5.908780667304994,16
CHEMBL484121,CC(C)(C)OC[C@@H](Cn1ccnc1[N+](=O)[O-])OC(=O)c1ccc(NC=C2C(=O)C=CC2=O)cc1,chembl_nonmodeled,False,,6.069235043520019,6.0767694315983976,5.908780667304994,16
CHEMBL483531,COc1cc(O)c(C(=O)O)c(-c2cc(O)c(O)cc2C)c1,chembl_nonmodeled,False,,6.002410265207291,6.004115305687185,5.908780667304994,18
CHEMBL520144,COc1cc(O)c2c(=O)oc3c(O)c(O)cc(C)c3c2c1,chembl_nonmodeled,False,,5.861060681939125,5.850435328296124,5.908780667304994,19
CHEMBL485475,O=c1c(-c2ccc(O)cc2)c(CN2CCCCC2)oc2cc(O)cc(O)c12,chembl_nonmodeled,False,,5.858996639251709,5.848191232302332,5.908780667304994,20
CHEMBL243664,COc1ccc(-c2cc(=O)c3c(O)cc(O)cc3o2)cc1,chembl_nonmodeled,False,,5.850280352830887,5.838714595236168,5.908780667304994,21
CHEMBL483526,COc1cc(O)c2c(=O)oc3cc(O)cc(C)c3c2c1,chembl_nonmodeled,False,,5.847560322880745,5.835757288029625,5.908780667304994,22
CHEMBL131921,COc1ccc(-c2coc3cc(O)cc(O)c3c2=O)cc1,chembl_nonmodeled,False,,5.845369890332222,5.833375776766907,5.908780667304994,23
CHEMBL5564149,CCOC(=O)c1nn(-c2ccccc2)c(=O)c2c(N)c(C#N)c(-c3cccs3)cc12,chembl_nonmodeled,False,,5.830818096399307,5.817554581465842,5.908780667304994,24
CHEMBL2315700,CC1=CCC[C@H]2[C@](C)(CC3=C(O)C(=O)C=C(N[C@@H](CO)C(=O)O)C3=O)[C@@H](C)CC[C@]12C,chembl_nonmodeled,False,,5.8043978681166974,5.788829628825302,5.7686191330251,25
CHEMBL483532,Cc1cc(O)c(O)cc1-c1cc(O)cc(O)c1C(=O)O,chembl_nonmodeled,False,,5.774318006038666,5.756125800365418,5.7686191330251,26
CHEMBL453504,O=CN/C=C/c1ccc(O)c(O)c1O,chembl_nonmodeled,False,,5.700613853931427,5.675992190010312,5.535691556283983,27
CHEMBL5614250,COC(=O)c1c(C(F)(F)F)nc2c(c1-c1ccc(S(=O)(=O)c3ccccc3)cc1)C(=O)CC(C)(C)C2,chembl_nonmodeled,False,,5.697275043328603,5.672362123857365,5.535691556283983,28
CHEMBL441343,O=C(O)c1ccc(O)cc1,chembl_nonmodeled,False,,5.696060836315155,5.671041997529007,5.535691556283983,29
CHEMBL491174,COc1cc(O)c2c(=O)c(-c3ccc(O)cc3)coc2c1,chembl_nonmodeled,False,,5.690824697613716,5.6653490930389605,5.535691556283983,30
CHEMBL483525,Cc1cc(O)cc2oc(=O)c3c(O)cc(OS(=O)(=O)O)cc3c12,chembl_nonmodeled,False,,5.675551946759224,5.648744049346933,5.535691556283983,31
CHEMBL519982,Cc1cc(O)cc2oc(=O)c3c(O)cc(O)cc3c12,chembl_nonmodeled,False,,5.624082306027413,5.5927845407222465,5.328955190091192,32
CHEMBL485485,O=CN/C=C/c1cccc(O)c1O,chembl_nonmodeled,False,,5.564182314276695,5.52765927352913,5.328955190091192,33
CHEMBL521470,O=C1C[C@H](O)[C@@H]2c3c(ccc(O)c31)-c1ccc(O)c3c1[C@@]2(O)CCC3=O,chembl_nonmodeled,False,,5.552117161432903,5.514541637287246,5.328955190091192,34
CHEMBL242741,COc1c(O)cc(O)c2c(=O)c(-c3ccc(O)cc3)coc12,chembl_nonmodeled,False,,5.513370075821877,5.472414514567861,5.328955190091192,35
CHEMBL4539558,N=C1NC(=O)/C(=C2/CCNC(=O)c3[nH]cc(Br)c32)N1,chembl_nonmodeled,False,,5.492903464078904,5.450162532232939,5.328955190091192,36
CHEMBL241609,O=c1c(-c2ccc(O)c(O)c2)coc2cc(O)cc(O)c12,chembl_nonmodeled,False,,5.4271067245801285,5.378626124379555,5.328955190091192,37
CHEMBL489139,CCOC(=O)c1oc2cc(O)cc(O)c2c(=O)c1-c1ccc(O)cc1,chembl_nonmodeled,False,,5.427088401317596,5.37860620271791,5.328955190091192,38
CHEMBL483428,CCOC(=O)CSCc1oc2cc(O)cc(O)c2c(=O)c1-c1ccc(O)cc1,chembl_nonmodeled,False,,5.425864158272743,5.377275164881758,5.328955190091192,39
CHEMBL275638,O=c1cc(-c2ccccc2)oc2ccccc12,chembl_nonmodeled,False,,5.410044878919918,5.360075917193331,5.328955190091192,40
CHEMBL490773,CC(C)OC(=O)c1oc2cc(O)cc(O)c2c(=O)c1-c1ccc(O)cc1,chembl_nonmodeled,False,,5.409109770655632,5.359059236326002,5.328955190091192,41
CHEMBL522082,COC(=O)c1oc2cc(O)cc(O)c2c(=O)c1-c1ccc(O)cc1,chembl_nonmodeled,False,,5.401760383248329,5.351068737419121,5.328955190091192,42
CHEMBL17329,COC(=O)/C=C/c1cc(O)ccc1O,chembl_nonmodeled,False,,5.388796691894531,5.336974180165445,5.328955190091192,43
CHEMBL28,O=c1cc(-c2ccc(O)cc2)oc2cc(O)cc(O)c12,chembl_nonmodeled,False,,5.376444812615712,5.323544805388267,5.328955190091192,44
CHEMBL521472,Cc1oc2cc(O)cc(O)c2c(=O)c1-c1ccc(O)cc1,chembl_nonmodeled,False,,5.3744392538070676,5.321364295016446,5.328955190091192,45
CHEMBL450484,O=C(O)/C=C/c1cc(O)ccc1O,chembl_nonmodeled,False,,5.372133038640023,5.318856901032425,5.328955190091192,46
CHEMBL490980,NC(=O)c1oc2cc(O)cc(O)c2c(=O)c1-c1ccc(O)cc1,chembl_nonmodeled,False,,5.36462164958318,5.310690268533474,5.328955190091192,47
CHEMBL489146,CC(=O)N/C=C/c1cc(O)ccc1O,chembl_nonmodeled,False,,5.3405827277898785,5.28455435166493,5.328955190091192,48
CHEMBL485258,O=C(O)c1cc(N(Cc2ccccc2O)Cc2ccccc2O)ccc1O,chembl_nonmodeled,False,,5.33802186203003,5.2817700930702065,5.328955190091192,49
CHEMBL443171,O=C(O)c1oc2cc(O)cc(O)c2c(=O)c1-c1ccc(O)cc1,chembl_nonmodeled,False,,5.332544542153675,5.27581496836945,5.328955190091192,50
CHEMBL150,O=c1c(O)c(-c2ccc(O)cc2)oc2cc(O)cc(O)c12,chembl_nonmodeled,False,,5.330836368401845,5.273957784941726,5.328955190091192,51
CHEMBL490960,CSCc1oc2cc(O)cc(O)c2c(=O)c1-c1ccc(O)cc1,chembl_nonmodeled,False,,5.198831610679626,5.130437813299674,5.262411541408962,52
CHEMBL521184,O=c1c(-c2ccc(O)cc2)c(CNC2=NCCS2)oc2cc(O)cc(O)c12,chembl_nonmodeled,False,,5.14651782174905,5.07356051862213,5.0710253525864,53
CHEMBL483831,O=C(O)c1ccc(O)c(N(Cc2ccccc2O)Cc2cc(O)ccc2O)c1,chembl_nonmodeled,False,,5.131316738724709,5.0570333945833665,5.0710253525864,54
CHEMBL518986,O=c1c(-c2ccc(O)cc2)c(CSC2=NCCS2)oc2cc(O)cc(O)c12,chembl_nonmodeled,False,,5.130671488245327,5.05633185675927,5.0710253525864,55
CHEMBL483830,O=C(O)c1cc(N(Cc2cc(O)ccc2O)Cc2cc(O)ccc2O)ccc1O,chembl_nonmodeled,False,,5.117234872579575,5.041723120433478,5.0710253525864,56
CHEMBL4531006,N=C1NC(=O)/C(=C2/CCNC(=O)c3[nH]c(Br)c(Br)c32)N1,chembl_nonmodeled,False,,5.055082955360413,4.974149484825857,5.069930828534639,57
CHEMBL2315697,CC1=CCC[C@](C)(CC/C(C)=C/CC2=C(O)C(=O)C=C(N[C@H](C(=O)O)C(C)C)C2=O)[C@@H]1C,chembl_nonmodeled,False,,5.050476590196292,4.969141291112728,5.069930828534639,58
CHEMBL2315699,CC1=CCC[C@](C)(CC/C(C)=C/CC2=C(O)C(=O)C=C(N[C@@H](C(=O)O)C(C)C)C2=O)[C@@H]1C,chembl_nonmodeled,False,,5.050476590196292,4.969141291112728,5.069930828534639,58
CHEMBL2315410,CC1=CCC[C@](C)(CC/C(C)=C/CC2=C(O)C(=O)C=C(N[C@@H](C(=O)O)[C@@H](C)O)C2=O)[C@@H]1C,chembl_nonmodeled,False,,5.021402793924014,4.937531290923911,5.069930828534639,60
CHEMBL2315701,C=C1[C@H](C)CCC[C@]1(C)CC/C(C)=C/CC1=C(O)C(=O)C=C(NCC(=O)O)C1=O,chembl_nonmodeled,False,,4.991426718831062,4.904940303132898,4.736352872848511,61
CHEMBL2315696,C=C1[C@H](C)CCC[C@]1(C)CC/C(C)=C/CC1=C(O)C(=O)C=C(N[C@H](C(=O)O)C(C)C)C1=O,chembl_nonmodeled,False,,4.952948033213615,4.863104993830937,4.736352872848511,62
CHEMBL2315698,C=C1[C@H](C)CCC[C@]1(C)CC/C(C)=C/CC1=C(O)C(=O)C=C(N[C@@H](C(=O)O)C(C)C)C1=O,chembl_nonmodeled,False,,4.952948033213615,4.863104993830937,4.736352872848511,62
CHEMBL2315409,C=C1[C@H](C)CCC[C@]1(C)CC/C(C)=C/CC1=C(O)C(=O)C=C(N[C@@H](C(=O)O)[C@@H](C)O)C1=O,chembl_nonmodeled,False,,4.925101243853569,4.8328290364469915,4.736352872848511,64
