molecule_chembl_id,canonical_smiles,source,is_positive_control,name,RandomForest_pred,XGBoost_pred,GCN_pred,GIN_pred,Transformer_pred
CHEMBL13983,Cc1[nH]c(/C=C2\C(=O)Nc3ccc(F)cc32)c(C)c1C(=O)NCC1CCN(C)CC1,chembl_nonmodeled,False,,6.169104123155275,6.259014,6.43192,6.45728,6.602769
CHEMBL150,O=c1c(O)c(-c2ccc(O)cc2)oc2cc(O)cc(O)c12,chembl_nonmodeled,False,,5.330836368401845,5.2772865,4.5122495,5.2733765,4.7587175
CHEMBL131921,COc1ccc(-c2coc3cc(O)cc(O)c3c2=O)cc1,chembl_nonmodeled,False,,5.845369890332222,5.5648656,5.3878336,5.9430847,4.60954
CHEMBL17329,COC(=O)/C=C/c1cc(O)ccc1O,chembl_nonmodeled,False,,5.388796691894531,5.716441,4.994282,5.3567524,4.380088
CHEMBL241609,O=c1c(-c2ccc(O)c(O)c2)coc2cc(O)cc(O)c12,chembl_nonmodeled,False,,5.4271067245801285,5.4189987,4.6090856,5.445925,4.692125
CHEMBL2315409,C=C1[C@H](C)CCC[C@]1(C)CC/C(C)=C/CC1=C(O)C(=O)C=C(N[C@@H](C(=O)O)[C@@H](C)O)C1=O,chembl_nonmodeled,False,,4.925101243853569,5.124504,5.4360156,4.97231,5.2761307
CHEMBL2315410,CC1=CCC[C@](C)(CC/C(C)=C/CC2=C(O)C(=O)C=C(N[C@@H](C(=O)O)[C@@H](C)O)C2=O)[C@@H]1C,chembl_nonmodeled,False,,5.021402793924014,5.3052597,5.4910536,5.1324787,4.6660786
CHEMBL2315696,C=C1[C@H](C)CCC[C@]1(C)CC/C(C)=C/CC1=C(O)C(=O)C=C(N[C@H](C(=O)O)C(C)C)C1=O,chembl_nonmodeled,False,,4.952948033213615,5.210562,5.465437,4.9615088,4.867809
CHEMBL2315697,CC1=CCC[C@](C)(CC/C(C)=C/CC2=C(O)C(=O)C=C(N[C@H](C(=O)O)C(C)C)C2=O)[C@@H]1C,chembl_nonmodeled,False,,5.050476590196292,5.391318,5.5082254,5.128874,5.334244
CHEMBL2315698,C=C1[C@H](C)CCC[C@]1(C)CC/C(C)=C/CC1=C(O)C(=O)C=C(N[C@@H](C(=O)O)C(C)C)C1=O,chembl_nonmodeled,False,,4.952948033213615,5.210562,5.465437,4.9615088,4.774134
CHEMBL2315699,CC1=CCC[C@](C)(CC/C(C)=C/CC2=C(O)C(=O)C=C(N[C@@H](C(=O)O)C(C)C)C2=O)[C@@H]1C,chembl_nonmodeled,False,,5.050476590196292,5.391318,5.5082254,5.128874,5.1340632
CHEMBL2315700,CC1=CCC[C@H]2[C@](C)(CC3=C(O)C(=O)C=C(N[C@@H](CO)C(=O)O)C3=O)[C@@H](C)CC[C@]12C,chembl_nonmodeled,False,,5.8043978681166974,5.5635266,5.445246,5.4044356,4.5603437
CHEMBL2315701,C=C1[C@H](C)CCC[C@]1(C)CC/C(C)=C/CC1=C(O)C(=O)C=C(NCC(=O)O)C1=O,chembl_nonmodeled,False,,4.991426718831062,6.481617,5.5579615,5.049654,5.1311407
CHEMBL2316916,COc1ccc(Cc2nc(-c3cc(Br)c(OCCCN(C)C)c(Br)c3)c[nH]c2=O)cc1Br,chembl_nonmodeled,False,,6.532910150885582,6.366277,6.9295864,6.5935836,7.479805
CHEMBL28,O=c1cc(-c2ccc(O)cc2)oc2cc(O)cc(O)c12,chembl_nonmodeled,False,,5.376444812615712,5.1319656,4.735135,5.532266,4.6591825
CHEMBL275638,O=c1cc(-c2ccccc2)oc2ccccc12,chembl_nonmodeled,False,,5.410044878919918,5.037981,5.095359,5.8492036,4.8776846
CHEMBL243664,COc1ccc(-c2cc(=O)c3c(O)cc(O)cc3o2)cc1,chembl_nonmodeled,False,,5.850280352830887,5.329157,5.4061155,5.9254,7.983177
CHEMBL242741,COc1c(O)cc(O)c2c(=O)c(-c3ccc(O)cc3)coc12,chembl_nonmodeled,False,,5.513370075821877,5.6637707,5.253247,5.634718,5.052086
CHEMBL441343,O=C(O)c1ccc(O)cc1,chembl_nonmodeled,False,,5.696060836315155,5.067221,4.2521944,4.343961,4.8938036
CHEMBL443171,O=C(O)c1oc2cc(O)cc(O)c2c(=O)c1-c1ccc(O)cc1,chembl_nonmodeled,False,,5.332544542153675,5.217886,4.540042,5.1676493,4.5973
CHEMBL453504,O=CN/C=C/c1ccc(O)c(O)c1O,chembl_nonmodeled,False,,5.700613853931427,5.3692923,5.339673,5.7351375,5.6982837
CHEMBL450484,O=C(O)/C=C/c1cc(O)ccc1O,chembl_nonmodeled,False,,5.372133038640023,5.3384075,4.6024814,5.278609,5.3397574
CHEMBL4531006,N=C1NC(=O)/C(=C2/CCNC(=O)c3[nH]c(Br)c(Br)c32)N1,chembl_nonmodeled,False,,5.055082955360413,5.4453816,6.0870037,5.273043,5.8397245
CHEMBL4539558,N=C1NC(=O)/C(=C2/CCNC(=O)c3[nH]cc(Br)c32)N1,chembl_nonmodeled,False,,5.492903464078904,5.39798,6.125305,5.378971,5.9464474
CHEMBL463054,COc1cc(O)c2c(c1)C(=O)c1cc(C)c(O)cc1C2=O,chembl_nonmodeled,False,,6.22673975288868,5.747999,4.99401,5.283854,4.898769
CHEMBL485258,O=C(O)c1cc(N(Cc2ccccc2O)Cc2ccccc2O)ccc1O,chembl_nonmodeled,False,,5.33802186203003,5.0380716,4.930651,5.3336887,5.428783
CHEMBL483830,O=C(O)c1cc(N(Cc2cc(O)ccc2O)Cc2cc(O)ccc2O)ccc1O,chembl_nonmodeled,False,,5.117234872579575,5.035624,4.8025174,5.2995667,5.4936643
CHEMBL483831,O=C(O)c1ccc(O)c(N(Cc2ccccc2O)Cc2cc(O)ccc2O)c1,chembl_nonmodeled,False,,5.131316738724709,5.423893,4.802434,5.1674986,4.867101
CHEMBL483428,CCOC(=O)CSCc1oc2cc(O)cc(O)c2c(=O)c1-c1ccc(O)cc1,chembl_nonmodeled,False,,5.425864158272743,5.24297,5.5842257,5.828679,5.0102873
CHEMBL485475,O=c1c(-c2ccc(O)cc2)c(CN2CCCCC2)oc2cc(O)cc(O)c12,chembl_nonmodeled,False,,5.858996639251709,5.7974615,6.026513,6.250237,5.030872
CHEMBL485485,O=CN/C=C/c1cccc(O)c1O,chembl_nonmodeled,False,,5.564182314276695,5.3651643,5.5050707,5.8158064,6.4694977
CHEMBL483525,Cc1cc(O)cc2oc(=O)c3c(O)cc(OS(=O)(=O)O)cc3c12,chembl_nonmodeled,False,,5.675551946759224,5.579577,5.0443764,5.9249687,5.694278
CHEMBL483526,COc1cc(O)c2c(=O)oc3cc(O)cc(C)c3c2c1,chembl_nonmodeled,False,,5.847560322880745,5.29359,5.128972,5.8657093,5.0175896
CHEMBL483531,COc1cc(O)c(C(=O)O)c(-c2cc(O)c(O)cc2C)c1,chembl_nonmodeled,False,,6.002410265207291,5.691105,5.089903,5.4307404,4.702325
CHEMBL483532,Cc1cc(O)c(O)cc1-c1cc(O)cc(O)c1C(=O)O,chembl_nonmodeled,False,,5.774318006038666,5.5257125,4.6266212,4.9779987,5.4997144
CHEMBL484119,COC[C@@H](Cn1ccnc1[N+](=O)[O-])OC(=O)c1ccc(NC=C2C(=O)C=CC2=O)cc1,chembl_nonmodeled,False,,6.168853262464205,5.8454127,5.9469285,5.6512694,6.9707336
CHEMBL484316,COC[C@H](Cn1ccnc1[N+](=O)[O-])OC(=O)c1ccc(NC=C2C(=O)C=CC2=O)cc1,chembl_nonmodeled,False,,6.168853262464205,5.8454127,5.9469285,5.6512694,6.748899
CHEMBL484121,CC(C)(C)OC[C@@H](Cn1ccnc1[N+](=O)[O-])OC(=O)c1ccc(NC=C2C(=O)C=CC2=O)cc1,chembl_nonmodeled,False,,6.069235043520019,5.7587605,6.5217,6.037858,5.3351893
CHEMBL484321,CC(C)(C)OC[C@H](Cn1ccnc1[N+](=O)[O-])OC(=O)c1ccc(NC=C2C(=O)C=CC2=O)cc1,chembl_nonmodeled,False,,6.069235043520019,5.7587605,6.5217,6.037858,5.2816334
CHEMBL491174,COc1cc(O)c2c(=O)c(-c3ccc(O)cc3)coc2c1,chembl_nonmodeled,False,,5.690824697613716,5.530737,5.3852882,5.9423003,5.6504135
CHEMBL512054,COc1cc(O)c2c(c1)C(=O)C1=C(C2=O)[C@H](O)[C@@H](O)[C@@](C)(O)[C@@H]1O,chembl_nonmodeled,False,,6.2592195099592205,5.54647,5.4633093,4.961224,4.745837
CHEMBL489146,CC(=O)N/C=C/c1cc(O)ccc1O,chembl_nonmodeled,False,,5.3405827277898785,5.3570657,5.171479,5.626938,4.5718756
CHEMBL489139,CCOC(=O)c1oc2cc(O)cc(O)c2c(=O)c1-c1ccc(O)cc1,chembl_nonmodeled,False,,5.427088401317596,5.3867126,5.4996047,5.843481,4.9018035
CHEMBL490773,CC(C)OC(=O)c1oc2cc(O)cc(O)c2c(=O)c1-c1ccc(O)cc1,chembl_nonmodeled,False,,5.409109770655632,5.631464,5.326686,5.524437,4.520405
CHEMBL490980,NC(=O)c1oc2cc(O)cc(O)c2c(=O)c1-c1ccc(O)cc1,chembl_nonmodeled,False,,5.36462164958318,5.234657,4.629985,5.2370396,4.477482
CHEMBL490960,CSCc1oc2cc(O)cc(O)c2c(=O)c1-c1ccc(O)cc1,chembl_nonmodeled,False,,5.198831610679626,4.968791,5.3567696,5.598821,5.0037756
CHEMBL490266,CC(C)(C)c1ccc(OC[C@@H](Cn2ccnc2[N+](=O)[O-])OC(=O)c2ccc(NC=C3C(=O)C=CC3=O)cc2)cc1,chembl_nonmodeled,False,,6.085403282040641,5.541756,6.2877593,5.6483984,5.478633
CHEMBL490267,CC(C)(C)c1ccc(OC[C@H](Cn2ccnc2[N+](=O)[O-])OC(=O)c2ccc(NC=C3C(=O)C=CC3=O)cc2)cc1,chembl_nonmodeled,False,,6.085403282040641,5.541756,6.2877593,5.6483984,5.4688244
CHEMBL518986,O=c1c(-c2ccc(O)cc2)c(CSC2=NCCS2)oc2cc(O)cc(O)c12,chembl_nonmodeled,False,,5.130671488245327,5.3220987,5.6788235,5.85312,4.653785
CHEMBL519395,COc1cc(O)c(C(=O)O)c(C2=C(C)C[C@@H](O)C2=O)c1,chembl_nonmodeled,False,,6.370335692405701,5.903744,5.021508,4.9039383,4.4629154
CHEMBL519982,Cc1cc(O)cc2oc(=O)c3c(O)cc(O)cc3c12,chembl_nonmodeled,False,,5.624082306027413,5.2401996,4.561009,5.4319973,5.701892
CHEMBL520144,COc1cc(O)c2c(=O)oc3c(O)c(O)cc(C)c3c2c1,chembl_nonmodeled,False,,5.861060681939125,5.740641,5.014321,5.5870786,5.3402214
CHEMBL521472,Cc1oc2cc(O)cc(O)c2c(=O)c1-c1ccc(O)cc1,chembl_nonmodeled,False,,5.3744392538070676,5.2233877,4.708,5.281906,4.888539
CHEMBL522082,COC(=O)c1oc2cc(O)cc(O)c2c(=O)c1-c1ccc(O)cc1,chembl_nonmodeled,False,,5.401760383248329,5.2630816,5.2045374,5.534293,5.266447
CHEMBL521184,O=c1c(-c2ccc(O)cc2)c(CNC2=NCCS2)oc2cc(O)cc(O)c12,chembl_nonmodeled,False,,5.14651782174905,5.591271,5.916215,5.7811775,4.884131
CHEMBL521470,O=C1C[C@H](O)[C@@H]2c3c(ccc(O)c31)-c1ccc(O)c3c1[C@@]2(O)CCC3=O,chembl_nonmodeled,False,,5.552117161432903,4.971607,5.3095374,5.3575068,7.5323057
CHEMBL554993,COc1cc2c(c(O)c1-c1c(OC)cc(O)c3c1C(=O)C1=C(C3=O)[C@H](O)[C@@H](O)[C@@](C)(O)[C@@H]1O)C(=O)c1cc(O)c(C)cc1C2=O,chembl_nonmodeled,False,,6.102982802391052,5.563342,5.4320297,5.1691065,6.2152815
CHEMBL556684,COc1cc(O)c2c(c1)C(=O)c1cc(C)c(O)c(O)c1C2=O,chembl_nonmodeled,False,,6.212826893329621,5.324212,4.851367,5.0817804,5.260453
CHEMBL5564149,CCOC(=O)c1nn(-c2ccccc2)c(=O)c2c(N)c(C#N)c(-c3cccs3)cc12,chembl_nonmodeled,False,,5.830818096399307,5.584373,6.2633967,6.3194175,6.786509
CHEMBL5614250,COC(=O)c1c(C(F)(F)F)nc2c(c1-c1ccc(S(=O)(=O)c3ccccc3)cc1)C(=O)CC(C)(C)C2,chembl_nonmodeled,False,,5.697275043328603,5.466443,6.5307627,6.3052564,5.392309
CHEMBL553,C#Cc1cccc(Nc2ncnc3cc(OCCOC)c(OCCOC)cc23)c1,positive_control,True,erlotinib,8.007646372318268,8.096432,7.1103706,7.247262,7.387971
CHEMBL1173655,CN(C)C/C=C/C(=O)Nc1cc2c(Nc3ccc(F)c(Cl)c3)ncnc2cc1O[C@H]1CCOC1,positive_control,True,afatinib,8.38026021718979,8.002869,7.5051603,7.562621,7.528741
CHEMBL939,COc1cc2ncnc(Nc3ccc(F)c(Cl)c3)c2cc1OCCCN1CCOCC1,positive_control,True,gefitinib,7.767821056087812,7.4853654,7.478816,7.0906262,7.414865
CHEMBL554,CS(=O)(=O)CCNCc1ccc(-c2ccc3ncnc(Nc4ccc(OCc5cccc(F)c5)c(Cl)c4)c3c2)o1,positive_control,True,lapatinib,7.600286190765245,7.7110066,7.42372,7.664469,7.9180794
