molecule_chembl_id,canonical_smiles,source,rf_pred,xgb_pred,morgan_pred,gcn_pred,gin_pred,graph_pred,transformer_pred,ensemble_pic50,ensemble_rank
CHEMBL2316916,COc1ccc(Cc2nc(-c3cc(Br)c(OCCCN(C)C)c(Br)c3)c[nH]c2=O)cc1Br,chembl_nonmodeled,6.7927643707063465,6.743691,6.768227669133081,7.02766,6.6318974,6.8297787,8.103492,7.233832707846607,1
CHEMBL4531006,N=C1NC(=O)/C(=C2/CCNC(=O)c3[nH]c(Br)c(Br)c32)N1,chembl_nonmodeled,5.857897668441137,5.5292487,5.693573191444079,5.821919,5.7202373,5.771078,7.2936254,6.2527588853173794,2
CHEMBL5614250,COC(=O)c1c(C(F)(F)F)nc2c(c1-c1ccc(S(=O)(=O)c3ccccc3)cc1)C(=O)CC(C)(C)C2,chembl_nonmodeled,5.606480895678202,5.6340675,5.620274215539297,6.216831,6.009853,6.1133423,6.854606,6.196074217425452,3
CHEMBL4539558,N=C1NC(=O)/C(=C2/CCNC(=O)c3[nH]cc(Br)c32)N1,chembl_nonmodeled,5.928639979918798,5.4607744,5.694707200805347,5.9236574,5.791361,5.857509,6.6945324,6.0822495771381595,4
CHEMBL13983,Cc1[nH]c(/C=C2\C(=O)Nc3ccc(F)cc32)c(C)c1C(=O)NCC1CCN(C)CC1,chembl_nonmodeled,5.825933866898219,5.764898,5.795415845115979,6.539774,6.49306,6.516417,5.6672926,5.993041822181808,5
CHEMBL2315696,C=C1[C@H](C)CCC[C@]1(C)CC/C(C)=C/CC1=C(O)C(=O)C=C(N[C@H](C(=O)O)C(C)C)C1=O,chembl_nonmodeled,5.241377602153354,5.2138324,5.227604990270402,5.0534205,5.1154957,5.0844584,7.5786915,5.963584941316533,6
CHEMBL2315698,C=C1[C@H](C)CCC[C@]1(C)CC/C(C)=C/CC1=C(O)C(=O)C=C(N[C@@H](C(=O)O)C(C)C)C1=O,chembl_nonmodeled,5.241377602153354,5.2138324,5.227604990270402,5.0534205,5.1154957,5.0844584,7.513922,5.94199518530457,7
CHEMBL2315409,C=C1[C@H](C)CCC[C@]1(C)CC/C(C)=C/CC1=C(O)C(=O)C=C(N[C@@H](C(=O)O)[C@@H](C)O)C1=O,chembl_nonmodeled,5.143438762558831,5.190005,5.1667217940754355,5.0204983,5.095791,5.0581446,7.518139,5.914335082990152,8
CHEMBL484321,CC(C)(C)OC[C@H](Cn1ccnc1[N+](=O)[O-])OC(=O)c1ccc(NC=C2C(=O)C=CC2=O)cc1,chembl_nonmodeled,5.810036474545797,5.9255524,5.86779442135493,6.275627,5.700221,5.987924,5.6762147,5.843977738433414,9
CHEMBL5564149,CCOC(=O)c1nn(-c2ccccc2)c(=O)c2c(N)c(C#N)c(-c3cccs3)cc12,chembl_nonmodeled,5.882077515522639,5.8256574,5.853867441614469,5.81278,6.3292537,6.071017,5.576546,5.833810140755442,10
CHEMBL484121,CC(C)(C)OC[C@@H](Cn1ccnc1[N+](=O)[O-])OC(=O)c1ccc(NC=C2C(=O)C=CC2=O)cc1,chembl_nonmodeled,5.810036474545797,5.9255524,5.86779442135493,6.275627,5.700221,5.987924,5.5708933,5.808870602660709,11
CHEMBL490267,CC(C)(C)c1ccc(OC[C@H](Cn2ccnc2[N+](=O)[O-])OC(=O)c2ccc(NC=C3C(=O)C=CC3=O)cc2)cc1,chembl_nonmodeled,5.784023066793169,5.7714925,5.777757774012429,6.064813,5.5396495,5.8022313,5.7043915,5.761460188434238,12
CHEMBL2315701,C=C1[C@H](C)CCC[C@]1(C)CC/C(C)=C/CC1=C(O)C(=O)C=C(NCC(=O)O)C1=O,chembl_nonmodeled,5.176947344674004,5.601104,5.389025563663907,5.077923,5.0692935,5.0736084,6.7688336,5.7438225331129855,13
CHEMBL490266,CC(C)(C)c1ccc(OC[C@@H](Cn2ccnc2[N+](=O)[O-])OC(=O)c2ccc(NC=C3C(=O)C=CC3=O)cc2)cc1,chembl_nonmodeled,5.784023066793169,5.7714925,5.777757774012429,6.064813,5.5396495,5.8022313,5.557487,5.712492032255445,14
CHEMBL554993,COc1cc2c(c(O)c1-c1c(OC)cc(O)c3c1C(=O)C1=C(C3=O)[C@H](O)[C@@H](O)[C@@](C)(O)[C@@H]1O)C(=O)c1cc(O)c(C)cc1C2=O,chembl_nonmodeled,6.275969920158386,6.531221,6.403595416545867,5.6117535,5.363913,5.487833,5.151362,5.680930127302806,15
CHEMBL491174,COc1cc(O)c2c(=O)c(-c3ccc(O)cc3)coc2c1,chembl_nonmodeled,5.674779258701537,5.632885,5.653832118974792,5.4587817,5.8045416,5.6316614,5.635347,5.640280141190246,16
CHEMBL484119,COC[C@@H](Cn1ccnc1[N+](=O)[O-])OC(=O)c1ccc(NC=C2C(=O)C=CC2=O)cc1,chembl_nonmodeled,5.801151791373888,5.942788,5.87196995772918,5.8107367,5.301044,5.55589,5.4166365,5.614832169340716,17
CHEMBL484316,COC[C@H](Cn1ccnc1[N+](=O)[O-])OC(=O)c1ccc(NC=C2C(=O)C=CC2=O)cc1,chembl_nonmodeled,5.801151791373888,5.942788,5.87196995772918,5.8107367,5.301044,5.55589,5.3981233,5.608661101784971,18
CHEMBL485475,O=c1c(-c2ccc(O)cc2)c(CN2CCCCC2)oc2cc(O)cc(O)c12,chembl_nonmodeled,5.654228937625885,5.9051104,5.779669648408889,6.145294,6.037284,6.091289,4.845943,5.572300555308661,19
CHEMBL521184,O=c1c(-c2ccc(O)cc2)c(CNC2=NCCS2)oc2cc(O)cc(O)c12,chembl_nonmodeled,5.478583785692851,5.6449413,5.561762557824453,6.130724,6.0093074,6.070016,5.0449777,5.558918710019853,20
