molecule_chembl_id,n_records,pIC50_median,pIC50_max,pIC50_min,pIC50_std,units,years,assay_ids,flag_duplicate,flag_ambiguous_unit_10_3_uM
CHEMBL131921,1,3.9766051915000054,3.9766051915000054,3.9766051915000054,,ug.mL-1,1992,CHEMBL941404,False,False
CHEMBL150,1,4.979607551262018,4.979607551262018,4.979607551262018,,ug.mL-1,1992,CHEMBL941404,False,False
CHEMBL17329,1,3.9871879202173917,3.9871879202173917,3.9871879202173917,,ug.mL-1,1992,CHEMBL941412,False,False
CHEMBL2315409,1,3.675774442792396,3.675774442792396,3.675774442792396,,ug.mL-1,2013,CHEMBL2318217,False,False
CHEMBL2315410,1,3.5697210503444703,3.5697210503444703,3.5697210503444703,,ug.mL-1,2013,CHEMBL2318217,False,False
CHEMBL2315696,1,3.3614185638232073,3.3614185638232073,3.3614185638232073,,ug.mL-1,2013,CHEMBL2318217,False,False
CHEMBL2315697,1,3.533032520524144,3.533032520524144,3.533032520524144,,ug.mL-1,2013,CHEMBL2318217,False,False
CHEMBL2315698,1,3.533032520524144,3.533032520524144,3.533032520524144,,ug.mL-1,2013,CHEMBL2318217,False,False
CHEMBL2315699,1,3.4767141574360236,3.4767141574360236,3.4767141574360236,,ug.mL-1,2013,CHEMBL2318217,False,False
CHEMBL2315700,1,3.5380999738723053,3.5380999738723053,3.5380999738723053,,ug.mL-1,2013,CHEMBL2318217,False,False
CHEMBL2315701,1,3.309222568480699,3.309222568480699,3.309222568480699,,ug.mL-1,2013,CHEMBL2318217,False,False
CHEMBL2316916,1,4.9733863673567535,4.9733863673567535,4.9733863673567535,,ug.mL-1,2019,CHEMBL4337477,False,False
CHEMBL241609,2,5.718168178621849,6.4567288059816805,4.979607551262018,1.044482455847055,ug.mL-1,1992|1992,CHEMBL941404,True,False
CHEMBL242741,1,6.477506158544793,6.477506158544793,6.477506158544793,,ug.mL-1,1992,CHEMBL941404,False,False
CHEMBL243664,1,3.8516664548917054,3.8516664548917054,3.8516664548917054,,ug.mL-1,1992,CHEMBL941404,False,False
CHEMBL275638,1,3.647858086524458,3.647858086524458,3.647858086524458,,ug.mL-1,1992,CHEMBL941404,False,False
CHEMBL28,1,3.9546283775072713,3.9546283775072713,3.9546283775072713,,ug.mL-1,1992,CHEMBL941404,False,False
CHEMBL441343,1,4.140262858286418,4.140262858286418,4.140262858286418,,ug.mL-1,1992,CHEMBL941404,False,False
CHEMBL443171,1,5.196243908688691,5.196243908688691,5.196243908688691,,ug.mL-1,1992,CHEMBL941412,False,False
CHEMBL450484,1,4.352565975568256,4.352565975568256,4.352565975568256,,ug.mL-1,1992,CHEMBL941412,False,False
CHEMBL4531006,1,4.675922759110528,4.675922759110528,4.675922759110528,,ug.mL-1,2019,CHEMBL4337477,False,False
CHEMBL453504,1,5.336179453437444,5.336179453437444,5.336179453437444,,ug.mL-1,1992,CHEMBL941412,False,False
CHEMBL4539558,1,4.732578697720171,4.732578697720171,4.732578697720171,,ug.mL-1,2019,CHEMBL4337477,False,False
CHEMBL463054,1,5.022362682060681,5.022362682060681,5.022362682060681,,ug.mL-1,2009,CHEMBL1026226,False,False
CHEMBL483428,1,5.002623882202888,5.002623882202888,5.002623882202888,,ug.mL-1,1992,CHEMBL941412,False,False
CHEMBL483525,1,4.906043721008686,4.906043721008686,4.906043721008686,,ug.mL-1,2008,CHEMBL962866,False,False
CHEMBL483526,1,5.204528538172323,5.204528538172323,5.204528538172323,,ug.mL-1,2008,CHEMBL962866,False,False
CHEMBL483531,1,4.471577573404445,4.471577573404445,4.471577573404445,,ug.mL-1,2008,CHEMBL962866,False,False
CHEMBL483532,1,4.818043563552498,4.818043563552498,4.818043563552498,,ug.mL-1,2008,CHEMBL962866,False,False
CHEMBL483830,1,7.59920928410215,7.59920928410215,7.59920928410215,,ug.mL-1,1992,CHEMBL941404,False,False
CHEMBL483831,1,6.2803324737028845,6.2803324737028845,6.2803324737028845,,ug.mL-1,1992,CHEMBL941404,False,False
CHEMBL484119,1,5.638272163982407,5.638272163982407,5.638272163982407,,/uM,2008,CHEMBL961515,False,False
CHEMBL484121,1,4.671620396561262,4.671620396561262,4.671620396561262,,/uM,2008,CHEMBL961515,False,False
CHEMBL484316,1,4.638272163982407,4.638272163982407,4.638272163982407,,/uM,2008,CHEMBL961515,False,False
CHEMBL484321,1,3.671620396561262,3.671620396561262,3.671620396561262,,/uM,2008,CHEMBL961515,False,False
CHEMBL485258,1,5.863780710133857,5.863780710133857,5.863780710133857,,ug.mL-1,1992,CHEMBL941404,False,False
CHEMBL485475,1,4.565140334043527,4.565140334043527,4.565140334043527,,ug.mL-1,1992,CHEMBL941412,False,False
CHEMBL485485,1,5.776156158421916,5.776156158421916,5.776156158421916,,ug.mL-1,1992,CHEMBL941412,False,False
CHEMBL489139,1,5.233380709719109,5.233380709719109,5.233380709719109,,ug.mL-1,1992,CHEMBL941412,False,False
CHEMBL489146,1,4.808890363138632,4.808890363138632,4.808890363138632,,ug.mL-1,1992,CHEMBL941412,False,False
CHEMBL490266,1,5.7447274948966935,5.7447274948966935,5.7447274948966935,,/uM,2008,CHEMBL961515,False,False
CHEMBL490267,1,4.735182176990463,4.735182176990463,4.735182176990463,,/uM,2008,CHEMBL961515,False,False
CHEMBL490773,1,4.551852387846335,4.551852387846335,4.551852387846335,,ug.mL-1,1992,CHEMBL941412,False,False
CHEMBL490960,1,4.820018767712711,4.820018767712711,4.820018767712711,,ug.mL-1,1992,CHEMBL941412,False,False
CHEMBL490980,1,4.4959118753924825,4.4959118753924825,4.4959118753924825,,ug.mL-1,1992,CHEMBL941412,False,False
CHEMBL491174,1,4.8516664548917054,4.8516664548917054,4.8516664548917054,,ug.mL-1,1992,CHEMBL941404,False,False
CHEMBL512054,1,4.748570451339976,4.748570451339976,4.748570451339976,,ug.mL-1,2009,CHEMBL1026226,False,False
CHEMBL518986,1,4.904677684831772,4.904677684831772,4.904677684831772,,ug.mL-1,1992,CHEMBL941412,False,False
CHEMBL519395,1,4.6315374241510625,4.6315374241510625,4.6315374241510625,,ug.mL-1,2008,CHEMBL962866,False,False
CHEMBL519982,1,4.671642323930905,4.671642323930905,4.671642323930905,,ug.mL-1,2008,CHEMBL962866,False,False
CHEMBL520144,1,5.418384164038612,5.418384164038612,5.418384164038612,,ug.mL-1,2008,CHEMBL962866,False,False
CHEMBL521184,1,4.283768070462597,4.283768070462597,4.283768070462597,,ug.mL-1,1992,CHEMBL941412,False,False
CHEMBL521470,1,5.002896370846434,5.002896370846434,5.002896370846434,,ug.mL-1,2008,CHEMBL962866,False,False
CHEMBL521472,1,5.152696450555686,5.152696450555686,5.152696450555686,,ug.mL-1,1992,CHEMBL941412,False,False
CHEMBL522082,1,5.215209137298172,5.215209137298172,5.215209137298172,,ug.mL-1,1992,CHEMBL941412,False,False
CHEMBL554993,1,5.360008940719876,5.360008940719876,5.360008940719876,,ug.mL-1,2009,CHEMBL1026226,False,False
CHEMBL5564149,2,3.945311579960489,3.9456333817949023,3.944989778126076,0.0004550965186235535,ug.mL-1,2024|2024,CHEMBL5519945|CHEMBL6083555,True,False
CHEMBL556684,1,4.875446167216831,4.875446167216831,4.875446167216831,,ug.mL-1,2009,CHEMBL1026226,False,False
CHEMBL5614250,1,3.9586073148417746,3.9586073148417746,3.9586073148417746,,10^3 uM,2024,CHEMBL5608619,False,True
