activity_id,molecule_chembl_id,standard_type,standard_value,standard_units,standard_relation,assay_chembl_id,document_year,pIC50,IC50_nM
2202593,CHEMBL521184,IC50,20.0,ug.mL-1,=,CHEMBL941412,1992,4.283768070462597,52027.376805675114
2202594,CHEMBL485475,IC50,10.0,ug.mL-1,=,CHEMBL941412,1992,4.565140334043527,27218.216608011386
2202595,CHEMBL483428,IC50,4.0,ug.mL-1,=,CHEMBL941412,1992,5.002623882202888,9939.76502395483
2202596,CHEMBL518986,IC50,5.0,ug.mL-1,=,CHEMBL941412,1992,4.904677684831772,12454.38581196367
2202597,CHEMBL490960,IC50,5.0,ug.mL-1,=,CHEMBL941412,1992,4.820018767712711,15134.958424269213
2202598,CHEMBL490980,IC50,10.0,ug.mL-1,=,CHEMBL941412,1992,4.4959118753924825,31921.855298229926
2202599,CHEMBL490773,IC50,10.0,ug.mL-1,=,CHEMBL941412,1992,4.551852387846335,28063.87337580335
2202600,CHEMBL522082,IC50,2.0,ug.mL-1,=,CHEMBL941412,1992,5.215209137298172,6092.434414943525
2202601,CHEMBL489139,IC50,2.0,ug.mL-1,=,CHEMBL941412,1992,5.233380709719109,5842.776721208987
2202602,CHEMBL443171,IC50,2.0,ug.mL-1,=,CHEMBL941412,1992,5.196243908688691,6364.379838917536
2202603,CHEMBL521472,IC50,2.0,ug.mL-1,=,CHEMBL941412,1992,5.152696450555686,7035.639029503964
2202610,CHEMBL17329,IC50,20.0,ug.mL-1,=,CHEMBL941412,1992,3.9871879202173917,102994.0366452782
2202627,CHEMBL489146,IC50,3.0,ug.mL-1,=,CHEMBL941412,1992,4.808890363138632,15527.78956739579
2202628,CHEMBL450484,IC50,8.0,ug.mL-1,=,CHEMBL941412,1992,4.352565975568256,44405.21983359148
2202629,CHEMBL453504,IC50,0.9,ug.mL-1,=,CHEMBL941412,1992,5.336179453437444,4611.269943742511
2202633,CHEMBL485485,IC50,0.3,ug.mL-1,=,CHEMBL941412,1992,5.776156158421916,1674.3407283382153
2202707,CHEMBL241609,IC50,0.1,ug.mL-1,=,CHEMBL941404,1992,6.4567288059816805,349.35840329235356
2202721,CHEMBL483830,IC50,0.01,ug.mL-1,=,CHEMBL941404,1992,7.59920928410215,25.164639654942476
2202722,CHEMBL242741,IC50,0.1,ug.mL-1,=,CHEMBL941404,1992,6.477506158544793,333.03803960488364
2202733,CHEMBL483831,IC50,0.2,ug.mL-1,=,CHEMBL941404,1992,6.2803324737028845,524.4058481740194
2202741,CHEMBL28,IC50,30.0,ug.mL-1,=,CHEMBL941404,1992,3.9546283775072713,111012.4333925399
2202742,CHEMBL150,IC50,3.0,ug.mL-1,=,CHEMBL941404,1992,4.979607551262018,10480.752098770612
2202743,CHEMBL131921,IC50,30.0,ug.mL-1,=,CHEMBL941404,1992,3.9766051915000054,105534.58544255927
2202744,CHEMBL241609,IC50,3.0,ug.mL-1,=,CHEMBL941404,1992,4.979607551262018,10480.752098770612
2202751,CHEMBL243664,IC50,40.0,ug.mL-1,=,CHEMBL941404,1992,3.8516664548917054,140712.780590079
2202752,CHEMBL491174,IC50,4.0,ug.mL-1,=,CHEMBL941404,1992,4.8516664548917054,14071.2780590079
2202760,CHEMBL485258,IC50,0.5,ug.mL-1,=,CHEMBL941404,1992,5.863780710133857,1368.4196121898813
2202761,CHEMBL275638,IC50,50.0,ug.mL-1,=,CHEMBL941404,1992,3.647858086524458,224978.96446682248
2202779,CHEMBL441343,IC50,10.0,ug.mL-1,=,CHEMBL941404,1992,4.140262858286418,72399.76252877887
2340450,CHEMBL484119,IC50,2.3,/uM,=,CHEMBL961515,2008,5.638272163982407,2300.000000000001
2340457,CHEMBL490267,IC50,18.4,/uM,=,CHEMBL961515,2008,4.735182176990463,18400.000000000015
2340458,CHEMBL490266,IC50,1.8,/uM,=,CHEMBL961515,2008,5.7447274948966935,1800.0000000000016
2340459,CHEMBL484321,IC50,213.0,/uM,=,CHEMBL961515,2008,3.671620396561262,213000.00000000017
2340460,CHEMBL484121,IC50,21.3,/uM,=,CHEMBL961515,2008,4.671620396561262,21300.00000000002
2340461,CHEMBL484316,IC50,23.0,/uM,=,CHEMBL961515,2008,4.638272163982407,23000.00000000001
2461682,CHEMBL519982,IC50,5.5,ug.mL-1,=,CHEMBL962866,2008,4.671642323930905,21298.92459793441
2461744,CHEMBL521470,IC50,3.5,ug.mL-1,=,CHEMBL962866,2008,5.002896370846434,9933.530490262307
2461745,CHEMBL519395,IC50,6.5,ug.mL-1,=,CHEMBL962866,2008,4.6315374241510625,23359.447998274976
2461748,CHEMBL483532,IC50,4.2,ug.mL-1,=,CHEMBL962866,2008,4.818043563552498,15203.950131043572
2461749,CHEMBL483531,IC50,9.8,ug.mL-1,=,CHEMBL962866,2008,4.471577573404445,33761.553858291045
2461750,CHEMBL520144,IC50,1.1,ug.mL-1,=,CHEMBL962866,2008,5.418384164038612,3816.0656363289495
2461751,CHEMBL483526,IC50,1.7,ug.mL-1,=,CHEMBL962866,2008,5.204528538172323,6244.1231781852375
2461752,CHEMBL483525,IC50,4.2,ug.mL-1,=,CHEMBL962866,2008,4.906043721008686,12415.273150789393
2672254,CHEMBL512054,IC50,6.0,ug.mL-1,=,CHEMBL1026226,2009,4.748570451339976,17841.42541094748
2672269,CHEMBL556684,IC50,4.0,ug.mL-1,=,CHEMBL1026226,2009,4.875446167216831,13321.521584195349
2672284,CHEMBL463054,IC50,2.7,ug.mL-1,=,CHEMBL1026226,2009,5.022362682060681,9498.112689830321
2672285,CHEMBL554993,IC50,2.7,ug.mL-1,=,CHEMBL1026226,2009,5.360008940719876,4365.068458823657
12637786,CHEMBL2315700,IC50,125.0,ug.mL-1,=,CHEMBL2318217,2013,3.5380999738723053,289667.6700754756
12637789,CHEMBL2315699,IC50,148.0,ug.mL-1,=,CHEMBL2318217,2013,3.4767141574360236,333645.9385370076
12637790,CHEMBL2315698,IC50,130.0,ug.mL-1,=,CHEMBL2318217,2013,3.533032520524144,293067.3784446689
12637791,CHEMBL2315697,IC50,130.0,ug.mL-1,=,CHEMBL2318217,2013,3.533032520524144,293067.3784446689
12637792,CHEMBL2315696,IC50,193.0,ug.mL-1,=,CHEMBL2318217,2013,3.3614185638232073,435092.3387678545
12637795,CHEMBL2315410,IC50,120.0,ug.mL-1,=,CHEMBL2318217,2013,3.5697210503444703,269326.41463699256
12637796,CHEMBL2315409,IC50,94.0,ug.mL-1,=,CHEMBL2318217,2013,3.675774442792396,210972.358132311
12639316,CHEMBL2315701,IC50,197.0,ug.mL-1,=,CHEMBL2318217,2013,3.309222568480699,490656.35873206396
18973270,CHEMBL2316916,IC50,6.7,ug.mL-1,=,CHEMBL4337477,2019,4.9733863673567535,10631.967310667666
18973271,CHEMBL4531006,IC50,8.5,ug.mL-1,=,CHEMBL4337477,2019,4.675922759110528,21090.032106472423
18973272,CHEMBL4539558,IC50,6.0,ug.mL-1,=,CHEMBL4337477,2019,4.732578697720171,18510.634359439482
25892740,CHEMBL5564149,IC50,47.27,ug.mL-1,=,CHEMBL5519945,2024,3.944989778126076,113503.75304349484
26106274,CHEMBL5614250,IC50,0.11,10^3 uM,=,CHEMBL5608619,2024,3.9586073148417746,110000.00000000009
29092663,CHEMBL5564149,IC50,47.2,ug.mL-1,=,CHEMBL6083555,2024,3.9456333817949023,113335.67048134029
