validation_canonical_smiles,training_canonical_smiles,validation_molecule_chembl_id,training_molecule_chembl_id,validation_inchikey,training_inchikey,validation_scaffold,training_scaffold,tanimoto,smiles_identical,inchikey_identical,scaffolds_identical,stereochemistry_difference
COc1cc2ncnc(Nc3ccc(F)c(Cl)c3)c2cc1NC(=O)/C=C/CN1CCCCC1,COc1cc2ncnc(Nc3ccc(F)c(Cl)c3)c2cc1NC(=O)/C=C/CN1CCCCCC1,CHEMBL2110732,CHEMBL3680378,LVXJQMNHJWSHET-AATRIKPKSA-N,HNVQCOJZTIBBPB-VOTSOKGWSA-N,O=C(C=CCN1CCCCC1)Nc1ccc2ncnc(Nc3ccccc3)c2c1,O=C(C=CCN1CCCCCC1)Nc1ccc2ncnc(Nc3ccccc3)c2c1,1.0,False,False,False,different_structure
C#Cc1cccc(Nc2ncnc3cc(OCCCCCCn4ccnc4[N+](=O)[O-])c(OC)cc23)c1,C#Cc1cccc(Nc2ncnc3cc(OCCCCCn4ccnc4[N+](=O)[O-])c(OC)cc23)c1,CHEMBL3360610,CHEMBL3360609,RWGIYOGVCTYDNX-UHFFFAOYSA-N,JXNSKQIOTGMCHY-UHFFFAOYSA-N,c1ccc(Nc2ncnc3cc(OCCCCCCn4ccnc4)ccc23)cc1,c1ccc(Nc2ncnc3cc(OCCCCCn4ccnc4)ccc23)cc1,1.0,False,False,False,different_structure
C#Cc1cccc(Nc2ncnc3cc(OCCCCCCn4ccnc4[N+](=O)[O-])c(OC)cc23)c1,C#Cc1cccc(Nc2ncnc3cc(OC)c(OCCCCCCn4ccnc4[N+](=O)[O-])cc23)c1,CHEMBL3360610,CHEMBL3355882,RWGIYOGVCTYDNX-UHFFFAOYSA-N,CWFMGPWYOACYBH-UHFFFAOYSA-N,c1ccc(Nc2ncnc3cc(OCCCCCCn4ccnc4)ccc23)cc1,c1ccc(Nc2ncnc3ccc(OCCCCCCn4ccnc4)cc23)cc1,1.0,False,False,False,different_structure
C#Cc1cccc(Nc2ncnc3cc(OCCCCCCn4ccnc4[N+](=O)[O-])c(OC)cc23)c1,C#Cc1cccc(Nc2ncnc3cc(OC)c(OCCCCCn4ccnc4[N+](=O)[O-])cc23)c1,CHEMBL3360610,CHEMBL3355881,RWGIYOGVCTYDNX-UHFFFAOYSA-N,SUUQUGFBBWLFFH-UHFFFAOYSA-N,c1ccc(Nc2ncnc3cc(OCCCCCCn4ccnc4)ccc23)cc1,c1ccc(Nc2ncnc3ccc(OCCCCCn4ccnc4)cc23)cc1,1.0,False,False,False,different_structure
COc1cc2c(Nc3ccc(F)c(Cl)c3)ncnc2cc1OCCCCCCn1ccnc1[N+](=O)[O-],COc1cc2c(Nc3ccc(F)c(Cl)c3)ncnc2cc1OCCCCCn1ccnc1[N+](=O)[O-],CHEMBL3360605,CHEMBL3360604,RDZPGHUQXAWIOQ-UHFFFAOYSA-N,KTFMGSFLXBDJDF-UHFFFAOYSA-N,c1ccc(Nc2ncnc3cc(OCCCCCCn4ccnc4)ccc23)cc1,c1ccc(Nc2ncnc3cc(OCCCCCn4ccnc4)ccc23)cc1,1.0,False,False,False,different_structure
COc1cc2c(Nc3ccc(F)c(Cl)c3)ncnc2cc1OCCCCCCn1ccnc1[N+](=O)[O-],COc1cc2ncnc(Nc3ccc(F)c(Cl)c3)c2cc1OCCCCCCn1ccnc1[N+](=O)[O-],CHEMBL3360605,CHEMBL3355877,RDZPGHUQXAWIOQ-UHFFFAOYSA-N,YAPKZXYUODCTSV-UHFFFAOYSA-N,c1ccc(Nc2ncnc3cc(OCCCCCCn4ccnc4)ccc23)cc1,c1ccc(Nc2ncnc3ccc(OCCCCCCn4ccnc4)cc23)cc1,1.0,False,False,False,different_structure
COc1cc2c(Nc3ccc(F)c(Cl)c3)ncnc2cc1OCCCCCCn1ccnc1[N+](=O)[O-],COc1cc2ncnc(Nc3ccc(F)c(Cl)c3)c2cc1OCCCCCn1ccnc1[N+](=O)[O-],CHEMBL3360605,CHEMBL3355876,RDZPGHUQXAWIOQ-UHFFFAOYSA-N,OTQIVPSVUOXWRB-UHFFFAOYSA-N,c1ccc(Nc2ncnc3cc(OCCCCCCn4ccnc4)ccc23)cc1,c1ccc(Nc2ncnc3ccc(OCCCCCn4ccnc4)cc23)cc1,1.0,False,False,False,different_structure
COc1cc2c(Nc3cccc(Br)c3)ncnc2cc1OCCCCCCn1ccnc1[N+](=O)[O-],COc1cc2c(Nc3cccc(Br)c3)ncnc2cc1OCCCCCn1ccnc1[N+](=O)[O-],CHEMBL3352899,CHEMBL3360619,WZOUZPGXWHMMHZ-UHFFFAOYSA-N,BHCMEUKLYVNHBF-UHFFFAOYSA-N,c1ccc(Nc2ncnc3cc(OCCCCCCn4ccnc4)ccc23)cc1,c1ccc(Nc2ncnc3cc(OCCCCCn4ccnc4)ccc23)cc1,1.0,False,False,False,different_structure
C#Cc1cccc(Nc2ncnc3cc(OCCCCn4ccnc4[N+](=O)[O-])c(OC)cc23)c1,C#Cc1cccc(Nc2ncnc3cc(OC)c(OCCCCn4ccnc4[N+](=O)[O-])cc23)c1,CHEMBL3360608,CHEMBL3355880,KMEXVVGZNMJBQL-UHFFFAOYSA-N,MZKVFCHPEMRDCD-UHFFFAOYSA-N,c1ccc(Nc2ncnc3cc(OCCCCn4ccnc4)ccc23)cc1,c1ccc(Nc2ncnc3ccc(OCCCCn4ccnc4)cc23)cc1,1.0,False,False,False,different_structure
COc1cc2c(Nc3ccc(F)c(Cl)c3)ncnc2cc1OCCCCn1ccnc1[N+](=O)[O-],COc1cc2ncnc(Nc3ccc(F)c(Cl)c3)c2cc1OCCCCn1ccnc1[N+](=O)[O-],CHEMBL3360603,CHEMBL3355875,AQXXXWZJCCNLLD-UHFFFAOYSA-N,FGBTUBUYENCTAY-UHFFFAOYSA-N,c1ccc(Nc2ncnc3cc(OCCCCn4ccnc4)ccc23)cc1,c1ccc(Nc2ncnc3ccc(OCCCCn4ccnc4)cc23)cc1,1.0,False,False,False,different_structure
C#Cc1cccc(Nc2ncnc3cc(OC)c(OCCCCCCN/C(=N\C#N)Nc4cccnc4)cc23)c1,C#Cc1cccc(Nc2ncnc3cc(OC)c(OCCCCCCCN/C(=N\C#N)Nc4cccnc4)cc23)c1,CHEMBL4873506,CHEMBL4859375,GZHCSTJUZKGLGS-UHFFFAOYSA-N,WZVDJOCODASVRT-UHFFFAOYSA-N,N=C(NCCCCCCOc1ccc2ncnc(Nc3ccccc3)c2c1)Nc1cccnc1,N=C(NCCCCCCCOc1ccc2ncnc(Nc3ccccc3)c2c1)Nc1cccnc1,1.0,False,False,False,different_structure
C#Cc1cccc(Nc2ncnc3cc(OC)c(OCCCCCCN/C(=N\C#N)Nc4cccnc4)cc23)c1,C#Cc1cccc(Nc2ncnc3cc(OC)c(OCCCCCN/C(=N\C#N)Nc4cccnc4)cc23)c1,CHEMBL4873506,CHEMBL4852664,GZHCSTJUZKGLGS-UHFFFAOYSA-N,MBJLGAXTBLLONX-UHFFFAOYSA-N,N=C(NCCCCCCOc1ccc2ncnc(Nc3ccccc3)c2c1)Nc1cccnc1,N=C(NCCCCCOc1ccc2ncnc(Nc3ccccc3)c2c1)Nc1cccnc1,1.0,False,False,False,different_structure
COC1CCN(c2nccc(Nc3cc4c(cn3)nc(COCCOCCOCC(=O)N[C@H](C(=O)N3C[C@@H](O)C[C@@H]3C(=O)N[C@@H](C)c3ccc(-c5scnc5C)cc3)C(C)(C)C)n4C(C)C)n2)CC1,COC1CCN(c2nccc(Nc3cc4c(cn3)nc(COCCOCCOCCOCCOCC(=O)N[C@H](C(=O)N3C[C@H](O)C[C@H]3C(=O)N[C@@H](C)c3ccc(-c5scnc5C)cc3)C(C)(C)C)n4C(C)C)n2)CC1,CHEMBL5792559,CHEMBL5804962,NCCHRYUZOJGBMG-YUFWERKHSA-N,KLWWCQUVVXBDRD-MLIVJVSHSA-N,O=C(COCCOCCOCc1nc2cnc(Nc3ccnc(N4CCCCC4)n3)cc2[nH]1)NCC(=O)N1CCCC1C(=O)NCc1ccc(-c2cncs2)cc1,O=C(COCCOCCOCCOCCOCc1nc2cnc(Nc3ccnc(N4CCCCC4)n3)cc2[nH]1)NCC(=O)N1CCCC1C(=O)NCc1ccc(-c2cncs2)cc1,1.0,False,False,False,different_structure
O=C1CCC(N2C(=O)c3cccc(NCCOCCOCCOCCOCC#Cc4cccc5c4C(=O)N([C@@H](C(=O)Nc4nccs4)c4cc(F)ccc4O)C5)c3C2=O)C(=O)N1,O=C1CCC(N2C(=O)c3cccc(NCCOCCOCC#Cc4cccc5c4C(=O)N([C@@H](C(=O)Nc4nccs4)c4cc(F)ccc4O)C5)c3C2=O)C(=O)N1,CHEMBL5923228,CHEMBL5933379,PMAHGFRJHDMXDZ-XPSBZXLASA-N,HWOIEWLCAFNMSE-ZBAKNJOASA-N,O=C1CCC(N2C(=O)c3cccc(NCCOCCOCCOCCOCC#Cc4cccc5c4C(=O)N(C(C(=O)Nc4nccs4)c4ccccc4)C5)c3C2=O)C(=O)N1,O=C1CCC(N2C(=O)c3cccc(NCCOCCOCC#Cc4cccc5c4C(=O)N(C(C(=O)Nc4nccs4)c4ccccc4)C5)c3C2=O)C(=O)N1,1.0,False,False,False,different_structure
O=C1CCC(N2C(=O)c3cccc(NCCOCCOCCOCCOCC#Cc4cccc5c4C(=O)N([C@@H](C(=O)Nc4nccs4)c4cc(F)ccc4O)C5)c3C2=O)C(=O)N1,O=C1CCC(N2C(=O)c3cccc(NCCOCCOCCOCC#Cc4cccc5c4C(=O)N([C@@H](C(=O)Nc4nccs4)c4cc(F)ccc4O)C5)c3C2=O)C(=O)N1,CHEMBL5923228,CHEMBL5971757,PMAHGFRJHDMXDZ-XPSBZXLASA-N,JJJVHFQHQXSNFV-MEXJTYAOSA-N,O=C1CCC(N2C(=O)c3cccc(NCCOCCOCCOCCOCC#Cc4cccc5c4C(=O)N(C(C(=O)Nc4nccs4)c4ccccc4)C5)c3C2=O)C(=O)N1,O=C1CCC(N2C(=O)c3cccc(NCCOCCOCCOCC#Cc4cccc5c4C(=O)N(C(C(=O)Nc4nccs4)c4ccccc4)C5)c3C2=O)C(=O)N1,1.0,False,False,False,different_structure
O=C1CCC(N2C(=O)c3cccc(NCCOCCOCCOCCOCC#Cc4cccc5c4C(=O)N([C@@H](C(=O)Nc4nccs4)c4cc(F)ccc4O)C5)c3C2=O)C(=O)N1,O=C1CCC(N2C(=O)c3cccc(NCCOCCOCCOCCOCCOCC#Cc4cccc5c4C(=O)N([C@@H](C(=O)Nc4nccs4)c4cc(F)ccc4O)C5)c3C2=O)C(=O)N1,CHEMBL5923228,CHEMBL5967065,PMAHGFRJHDMXDZ-XPSBZXLASA-N,IMZUDSHAWLMVHC-ZXLKLBPTSA-N,O=C1CCC(N2C(=O)c3cccc(NCCOCCOCCOCCOCC#Cc4cccc5c4C(=O)N(C(C(=O)Nc4nccs4)c4ccccc4)C5)c3C2=O)C(=O)N1,O=C1CCC(N2C(=O)c3cccc(NCCOCCOCCOCCOCCOCC#Cc4cccc5c4C(=O)N(C(C(=O)Nc4nccs4)c4ccccc4)C5)c3C2=O)C(=O)N1,1.0,False,False,False,different_structure
O=C1CCC(N2C(=O)c3cccc(NCCOCCOCCOCCOCC#Cc4cccc5c4C(=O)N([C@@H](C(=O)Nc4nccs4)c4cc(F)ccc4O)C5)c3C2=O)C(=O)N1,O=C1CCC(N2C(=O)c3cccc(NCCOCCOCCOCCOCCOCCOCC#Cc4cccc5c4C(=O)N(C(C(=O)Nc4nccs4)c4cc(F)ccc4O)C5)c3C2=O)C(=O)N1,CHEMBL5923228,CHEMBL5761717,PMAHGFRJHDMXDZ-XPSBZXLASA-N,PFSZCFGFNYYQLN-UHFFFAOYSA-N,O=C1CCC(N2C(=O)c3cccc(NCCOCCOCCOCCOCC#Cc4cccc5c4C(=O)N(C(C(=O)Nc4nccs4)c4ccccc4)C5)c3C2=O)C(=O)N1,O=C1CCC(N2C(=O)c3cccc(NCCOCCOCCOCCOCCOCCOCC#Cc4cccc5c4C(=O)N(C(C(=O)Nc4nccs4)c4ccccc4)C5)c3C2=O)C(=O)N1,1.0,False,False,False,different_structure
O=C1CCC(N2C(=O)c3cccc(NCCOCCOc4ccc(-c5cc6c(NCc7ccccc7Cl)ncnc6[nH]5)cc4)c3C2=O)C(=O)N1,O=C1CCC(N2C(=O)c3cccc(NCCOCCOCCOCCOc4ccc(-c5cc6c(NCc7ccccc7Cl)ncnc6[nH]5)cc4)c3C2=O)C(=O)N1,CHEMBL6042374,CHEMBL5792219,FHSYLKYJIFHIMI-UHFFFAOYSA-N,MQIKSXPITSPAOQ-UHFFFAOYSA-N,O=C1CCC(N2C(=O)c3cccc(NCCOCCOc4ccc(-c5cc6c(NCc7ccccc7)ncnc6[nH]5)cc4)c3C2=O)C(=O)N1,O=C1CCC(N2C(=O)c3cccc(NCCOCCOCCOCCOc4ccc(-c5cc6c(NCc7ccccc7)ncnc6[nH]5)cc4)c3C2=O)C(=O)N1,1.0,False,False,False,different_structure
COc1cc(N(C)CCN(C)C)c2cc1Nc1nccc(n1)-c1cn(c3ccccc13)CCCCCCC(=O)N2,COc1cc(N(C)CCN(C)C)c2cc1Nc1nccc(n1)-c1cn(c3ccccc13)CCCCCC(=O)N2,CHEMBL6173880,CHEMBL6168797,HQPMYWQAMANVHQ-UHFFFAOYSA-N,WROJYZZRNSUILH-UHFFFAOYSA-N,O=C1CCCCCCn2cc(c3ccccc32)-c2ccnc(n2)Nc2cccc(c2)N1,O=C1CCCCCn2cc(c3ccccc32)-c2ccnc(n2)Nc2cccc(c2)N1,1.0,False,False,False,different_structure
C=CC(=O)N1CCCCCCCCn2cc(c3ccccc32)-c2ccnc(n2)Nc2cccc1c2,C=CC(=O)N1CCCCCCCn2cc(c3ccccc32)-c2ccnc(n2)Nc2cccc1c2,CHEMBL5286055,CHEMBL5274514,NBGDQYHRGGXOGN-UHFFFAOYSA-N,OBIZQGRNRHNYFE-UHFFFAOYSA-N,c1cc2cc(c1)Nc1nccc(n1)-c1cn(c3ccccc13)CCCCCCCCN2,c1cc2cc(c1)Nc1nccc(n1)-c1cn(c3ccccc13)CCCCCCCN2,1.0,False,False,False,different_structure
C=CC(=O)N1CCCCCCCCn2cc(c3ccccc32)-c2ccnc(n2)Nc2cccc1c2,C=CC(=O)N1CCCCCCn2cc(c3ccccc32)-c2ccnc(n2)Nc2cccc1c2,CHEMBL5286055,CHEMBL5287438,NBGDQYHRGGXOGN-UHFFFAOYSA-N,OVVSJGFSBOUTQC-UHFFFAOYSA-N,c1cc2cc(c1)Nc1nccc(n1)-c1cn(c3ccccc13)CCCCCCCCN2,c1cc2cc(c1)Nc1nccc(n1)-c1cn(c3ccccc13)CCCCCCN2,1.0,False,False,False,different_structure
C=CC(=O)N1CCCCCCCCn2cc(c3ccccc32)-c2ccnc(n2)Nc2cccc1c2,C=CC(=O)N1CCCCCCCCCn2cc(c3ccccc32)-c2ccnc(n2)Nc2cccc1c2,CHEMBL5286055,CHEMBL5272747,NBGDQYHRGGXOGN-UHFFFAOYSA-N,JGSRURALHADGHE-UHFFFAOYSA-N,c1cc2cc(c1)Nc1nccc(n1)-c1cn(c3ccccc13)CCCCCCCCN2,c1cc2cc(c1)Nc1nccc(n1)-c1cn(c3ccccc13)CCCCCCCCCN2,1.0,False,False,False,different_structure
CCS(=O)(=O)n1cc2c3cc(ccc31)OCCCCCCCOc1cc(ccc1N1CCOCC1)Nc1ncc(Cl)c-2n1,CCS(=O)(=O)n1cc2c3cc(ccc31)OCCCCCCCCOc1cc(ccc1N1CCOCC1)Nc1ncc(Cl)c-2n1,CHEMBL6152563,CHEMBL6142537,SRCHFTHONDMTRQ-UHFFFAOYSA-N,WERCBZMVUQCLBT-UHFFFAOYSA-N,c1cc2nc(n1)Nc1ccc(N3CCOCC3)c(c1)OCCCCCCCOc1ccc3[nH]cc-2c3c1,c1cc2nc(n1)Nc1ccc(N3CCOCC3)c(c1)OCCCCCCCCOc1ccc3[nH]cc-2c3c1,1.0,False,False,False,different_structure
CCS(=O)(=O)n1cc2c3cc(ccc31)OCCCCCOc1cc(ccc1N1CCOCC1)Nc1ncc(Cl)c-2n1,CCS(=O)(=O)n1cc2c3cc(ccc31)OCCCCCCCCOc1cc(ccc1N1CCOCC1)Nc1ncc(Cl)c-2n1,CHEMBL5201287,CHEMBL6142537,SNXZOVIKXAUXCZ-UHFFFAOYSA-N,WERCBZMVUQCLBT-UHFFFAOYSA-N,c1cc2nc(n1)Nc1ccc(N3CCOCC3)c(c1)OCCCCCOc1ccc3[nH]cc-2c3c1,c1cc2nc(n1)Nc1ccc(N3CCOCC3)c(c1)OCCCCCCCCOc1ccc3[nH]cc-2c3c1,1.0,False,False,False,different_structure
CCS(=O)(=O)n1cc2c3ccc(cc31)OCCCCCOc1cc(ccc1N1CCOCC1)Nc1ncc(Cl)c-2n1,CCS(=O)(=O)n1cc2c3ccc(cc31)OCCCCCCOc1cc(ccc1N1CCOCC1)Nc1ncc(Cl)c-2n1,CHEMBL5188272,CHEMBL5205581,RGTXIZZIPIKECI-UHFFFAOYSA-N,KBYYUDNRZUURRS-UHFFFAOYSA-N,c1cc2nc(n1)Nc1ccc(N3CCOCC3)c(c1)OCCCCCOc1ccc3c-2c[nH]c3c1,c1cc2nc(n1)Nc1ccc(N3CCOCC3)c(c1)OCCCCCCOc1ccc3c-2c[nH]c3c1,1.0,False,False,False,different_structure
CCS(=O)(=O)n1cc2c3ccc(cc31)OCCCCCOc1cc(ccc1N1CCOCC1)Nc1ncc(Cl)c-2n1,CCS(=O)(=O)n1cc2c3ccc(cc31)OCCCCCCCCOc1cc(ccc1N1CCOCC1)Nc1ncc(Cl)c-2n1,CHEMBL5188272,CHEMBL5181437,RGTXIZZIPIKECI-UHFFFAOYSA-N,UDVOCMOLPIKPKJ-UHFFFAOYSA-N,c1cc2nc(n1)Nc1ccc(N3CCOCC3)c(c1)OCCCCCOc1ccc3c-2c[nH]c3c1,c1cc2nc(n1)Nc1ccc(N3CCOCC3)c(c1)OCCCCCCCCOc1ccc3c-2c[nH]c3c1,1.0,False,False,False,different_structure
CCS(=O)(=O)n1cc2c3ccc(cc31)OCCCCCOc1cc(ccc1N1CCOCC1)Nc1ncc(Cl)c-2n1,CCS(=O)(=O)n1cc2c3ccc(cc31)OCCCCCCCOc1cc(ccc1N1CCOCC1)Nc1ncc(Cl)c-2n1,CHEMBL5188272,CHEMBL5201250,RGTXIZZIPIKECI-UHFFFAOYSA-N,JKRRIFNNZKHJGL-UHFFFAOYSA-N,c1cc2nc(n1)Nc1ccc(N3CCOCC3)c(c1)OCCCCCOc1ccc3c-2c[nH]c3c1,c1cc2nc(n1)Nc1ccc(N3CCOCC3)c(c1)OCCCCCCCOc1ccc3c-2c[nH]c3c1,1.0,False,False,False,different_structure
