molecule_chembl_id,canonical_smiles,true_pIC50,role
CHEMBL1240565,Cn1nc(-c2cnc3[nH]ccc3c2)c2c(N)ncnc21,4.823908805847168,background
CHEMBL5967377,CN(C)C(=O)N[C@@H]1CCCN(c2cnc(C(N)=O)c(Nc3ccc(C4CCN(C5CCCCC5)CC4)cc3)n2)C1,5.259637355804443,background
CHEMBL2070200,Brc1cccc(Nc2ncnc3ccc(NCc4ccc5c(c4)OCCCCO5)cc23)c1,5.9430952072143555,background
CHEMBL5972541,CN(C)C/C=C/C(=O)N1CCC(Nc2cncc(-c3cnc(Oc4cccc(Cl)c4)nc3)n2)CC1,4.2790141105651855,background
CHEMBL485745,Fc1ccc(-c2nn3ccccc3c2-c2ccncc2)cc1,5.200659275054932,background
CHEMBL5962946,C#CC(=O)N1CCCC(N(C)c2nc(-c3cnn(C)c3)c3c(c2F)CNC3=O)C1,5.99913215637207,background
CHEMBL5876064,CN(C)C/C=C/C(=O)N1CCOc2c1ccc1ncnc(Nc3ccc(OCc4ccncc4)cc3)c21,5.560667514801025,background
CHEMBL398963,Fc1ccc(Nc2ncnc3ccc(C#Cc4cccs4)cc23)cc1Cl,5.784997463226318,background
CHEMBL3628791,Fc1ccc(Nc2ncnc3sccc23)cc1Cl,5.525783538818359,background
CHEMBL2335379,C#Cc1cccc(Nc2nc(N)nc3[nH]c(CCc4ccccn4)cc23)c1,4.701147079467773,background
CHEMBL1683950,Fc1cccc(COc2ccc(Nc3cc(-c4ccccc4)ncn3)cc2Cl)c1,5.92081880569458,background
CHEMBL1683952,Fc1cccc(COc2ccc(Nc3cc(-c4ccsc4)ncn3)cc2Cl)c1,4.6575775146484375,background
CHEMBL1683954,Fc1cccc(COc2ccc(Nc3cc(Oc4ccccc4)ncn3)cc2Cl)c1,5.0,background
CHEMBL3814940,Fc1cccc(COc2ccc(Nc3ncnc4ccc(NC(=S)NCCN5CCCCC5)cc34)cc2Cl)c1,5.75448751449585,background
CHEMBL5436057,CN(C)C/C=C/C(=O)Nc1cccc(-c2c(-c3ccccc3)oc3ncnc(NCCO)c23)c1,5.945393085479736,background
CHEMBL3741762,CN(C)C/C=C/C(=O)Nc1cccc(Nc2nc(N/N=C/c3ccc(F)cc3)ncc2Cl)c1,5.739254474639893,background
CHEMBL3742128,CN(C)C/C=C/C(=O)Nc1cccc(Nc2nc(N/N=C/c3ccc(F)cc3F)ncc2Cl)c1,5.598599433898926,background
CHEMBL3741436,CN(C)C/C=C/C(=O)Nc1cccc(Nc2nc(N/N=C/c3ccccc3F)ncc2Cl)c1,5.806875228881836,background
CHEMBL77381,N#C/C(=C/c1ccc[nH]1)C(=O)O,2.8664610385894775,background
CHEMBL3233761,CN(C)CCCC(=O)Nc1cc2c(Nc3ccc(F)c(Cl)c3)ncnc2s1,5.92072868347168,background
CHEMBL1641989,CN(C)CCCC(=O)Nc1ccc2c(C#N)cnc(Nc3cccc(Br)c3)c2c1,5.387216091156006,background
CHEMBL358746,N#C/C(=C\c1cc(O)c(O)c(O)c1)C(=O)NCCCCNC(=O)/C(C#N)=C/c1cc(O)c(O)c(O)c1,5.449814796447754,background
CHEMBL291986,N#C/C(=C\c1ccc(O)c(O)c1)C(=O)N1CCN(c2ccccc2)CC1,4.813084602355957,background
CHEMBL144778,N#C/C(=C\c1ccc(O)c(O)c1)C(=O)NC1CCCC[C@@H]1NC(=O)/C(C#N)=C/c1ccc(O)c(O)c1,5.273723602294922,background
CHEMBL424302,N#C/C(=C\c1ccc(O)c(O)c1)C(=O)NCCCCCCCCCCNC(=O)/C(C#N)=C/c1ccc(O)c(O)c1,5.886056423187256,background
CHEMBL3233763,CN(C)CCCN(C)CC(=O)Nc1cc2c(Nc3ccc(F)c(Cl)c3)ncnc2s1,5.525984764099121,background
CHEMBL440298,N#C/C(=C\c1ccc(O)c(O)c1)C(=O)NCCCCc1ccccc1,5.301030158996582,background
CHEMBL144589,N#C/C(=C\c1ccc(O)c(O)c1)C(=O)NCCCCNC(=O)/C(C#N)=C/c1ccc(O)c(O)c1,5.794189929962158,background
CHEMBL144908,N#C/C(=C\c1ccc(O)c(O)c1)C(=O)NCCNC(=O)/C(C#N)=C/c1ccc(O)c(O)c1,5.12397575378418,background
CHEMBL3612575,C#Cc1cccc(Nc2ncnc3cc4oc(=O)n(CCCC(=O)OCC)c4cc23)c1,5.2441253662109375,background
CHEMBL3910361,C#Cc1cccc(Nc2ncnc3cc4oc(=O)n(CCOC(=O)CBr)c4cc23)c1,5.28399658203125,background
CHEMBL3233762,CN(C)CCN(C)CC(=O)Nc1cc2c(Nc3ccc(F)c(Cl)c3)ncnc2s1,5.367948055267334,background
CHEMBL3740102,C/C(=N\Nc1ncc(Cl)c(Nc2cccc(NC(=O)/C=C/CN(C)C)c2)n1)c1ccc(F)cc1,5.221836566925049,background
CHEMBL3233768,C/C=C(\C)C(=O)Nc1cc2c(Nc3ccc(F)c(Cl)c3)ncnc2s1,5.19287109375,background
CHEMBL57462,N#CC(C#N)=C1C(=O)Nc2cc(O)c(O)cc21,5.562469482421875,background
CHEMBL55748,N#CC(C#N)=C1C(=O)Nc2ccc(O)cc21,4.951544761657715,background
CHEMBL291313,N#CC(C#N)=C1C(=O)Nc2ccc([N+](=O)[O-])cc21,4.397940158843994,background
CHEMBL5563703,C/C=C/C(=O)Nc1cc2c(Oc3ccc(NC(=O)CCCc4ccc(C)cc4)cc3F)ncnc2cc1OC,5.11616849899292,background
CHEMBL5569952,C/C=C/C(=O)Nc1cc2c(Oc3ccc(NC(=O)CCCc4ccc(F)cc4)cc3F)ncnc2cc1OC,5.292440891265869,background
CHEMBL5569064,C/C=C/C(=O)Nc1cc2c(Oc3ccc(NC(=O)CCCc4ccccc4)cc3F)ncnc2cc1OC,5.495029926300049,background
CHEMBL5563395,C/C=C/C(=O)Nc1cc2c(Oc3ccc(NC(=O)c4sc(-c5ccccc5)nc4C)cc3F)cccc2cc1OC,5.63432502746582,background
CHEMBL310514,N#CC(C#N)=Cc1ccc[nH]1,3.585026741027832,background
CHEMBL4087489,C1=CC2=C(Cc3nnc(Cc4nc5ccccc5[nH]4)o3)CNC2C=C1,4.064492702484131,background
CHEMBL5971716,N#CCC(=O)N1CCC(c2ccc(Nc3nc(N4CCC[C@@H](NC(=O)N5CCCCC5)C4)nnc3C(N)=O)cc2)CC1,5.259637355804443,background
CHEMBL5845962,C=C(C)C(=O)N1CCC[C@@H](n2nc(C(=O)Nc3nc4cc(F)ccc4o3)c3c(N)ncnc32)C1,5.887730121612549,background
CHEMBL3613691,CN(C)c1ccc(/C=C/C(=O)c2ccc3ncc(C(N)=O)c(Nc4ccc(Cl)cc4)c3c2)cc1,5.277119159698486,background
CHEMBL5286675,CN(C)c1ccc(/C=C/c2cc(C(=O)O)c3cc(Br)ccc3n2)cc1,5.651695251464844,background
CHEMBL544074,C=C(CN1CCCCC1)C(=O)c1ccc(OCc2ccccc2)cc1,5.958607196807861,background
CHEMBL544067,C=C(CN1CCOCC1)C(=O)c1ccc(OCc2ccccc2)cc1,5.958607196807861,background
CHEMBL1946843,CN(C)c1nc(N/N=C/c2cc(Br)c(O)c(Br)c2O)nc(Nc2ccc(F)cc2)n1,4.886893272399902,background
CHEMBL4784185,N#Cc1ccc(Nc2ncnc3cc(OCCCN4CCOCC4)c(NC(=O)c4cc([N+](=O)[O-])ccc4F)cc23)cc1Cl,5.6487836837768555,background
CHEMBL1641995,N#Cc1cnc(Nc2cccc(Br)c2)c2cc(NC(=O)[C@@H]3CCC(=O)N3)ccc12,5.6575775146484375,background
CHEMBL1641997,N#Cc1cnc(Nc2cccc(Br)c2)c2cc(NC(=O)c3ccoc3)ccc12,4.3448615074157715,background
CHEMBL56201,CN1C(=O)C(=C(C#N)C#N)c2cc(O)ccc21,4.585026741027832,background
CHEMBL5892735,C=CC(=O)N(C)Cc1ccc(Oc2nc(Nc3cccc(OCCN4CCCC4=O)c3)ncc2F)cc1,5.978810787200928,background
CHEMBL138691,C=CC(=O)N(CCN(C)C)c1cc2c(Nc3cccc(Br)c3)ncnc2cn1,5.641684532165527,background
CHEMBL6032138,CN1CCCN([C@@H]2CCCN(c3cnc(C(N)=O)c(Nc4ccc(C5(C)CCN(C6CC6)CC5)cc4)n3)C2)C1=O,5.259637355804443,background
CHEMBL5853228,C=CC(=O)N1CC(Nc2nc(-c3cnn(C)c3)c3c(c2F)CNC3=O)CCC1C,5.174314498901367,background
CHEMBL4639556,CN1CCN(C/C=C/C(=O)N2CCCOc3cc4ncnc(Nc5ccc(OCc6cccc(F)c6)c(Cl)c5)c4cc32)CC1,5.31247091293335,background
CHEMBL118000,N#Cc1cnc2ccc(NC(=O)/C=C/CN3CCOCC3)cc2c1Nc1ccc(F)c(Cl)c1,5.640164375305176,background
CHEMBL5946793,C=CC(=O)N1CC(Nc2nc(Nc3cccc(N4CCOCC4)c3)c3c(c2F)CNC3=O)CCC1C,5.413863182067871,background
CHEMBL3233765,CN1CCN(CC(=O)Nc2cc3c(Nc4ccc(F)c(Cl)c4)ncnc3s2)CC1,5.468648910522461,background
CHEMBL489083,N=C(N)SCCCn1c(=O)c2c(c1=O)n1c3ccccc3cc1c1cccc3ccn2c31,5.337242126464844,background
CHEMBL487254,N=C(Nc1ccccc1)SCCCN1C(=O)C2=C(C1=O)n1ccc3cccc(c31)C1Cc3ccccc3N21,5.022276401519775,background
CHEMBL5983357,C=CC(=O)N1CC(Oc2cc3c(Nc4ccc(Cl)cc4Cl)ncnc3cn2)C1,5.638272285461426,background
CHEMBL2332119,NC(=O)C1=C(N)C(=O)C=C(Nc2ccccc2O)C1=O,5.585026741027832,background
CHEMBL5935382,C=CC(=O)N1CC2CN(c3nc(Nc4cnn(C)c4)c4c(c3F)CNC4=O)CC2C1,5.864867210388184,background
CHEMBL3613695,NC(=O)c1cnc2ccc(C(=O)/C=C/c3ccc(Cl)cc3)cc2c1Nc1ccc(Br)cc1,5.316592693328857,background
CHEMBL5955586,NC(=O)c1ncc(N2CCC[C@@H](N3Cc4ccccc4C3=O)C2)nc1Nc1ccc(C2CCN(C3CCCC3)CC2)cc1,5.259637355804443,background
CHEMBL5831010,NC(=O)c1ncc(N2CCC[C@@H](NC(=O)C3CC3)C2)nc1Nc1ccc(C2CCN(C3CCCC3)CC2)cc1,5.259637355804443,background
CHEMBL5862663,NC(=O)c1nnc(N2CCC[C@@H](NC(=O)N3CCCCC3)C2)nc1Nc1ccc(C2CCN(C=O)CC2)cc1,5.259637355804443,background
CHEMBL1256432,CN1CCN([C@H]2CC[C@H](n3nc(-c4ccc(Nc5nc6cccc(Cl)c6o5)c(F)c4)c4c(N)ncnc43)CC2)CC1,5.540607452392578,background
CHEMBL1257998,CN1CCN([C@H]2CC[C@H](n3nc(-c4ccc(Nc5nc6cccc(Cl)c6o5)cc4)c4c(N)ncnc43)CC2)CC1,5.638272285461426,background
CHEMBL5944144,NC(=O)c1nnc(N2CCC[C@@H](NC(=O)Nc3ccccc3)C2)nc1Nc1ccc(C(=O)N2CCOCC2)cc1,5.259637355804443,background
CHEMBL336174,NC(Cc1c(SSc2[nH]c3ccccc3c2CC(N)C(=O)NCc2ccccc2)[nH]c2ccccc12)C(=O)NCc1ccccc1,5.130768299102783,background
CHEMBL5888426,C=CC(=O)N1CCC(Oc2cc3c(Nc4ccc(Cl)cc4Cl)ncnc3cn2)C1,5.777665615081787,background
CHEMBL120185,CN1CCN(c2ccc3c(n2)nc(-c2ccc(F)cc2)n3-c2ccnc(NC3CCCC3)n2)CC1,5.06048059463501,background
CHEMBL5888829,C=CC(=O)N1CCC(Oc2cc3c(Nc4cccc(CO)c4)ncnc3cc2OC)CC1,5.06304931640625,background
CHEMBL488271,CNC(=N)SCCCn1c(=O)c2c(c1=O)n1c3ccccc3cc1c1cccc3ccn2c31,5.004364967346191,background
CHEMBL309075,NCCNC(=O)c1ccc(S(=O)(=O)Oc2ccc(/C=C/[N+](=O)[O-])cc2)cc1,5.284317970275879,background
CHEMBL1098119,NCCc1cn(CCCCCc2ccccc2)c2ccc(OCCc3ccc(O)cc3)cc12,5.787812232971191,background
CHEMBL78280,CNC(=O)c1ccc(S(=O)(=O)Oc2ccc(/C=C(\C)[N+](=O)[O-])cc2OC)cc1,5.397940158843994,background
CHEMBL336409,N[C@H](Cc1c([Se][Se]c2[nH]c3ccccc3c2C[C@H](N)C(=O)NCc2ccccc2)[nH]c2ccccc12)C(=O)NCc1ccccc1,5.965907096862793,background
CHEMBL6042351,C=CC(=O)N1CCCC(Nc2nc(-c3cnc(C)s3)c3c(c2F)CNC3=O)C1,5.1281352043151855,background
CHEMBL5945102,C=CC(=O)N1CCCC(Nc2nc(-c3cnn(C)c3)c3c(c2F)CNC3=O)C1,5.28495979309082,background
CHEMBL5843489,C=CC(=O)N1CCCC(Nc2nc(-c3cnn(C4CC4)c3)c3c(c2F)CNC3=O)C1,5.080817222595215,background
CHEMBL5873347,C=CC(=O)N1CCCC(Nc2nc(Nc3ccc(N4CCC(O)C(C)(C)C4)cn3)c3c(c2F)CNC3=O)C1,5.080503463745117,background
CHEMBL5894066,C=CC(=O)N1CCCC(Nc2nc(Nc3ccc(C(=O)N4CCOCC4)cc3)c3c(c2F)CNC3=O)C1,5.7481184005737305,background
CHEMBL5874587,C=CC(=O)N1CCCC(Nc2nc(Nc3ccc(N4CCN(C5COC5)CC4C)cn3)c3c(c2F)CNC3=O)C1,5.04522705078125,background
CHEMBL1946847,CNc1nc(N/N=C/c2ccc(O)cc2)nc(Nc2ccccc2)n1,4.512861728668213,background
CHEMBL1946845,CNc1nc(N/N=C\c2ccc(OC)cc2)nc(Nc2ccccc2)n1,4.508638381958008,background
CHEMBL107472,CNc1ncc2cc(-c3c(Cl)cccc3Cl)c(=O)n(C)c2n1,5.12493896484375,background
CHEMBL373882,CNc1ncnc(-c2cccnc2Oc2ccc(F)c(C(=O)Nc3cc(C(F)(F)F)ccc3N(C)CCCN(C)C)c2)n1,4.602059841156006,background
CHEMBL255291,CO/N=C/c1c(N)ncnc1NCc1ccc(F)c(Cl)c1,5.949620246887207,background
CHEMBL3233759,COC(=O)CC(=O)Nc1cc2c(Nc3ccc(F)c(Cl)c3)ncnc2s1,5.301290512084961,background
CHEMBL5822544,C=CC(=O)N1CCC[C@@H](N(C)c2nc(-c3cnn(C)c3)c3c(c2F)CNC3=O)C1,5.209996700286865,background
CHEMBL202244,COC(=O)c1c(OCCN2CCCC2)c2ccccc2c2oc3c(c12)C(=O)c1ccccc1C3=O,5.045757293701172,background
CHEMBL4447289,C=CC(=O)Nc1cccc(-c2noc3ncnc(N[C@H](CO)c4ccccc4)c23)c1,5.857850551605225,background
CHEMBL358092,COC(=O)c1ccc(-c2ccc(-c3ccccc3)cc2O)cc1,4.853871822357178,background
CHEMBL336192,COC(=O)c1ccc(C(=O)N(C)[C@H]2C[C@@H]3O[C@](C)([C@H]2OC)n2c4ccccc4c4c5c(c6c7ccccc7n3c6c42)C(=O)NC5)cc1,5.130768299102783,background
CHEMBL154822,COC(=O)c1ccc(CNC(=O)CCc2c(SSc3[nH]c4ccccc4c3CCC(=O)NCc3ccc(C(=O)OC)c(O)c3)[nH]c3ccccc23)cc1O,4.0,background
CHEMBL347659,COC(=O)c1ccc(CNC(=O)c2c(SSc3c(C(=O)NCc4ccc(C(=O)OC)cc4)c4ccccc4n3C)n(C)c3ccccc23)cc1,4.886056423187256,background
CHEMBL2335377,Nc1nc(Nc2ccc(F)c(Br)c2)c2cc(CCc3ccccn3)[nH]c2n1,4.066006660461426,background
CHEMBL154080,COC(=O)c1ccc(CNC(=O)CCc2c(SSc3[nH]c4ccccc4c3CCC(=O)NCc3ccc(C(=O)OC)cc3)[nH]c3ccccc23)cc1,4.3565473556518555,background
CHEMBL2335014,Nc1nc(Nc2ccc(F)c(C(F)(F)F)c2)c2cc(CCc3ccccn3)[nH]c2n1,4.806875228881836,background
CHEMBL3809489,Nc1nc(Nc2ccc3c(c2)CC[C@@H](N2CCCC2)CC3)nn1-c1cc2c(nn1)-c1ccccc1CCC2,5.408935546875,background
CHEMBL2335378,Nc1nc(Nc2ccc(F)c(Cl)c2)c2cc(CCc3ccccn3)[nH]c2n1,3.956244945526123,background
CHEMBL77401,COC(=O)c1ccc(S(=O)(=O)Oc2ccc(/C=C/[N+](=O)[O-])cc2)cc1,5.761439323425293,background
CHEMBL76929,COC(=O)c1ccc(S(=O)(=O)Oc2ccc(/C=C/[N+](=O)[O-])cc2)cc1O,5.721848964691162,background
CHEMBL1956887,Nc1nc(Nc2cccc(Br)c2)c2cc(Cc3ccc(-c4ccccc4)cc3)[nH]c2n1,5.210419178009033,background
CHEMBL2335013,Nc1nc(Nc2cccc(C(F)(F)F)c2)c2cc(CCc3ccccn3)[nH]c2n1,4.714442729949951,background
CHEMBL4094527,C=CC(=O)N1CCC[C@@H](n2ncc3c(N)ncnc32)C1,5.698969841003418,background
CHEMBL5739782,C=CC(=O)N1CCC[C@H](Nc2nc(-c3cnn(C)c3)c3c(c2F)CNC3=O)[C@@H]1C,5.166406631469727,background
CHEMBL2047247,Nc1nc2c(c(Nc3ccc(Cl)cc3)n1)-c1ccccc1C2,4.585026741027832,background
CHEMBL2047253,Nc1nc2c(c(Nc3ccc(Cl)cc3F)n1)-c1ccccc1C2,4.931814193725586,background
CHEMBL2047241,Nc1nc2c(c(Nc3ccc(F)cc3)n1)-c1ccccc1C2,3.5589334964752197,background
CHEMBL2047248,Nc1nc2c(c(Nc3cccc(Br)c3)n1)-c1ccccc1C2,4.617982864379883,background
CHEMBL2047242,Nc1nc2c(c(Nc3cccc(Cl)c3)n1)-c1ccccc1C2,4.707744121551514,background
CHEMBL410659,Nc1nccn2c1c(-c1ccc3ccc(-c4ccccc4)nc3c1)nc2[C@H]1C[C@@H](CN2CCC2)C1,5.017728805541992,background
CHEMBL5863747,COC1CCN(c2nccc(Nc3cc4c(cn3)nc(COCCN3CCN(CCOCC(=O)N[C@H](C(=O)N5C[C@H](O)C[C@H]5C(=O)N[C@@H](C)c5ccc(-c6scnc6C)cc5)C(C)(C)C)CC3)n4C(C)C)n2)CC1,4.92081880569458,background
CHEMBL5792559,COC1CCN(c2nccc(Nc3cc4c(cn3)nc(COCCOCCOCC(=O)N[C@H](C(=O)N3C[C@@H](O)C[C@@H]3C(=O)N[C@@H](C)c3ccc(-c5scnc5C)cc3)C(C)(C)C)n4C(C)C)n2)CC1,4.9836907386779785,background
CHEMBL5873242,COC1CCN(c2nccc(Nc3cc4c(cn3)nc(COCCOCCOCCOCC(=O)N[C@H](C(=O)N3C[C@@H](O)C[C@@H]3C(=O)N[C@@H](C)c3ccc(-c5scnc5C)cc3)C(C)(C)C)n4C(C)C)n2)CC1,4.828394412994385,background
CHEMBL1241580,Nc1ncnc2c1c(-c1ccc(Cl)c(O)c1)nn2C1CCC1,5.93930196762085,background
CHEMBL1241770,Nc1ncnc2c1c(-c1ccc(Cl)c(O)c1)nn2CC1CCNC1,5.696804046630859,background
CHEMBL5815780,C=CC(=O)N1CCOc2ccc(Nc3ncc(F)c(Nc4cccc(Cl)c4)n3)cc21,5.978810787200928,background
CHEMBL1242566,Nc1ncnc2c1c(-c1ccc(F)c(O)c1)nn2C1CCC1,5.537601947784424,background
CHEMBL5972723,COCC(Nc1c(C#N)cnc2c(Cl)cc(N[C@H](C3=CN(C(C)C)NN3)c3cccnc3)cc12)c1ccccc1,5.06991720199585,background
CHEMBL5868329,COCC(Nc1c(C#N)cnc2c(Cl)cc(N[C@H](C3=CNNN3)c3cccnc3)cc12)c1ccccc1,5.159705638885498,background
CHEMBL47940,Nc1ncnc2c1c(-c1ccc(Oc3ccccc3)cc1)cn2C1CCCC1,5.494850158691406,background
CHEMBL3915538,Nc1ncnc2c1c(-c1ccc(Oc3ccccc3)cc1)nn2C[C@@H]1CCCN1C(=O)/C=C/CN1CCOCC1,5.204954624176025,background
CHEMBL1614712,Nc1ncnc2c1c(-c1cccc(OCc3ccccc3)c1)cn2[C@H]1C[C@@H](CN2CCC2)C1,5.260284423828125,background
CHEMBL168266,Nc1ncnc2c1c(-c1ccccc1)cn2C1CC(O)C1,5.549750804901123,background
CHEMBL521155,Nc1ncnc2c1ncn2CC(=O)c1c[nH]c2ccccc12,4.455932140350342,background
CHEMBL5568120,C=CC(=O)N1CC[C@H](n2cc(-c3ccncc3)c(-c3cccc(NC(=O)c4ccc5c(c4)CN(C)C5=O)c3)n2)C1,5.537601947784424,background
CHEMBL1990583,Nc1ncnn2ccc(C(=O)Nc3ccc(NC(=O)Nc4cccc(F)c4)cc3)c12,5.679853916168213,background
CHEMBL2029700,Nc1nn2c(=O)cc(-c3ccccc3)[nH]c2c1/N=N/c1ccc2c(c1)OCO2,5.275723934173584,background
CHEMBL1910273,Nc1scc2c1c(Nc1ccc(S(N)(=O)=O)cc1)nc1ncnc(N)c12,4.530178070068359,background
CHEMBL347161,Cn1c(SSc2c(C(=O)Nc3ccc(C(=O)O)cc3)c3ccccc3n2C)c(C(=O)Nc2ccc(C(=O)O)cc2)c2ccccc21,4.77211332321167,background
CHEMBL2426284,C=CC(=O)N1CCc2cc(OC)c(Nc3ncc(Cl)c(-c4c[nH]c5ccccc45)n3)cc21,5.615311145782471,background
CHEMBL5555280,C=CC(=O)N1[C@@H]2CC[C@H]1C[C@@H](n1nc(-c3cc(F)c(Oc4ccc5c(c4)ncn5C)c(Cl)c3)c3c(C)ncnc31)C2,5.3387556076049805,background
CHEMBL5542514,C=CC(=O)N1[C@@H]2CC[C@H]1C[C@@H](n1nc(-c3ccc(Oc4ccc5c(c4)ncn5C)c(Cl)c3)c3c(C)ncnc31)C2,5.338376522064209,background
CHEMBL4639739,C=CC(=O)NCCOc1cc(Cc2ccccc2)cc2[nH]c(-c3n[nH]c4cc(-c5cn[nH]c5)ccc34)cc12,5.346787452697754,background
CHEMBL3612572,COCCn1c(=O)oc2cc3ncnc(Nc4ccc(OC)c(OC)c4)c3cc21,5.259637355804443,background
CHEMBL3612571,COCCn1c(=O)oc2cc3ncnc(Nc4ccc(OCc5ccc(Cl)cc5)c(Cl)c4)c3cc21,5.886056423187256,background
CHEMBL3612564,COCCn1c(=O)oc2cc3ncnc(Nc4ccc(OC)cc4)c3cc21,5.2924299240112305,background
CHEMBL4062617,C=CC(=O)NCc1cccc(-c2nc(C3CC3)c(-c3ccnc4[nH]c(-c5ccccc5)cc34)[nH]2)c1,5.176817893981934,background
CHEMBL3608432,C=CC(=O)N[C@@H]1CN(c2nc(Nc3cn(C)nc3C)c3ncn(C(C)C)c3n2)C[C@H]1F,5.672232627868652,background
CHEMBL2424804,O=C(/C=C/c1ccc(Br)s1)Nc1ccc2ncnc(Nc3cccc(Cl)c3)c2c1,5.619788646697998,background
CHEMBL319244,O=C(/C=C/c1ccc(O)c(O)c1)OCCc1ccccc1,5.997833728790283,background
CHEMBL195218,CONC(=O)c1cc(Nc2ncnn3cc(NC(=O)OCCCS(C)(=O)=O)c(C(C)C)c23)c(F)cc1F,5.376750946044922,background
CHEMBL608533,CO[C@@H]1[C@H](N(C)C(=O)c2ccccc2)C[C@H]2O[C@]1(C)n1c3ccccc3c3c4c(c5c6ccccc6n2c5c31)C(=O)NC4,5.522878646850586,background
CHEMBL1272275,O=C(/C=C/c1ccccc1)N1CCc2c(sc3ncnc(N[C@H](CO)c4ccccc4)c23)C1,5.455559730529785,background
CHEMBL5429263,C=CC(=O)Nc1cc(-c2ccccc2)ccn1,4.494850158691406,background
CHEMBL131715,CO[C@H]1[C@@H](N(C)C(=O)c2ccc(Cl)cc2)C[C@@H]2O[C@@]1(C)n1c3ccccc3c3c4c(c5c6ccccc6n2c5c31)C(=O)NC4,5.15490198135376,background
CHEMBL338944,CO[C@H]1[C@@H](N(C)C(=O)c2cccc(Cl)c2)C[C@@H]2O[C@@]1(C)n1c3ccccc3c3c4c(c5c6ccccc6n2c5c31)C(=O)NC4,5.337242126464844,background
CHEMBL130208,CO[C@H]1[C@@H](N(C)C(=O)c2cccc([N+](=O)[O-])c2)C[C@@H]2O[C@@]1(C)n1c3ccccc3c3c4c(c5c6ccccc6n2c5c31)C(=O)NC4,5.318758964538574,background
CHEMBL338448,CO[C@H]1[C@@H](N(C)C(=O)c2ccccc2)C[C@@H]2O[C@@]1(C)n1c3ccccc3c3c4c(c5c6ccccc6n2c5c31)C(=O)NC4,5.721246242523193,background
CHEMBL131590,CO[C@H]1[C@@H](N(C)C(=O)c2ccccc2Cl)C[C@@H]2O[C@@]1(C)n1c3ccccc3c3c4c(c5c6ccccc6n2c5c31)C(=O)NC4,5.327902317047119,background
CHEMBL337297,CO[C@H]1[C@@H](N(C)C(=O)c2cnccn2)C[C@@H]2O[C@@]1(C)n1c3ccccc3c3c4c(c5c6ccccc6n2c5c31)C(=O)NC4,5.087246894836426,background
CHEMBL1812567,O=C(/C=C/c1cccs1)Nc1ccc2ncnc(Nc3cccc(Cl)c3)c2c1,5.055517196655273,background
CHEMBL599388,COc1cc(-c2nc(=O)c3c([nH]2)sc2ccc(C)cc23)ccc1OCC(=O)O,5.619788646697998,background
CHEMBL3915306,O=C(CBr)OCCn1c(=O)oc2cc3ncnc(Nc4ccc(OCc5ccc(Cl)cc5)cc4)c3cc21,5.193819999694824,background
CHEMBL155389,O=C(CC1C(S)=Nc2ccccc21)NCc1ccccc1,4.0,background
CHEMBL357400,COc1cc(/C=C(\C#N)C(=O)NCCCCNC(=O)/C(C#N)=C/c2cc(Br)c(O)c(OC)c2)cc(Br)c1O,3.9913997650146484,background
CHEMBL145266,COc1cc(/C=C(\C#N)C(=O)NCCCCNC(=O)/C(C#N)=C/c2cc(OC)c(O)c([N+](=O)[O-])c2)cc([N+](=O)[O-])c1O,4.336014270782471,background
CHEMBL77397,COc1cc(/C=C(\C)[N+](=O)[O-])ccc1OS(=O)(=O)c1ccc(C(=O)O)cc1,5.562469482421875,background
CHEMBL418907,COc1cc(/C=C/[N+](=O)[O-])ccc1OS(=O)(=O)c1ccc(C(=O)O)cc1,5.53786039352417,background
CHEMBL545006,O=C(CCN1CCCCC1)c1ccc(OCc2ccccc2)cc1,5.744727611541748,background
CHEMBL347668,O=C(CCc1c(SSc2[nH]c3ccccc3c2CCC(=O)NCc2ccc(C(=O)O)c(O)c2)[nH]c2ccccc12)NCc1ccc(C(=O)O)c(O)c1,5.070580959320068,background
CHEMBL155293,O=C(CCc1c(SSc2[nH]c3ccccc3c2CCC(=O)NCc2ccc(C(=O)O)cc2)[nH]c2ccccc12)NCc1ccc(C(=O)O)cc1,5.130768299102783,background
CHEMBL3902295,O=C(CCl)OCCn1c(=O)oc2cc3ncnc(Nc4ccc(F)c(F)c4)c3cc21,5.327902317047119,background
CHEMBL603,COc1cc(C(=O)NS(=O)(=O)c2ccccc2C)ccc1Cc1cn(C)c2ccc(NC(=O)OC3CCCC3)cc12,5.2402567863464355,background
CHEMBL3353395,C=CC(=O)Nc1cc(Nc2ncc(Cl)c(-c3cnn4ccccc34)n2)c(OC)cc1N1CCN(C(=O)CN(C)C)CC1,4.136677265167236,background
CHEMBL3353399,C=CC(=O)Nc1cc(Nc2ncc(Cl)c(-c3cnn4ccccc34)n2)c(OC)cc1N1CCN(C(=O)CNC)CC1,3.806875467300415,background
CHEMBL5185952,O=C(Cc1csc2nc3ccccc3n12)Nc1cccc(O)c1,4.259637355804443,background
CHEMBL3353402,C=CC(=O)Nc1cc(Nc2ncc(Cl)c(-c3cnn4ccccc34)n2)c(OC)cc1N1CCN(C(=O)[C@@H](C)N)CC1,3.454692840576172,background
CHEMBL4798627,O=C(Cc1csc2nc3ccccc3n12)Nc1ccccc1O,4.259637355804443,background
CHEMBL3353396,C=CC(=O)Nc1cc(Nc2ncc(Cl)c(-c3cnn4ccccc34)n2)c(OC)cc1N1CCN(C(=O)[C@H](C)N)CC1,4.552842140197754,background
CHEMBL3353400,C=CC(=O)Nc1cc(Nc2ncc(Cl)c(-c3cnn4ccccc34)n2)c(OC)cc1N1CCN(C(=O)[C@H](C)O)CC1,3.7471470832824707,background
CHEMBL4241867,O=C(N/N=C1\CC2(CCCC2)Oc2ccccc21)Nc1ccc(Cl)cc1,5.721246242523193,background
CHEMBL589503,O=C(NC1CCCC1)c1ccc(N(CCCl)CCCl)cc1,4.452348232269287,background
CHEMBL4569508,O=C(NCC(F)(F)F)c1cc(-c2cnn3cc(-c4ccc(OCCN5CCCCC5)cc4)cnc23)cs1,5.958607196807861,background
CHEMBL5082149,COc1cc(CC(=O)N2CC(=O)N[C@@H](Cc3ccccc3)C(=O)N(CC(N)=O)C(=O)CCSCc3ccc(cc3)C(=O)N[C@@H](CCCCN)CN(C(=O)CCC3CCCCC3)CC(=O)N[C@@H](Cc3ccccc3)CN(C(=O)CCc3ccccc3)CC(=O)N[C@@H](Cc3ccccc3)C2)cc(OC)c1,4.752026557922363,background
CHEMBL1080272,O=C(NCCN1CCCC1)c1cc2cnnc(Nc3ccc(OCc4cccc(F)c4)c(Cl)c3)c2[nH]1,4.819874286651611,background
CHEMBL157952,O=C(NCc1ccccc1)C(O)Cc1c(SSc2[nH]c3ccccc3c2CC(O)C(=O)NCc2ccccc2)[nH]c2ccccc12,4.853871822357178,background
CHEMBL336410,O=C(NCc1ccccc1)[C@H](Cc1c([Se][Se]c2[nH]c3ccccc3c2C[C@@H](NC(=O)C(F)(F)F)C(=O)NCc2ccccc2)[nH]c2ccccc12)NC(=O)C(F)(F)F,5.15490198135376,background
CHEMBL347160,O=C(NCc1ccccc1)c1c(SSc2[nH]c3ccccc3c2C(=O)NCc2ccccc2)[nH]c2ccccc12,4.823908805847168,background
CHEMBL296582,O=C(NCc1ccccc1)c1cc2cc(O)c(O)cc2cn1,5.508638381958008,background
CHEMBL48436,O=C(NCc1ccccc1)c1cc2ccc(O)c(O)c2cn1,5.853871822357178,background
CHEMBL3092298,O=C(Nc1cc2c(Nc3ccc(F)c(Cl)c3)ncnc2cc1O[C@H]1CCOC1)N1CCC(F)(F)CC1,5.67041540145874,background
CHEMBL3092297,O=C(Nc1cc2c(Nc3ccc(F)c(Cl)c3)ncnc2cc1O[C@H]1CCOC1)N1CCC(F)CC1,5.947248935699463,background
CHEMBL3092299,O=C(Nc1cc2c(Nc3ccc(F)c(Cl)c3)ncnc2cc1O[C@H]1CCOC1)N1CCCC(F)(F)C1,5.888428211212158,background
CHEMBL19978,O=C(Nc1ccccc1)NN1C(=O)c2c(c3c4cccc(O)c4n(C4OC(CO)C(O)C(O)C4O)c3c3[nH]c4c(O)cccc4c23)C1=O,4.022276401519775,background
CHEMBL345641,O=C(Nc1ccccc1)c1c(SSc2[nH]c3ccccc3c2C(=O)Nc2ccccc2)[nH]c2ccccc12,4.0,background
CHEMBL4205469,COc1cc(N2CCN(C)CC2)ccc1Nc1ncc(Cl)c(Oc2ccc(N)cc2)n1,5.1313557624816895,background
CHEMBL4204354,COc1cc(N2CCN(C)CC2)ccc1Nc1ncc(Cl)c(Oc2ccc(N=C=S)cc2)n1,4.816161155700684,background
CHEMBL4216025,COc1cc(N2CCN(C)CC2)ccc1Nc1ncc(Cl)c(Oc2ccc(N=[N+]=[N-])cc2)n1,4.820160865783691,background
CHEMBL4216551,COc1cc(N2CCN(C)CC2)ccc1Nc1ncc(Cl)c(Oc2ccc(NC(=O)/C=C/CN(C)C)cc2)n1,5.236571788787842,background
CHEMBL4217686,COc1cc(N2CCN(C)CC2)ccc1Nc1ncc(Cl)c(Oc2ccc(NC(=O)CCO)cc2)n1,5.2132487297058105,background
CHEMBL4211573,COc1cc(N2CCN(C)CC2)ccc1Nc1ncc(Cl)c(Oc2ccc(NC(=O)COCc3ccccc3)cc2)n1,5.568636417388916,background
CHEMBL4214040,COc1cc(N2CCN(C)CC2)ccc1Nc1ncc(Cl)c(Oc2ccc(NC(=O)CO)cc2)n1,5.97469425201416,background
CHEMBL4203804,COc1cc(N2CCN(C)CC2)ccc1Nc1ncc(Cl)c(Oc2ccc(NC(C)=O)cc2)n1,5.442492961883545,background
CHEMBL4208167,COc1cc(N2CCN(C)CC2)ccc1Nc1ncc(Cl)c(Oc2ccc([N+](=O)[O-])cc2)n1,5.001304626464844,background
CHEMBL4209119,COc1cc(N2CCN(C)CC2)ccc1Nc1ncc(Cl)c(Oc2ccc(NC(=O)CCOCc3ccccc3)cc2)n1,5.777283668518066,background
CHEMBL4210744,COc1cc(N2CCN(C)CC2)ccc1Nc1ncc(Cl)c(Oc2cccc(N)c2)n1,5.187755107879639,background
CHEMBL4218052,COc1cc(N2CCN(C)CC2)ccc1Nc1ncc(Cl)c(Oc2cccc(N=C=S)c2)n1,5.251037120819092,background
CHEMBL4214620,COc1cc(N2CCN(C)CC2)ccc1Nc1ncc(Cl)c(Oc2cccc(N=[N+]=[N-])c2)n1,5.206209659576416,background
CHEMBL4202955,COc1cc(N2CCN(C)CC2)ccc1Nc1ncc(Cl)c(Oc2cccc(NC(=O)/C=C/CN(C)C)c2)n1,5.300162315368652,background
CHEMBL3425673,COc1cc(N2CCN(C)CC2)ccc1Nc1ncc(Cl)c(Oc2cccc(NC(=O)CCC3CC3)c2)n1,5.9062395095825195,background
CHEMBL3237932,COc1cc(N2CCN(C)CC2)ccc1Nc1ncc(Cl)c(Oc2cccc(NC(=O)CCN3CCCCC3)c2)n1,5.344189643859863,background
CHEMBL4215164,COc1cc(N2CCN(C)CC2)ccc1Nc1ncc(Cl)c(Oc2cccc(NC(=O)CCO)c2)n1,5.798603057861328,background
CHEMBL4207305,COc1cc(N2CCN(C)CC2)ccc1Nc1ncc(Cl)c(Oc2cccc(NC(=O)CO)c2)n1,5.823908805847168,background
CHEMBL3425671,COc1cc(N2CCN(C)CC2)ccc1Nc1ncc(Cl)c(Oc2cccc(NC(C)=O)c2)n1,5.485452175140381,background
CHEMBL4205869,COc1cc(N2CCN(C)CC2)ccc1Nc1ncc(Cl)c(Oc2cccc([N+](=O)[O-])c2)n1,5.05207633972168,background
CHEMBL4216784,COc1cc(N2CCN(C)CC2)ccc1Nc1ncc(Cl)c(Oc2ccccc2N)n1,5.744727611541748,background
CHEMBL4204596,COc1cc(N2CCN(C)CC2)ccc1Nc1ncc(Cl)c(Oc2ccccc2N=C=S)n1,5.512861728668213,background
CHEMBL4202780,COc1cc(N2CCN(C)CC2)ccc1Nc1ncc(Cl)c(Oc2ccccc2NC(=O)/C=C/CN(C)C)n1,5.107905387878418,background
CHEMBL4208712,COc1cc(N2CCN(C)CC2)ccc1Nc1ncc(Cl)c(Oc2ccccc2NC(=O)CCO)n1,5.995678424835205,background
CHEMBL4216265,COc1cc(N2CCN(C)CC2)ccc1Nc1ncc(Cl)c(Oc2ccccc2NC(C)=O)n1,5.248721122741699,background
CHEMBL4211322,COc1cc(N2CCN(C)CC2)ccc1Nc1ncc(Cl)c(Oc2ccccc2[N+](=O)[O-])n1,5.02918815612793,background
CHEMBL113985,COc1cc(NC(=O)/C=C/CN2CCOCC2)cc2c(Nc3cccc(Br)c3)c(C#N)cnc12,5.268411159515381,background
CHEMBL472743,COc1cc(NC(=O)/C=C/CN2CCOCC2)cc2c(Nc3cccc(Br)c3)ccnc12,5.268411159515381,background
CHEMBL3134612,COc1cc(Nc2nccc(-c3ccc(Cl)cc3)n2)cc(OC)c1OC,5.668572902679443,background
CHEMBL322066,COc1cc(Nc2nccc(-c3ccc(N4CCNCC4)nc3)n2)cc(OC)c1OC,5.768530368804932,background
CHEMBL260861,COc1cc(Nc2nn3c(N[C@H](CO)Cc4ccccc4)cc(C4CC4)nc3c2C(N)=O)cc(OC)c1,5.619788646697998,background
CHEMBL5759916,O=C1CCC(N2C(=O)c3ccc(N4CCN(CCCOCCCCNc5cccc6c5C(=O)N(C(C(=O)Nc5nccs5)c5cc(F)ccc5O)C6)CC4)cc3C2=O)C(=O)N1,5.92081880569458,background
CHEMBL5757114,O=C1CCC(N2C(=O)c3ccc(OCCOCCOCCOCCCc4cccc5c4C(=O)N(C(C(=O)Nc4nccs4)c4cc(F)ccc4O)C5)cc3C2=O)C(=O)N1,5.736830234527588,background
CHEMBL5890920,COc1cc(OC2CCN(C)CC2(F)F)c2c(Nc3ccc(Oc4ccn5ccnc5c4)c(C)c3)ncnc2c1,5.744486331939697,background
CHEMBL379017,COc1cc(OC2CCN(S(C)(=O)=O)CC2)c2c(Nc3ccc(F)c(Cl)c3)ncnc2c1,5.017683506011963,background
CHEMBL5962222,O=C1CCC(N2C(=O)c3ccc(OCCOCCOCCOCCOCCOCC#Cc4cccc5c4C(=O)N([C@@H](C(=O)Nc4nccs4)c4cc(F)ccc4O)C5)cc3C2=O)C(=O)N1,5.012054443359375,background
CHEMBL6043242,O=C1CCC(N2C(=O)c3cccc(NCCOCCOCCOc4ccc(-c5cc6c(NCc7ccccc7Cl)ncnc6[nH]5)cc4)c3C2=O)C(=O)N1,5.2441253662109375,background
CHEMBL3671567,C=CC(=O)Nc1cc2c(Nc3ccc(Br)cc3F)ncnc2cc1OCCNC(=O)C1CCCN1,5.709075450897217,background
CHEMBL590875,O=C1CSC(N/N=C/c2cc(Br)cc(Br)c2O)=N1,5.906578540802002,background
CHEMBL592481,O=C1CSC(N/N=C/c2cc(Cl)cc(Cl)c2O)=N1,5.835647106170654,background
CHEMBL591910,O=C1CSC(N/N=C/c2ccc(Br)cc2)=N1,5.764471530914307,background
CHEMBL589823,O=C1CSC(N/N=C/c2ccc(Cl)cc2)=N1,5.712198257446289,background
CHEMBL589822,O=C1CSC(N/N=C/c2ccc(F)cc2)=N1,5.661543369293213,background
CHEMBL590876,O=C1CSC(N/N=C/c2ccc(O)cc2)=N1,5.326979160308838,background
CHEMBL604671,O=C1CSC(N/N=C/c2ccc([N+](=O)[O-])cc2)=N1,5.166215419769287,background
CHEMBL590524,O=C1CSC(N/N=C/c2cccc(Br)c2)=N1,5.127261161804199,background
CHEMBL592139,O=C1CSC(N/N=C/c2cccc(Cl)c2)=N1,4.967381477355957,background
CHEMBL590877,O=C1CSC(N/N=C/c2cccc(F)c2)=N1,4.868702411651611,background
CHEMBL591051,O=C1CSC(N/N=C/c2cccc(O)c2)=N1,4.713993072509766,background
CHEMBL591050,O=C1CSC(N/N=C/c2cccc([N+](=O)[O-])c2)=N1,4.574954986572266,background
CHEMBL592240,O=C1CSC(NN=C2CCCCCCC2)=N1,4.568636417388916,background
CHEMBL2048792,O=C1Cc2ccc(Oc3ccc(Nc4ncnc5ccn(CCO)c45)cc3Cl)cc2N1,5.638272285461426,background
CHEMBL3894623,COc1cc2c(Nc3ccc(NC(=O)Nc4cccc(Cl)c4)cc3)ncnc2cc1OCc1ccccc1,5.332640647888184,background
CHEMBL3983460,COc1cc2c(Nc3ccc(NC(=O)Nc4ccccc4)cc3)ncnc2cc1OCc1ccccc1,5.532688140869141,background
CHEMBL5619757,O=C1NC(c2ccc(OCc3ccc(Cl)cc3)cc2)Nc2ccccc21,4.146910667419434,background
CHEMBL3760090,COc1cc2c(Nc3ccc(NC(=O)c4ccc(Cl)cc4)cc3)ncnc2cc1OCCCN1CCN(C)CC1,5.876148223876953,background
CHEMBL1504817,O=C1NN(c2ccc(F)c(Cl)c2)C(=O)/C1=C\c1cccc(OC(=O)c2cccs2)c1,5.455932140350342,background
CHEMBL47173,O=C1Nc2ccccc2/C1=C/c1ccc(-c2cccs2)s1,4.995678424835205,background
CHEMBL5273994,COc1cc2c(Nc3ccc(Oc4ccc(Br)cc4)cc3)ncnc2cc1OCC1CCN(C)CC1,5.425505638122559,background
CHEMBL4778717,O=S(=O)(Nc1ccccn1)c1ccc(NC(=S)Nc2ccc3c(c2)OCO3)cc1,5.724688529968262,background
CHEMBL4072410,O=[N+]([O-])OCCCOc1ccc(Nc2ncnc3c2cnn3-c2ccc(Br)cc2)cc1,5.522878646850586,background
CHEMBL5570611,C=CC(=O)Nc1cc2c(Oc3ccc(NC(=O)CCCc4ccc(C)cc4)cc3F)ncnc2cc1OC,5.7892560958862305,background
CHEMBL453737,COc1cc2c(Oc3ccc(-c4cnc(Nc5ccc(F)cc5)n(C)c4=O)cc3F)ccnc2cc1OCCCN1CCOCC1,5.7695512771606445,background
CHEMBL1230609,COc1cc2c(Oc3ccc(NC(=O)C4(C(=O)Nc5ccc(F)cc5)CC4)cc3F)ccnc2cc1OCCCN1CCOCC1,5.522881031036377,background
CHEMBL2437461,C=CC(=O)Nc1ccc(-n2c(=O)cnc3cnc(Nc4ccc(N5CCN(C)CC5)cc4)nc32)cc1,5.9291181564331055,background
CHEMBL1928944,O=[N+]([O-])c1cccc(Oc2cc(Nc3ccc(OCc4cccc(F)c4)c(Cl)c3)ncn2)c1,5.919373512268066,background
CHEMBL3263966,COc1cc2c(Oc3ccc(NS(=O)(=O)c4ccc(-c5cnn(C)c5)cc4)cc3F)ccnc2cc1OCCCN1CCN(C)CC1,5.241927623748779,background
CHEMBL56964,COc1cc2c(cc1O)NC(=O)C2=C(C#N)C#N,4.221848964691162,background
CHEMBL244948,O=c1ccc2ccc(O)c(O)c2o1,5.115204811096191,background
CHEMBL121405,OC1(c2nc(-c3ccc(F)cc3)c(-c3ccnc(NC4CCCCC4)c3)o2)CCNCC1,5.828788757324219,background
CHEMBL4213082,C=CC(=O)Nc1ccc(Oc2nc(Nc3ccc(N4CCN(C)CC4)cc3OC)ncc2Cl)cc1,5.549750804901123,background
CHEMBL3133894,C=CC(=O)Nc1ccc2ncnc(NC3CCCCC3)c2c1,5.510681629180908,background
CHEMBL248220,COc1cc2ncc(C#N)c(N[C@@H]3C[C@H]3c3ccccc3)c2cc1OCc1ccccc1,5.7931742668151855,background
CHEMBL114073,COc1cc2ncc(C#N)c(Nc3ccc(F)c(Cl)c3)c2cc1NC(=O)/C=C/C(C)N1CCOCC1,4.975103855133057,background
CHEMBL113996,COc1cc2ncc(C#N)c(Nc3ccc(F)c(Cl)c3)c2cc1NC(=O)/C=C/CN1CCOCC1,4.867420196533203,background
CHEMBL4553708,OCCNc1nc(Nc2cccc(F)c2)c2cn[nH]c2n1,4.179798603057861,background
CHEMBL332497,COc1cc2ncc(C#N)c(Nc3cccc(Br)c3)c2cc1NC(=O)/C=C/CN1CCOCC1,5.416801452636719,background
CHEMBL3133893,C=CC(=O)Nc1ccc2ncnc(Nc3ccc(S(=O)(=O)Nc4ccccn4)cc3)c2c1,5.183154582977295,background
CHEMBL514771,COc1cc2nccc(Nc3ccc(F)c(Cl)c3)c2cc1NC(=O)/C=C/C(C)N1CCOCC1,4.975103855133057,background
CHEMBL472942,COc1cc2nccc(Nc3ccc(F)c(Cl)c3)c2cc1NC(=O)/C=C/CN1CCOCC1,4.867420196533203,background
CHEMBL5201128,COc1cc2nccc(Oc3ccc(NC(=O)C4(C(=O)NC5CC5)CC4)c(Cl)c3)c2cc1C(N)=O,5.187086582183838,background
CHEMBL1272006,OC[C@@H](Nc1ncnc2sc3c(c12)CCC3)c1ccccc1,5.962573528289795,background
CHEMBL592201,Oc1c(Br)cc(Br)cc1CN(Cc1ccc(F)cc1)C(=S)Nc1ccccc1,5.75448751449585,background
CHEMBL592200,Oc1c(Cl)cc(Cl)cc1CN(Cc1ccc(F)cc1)C(=S)Nc1ccccc1,5.872895240783691,background
CHEMBL87084,Oc1cc2cc(-c3ccncc3)cnc2cc1O,5.301030158996582,background
CHEMBL4071494,Oc1ccc(-c2nc(-c3ccco3)c(-c3ccnc4[nH]c(-c5ccccc5)cc34)[nH]2)cc1,5.683114528656006,background
CHEMBL3604919,C=CC(=O)Nc1cccc(-c2nccc(Nc3cc(C)[nH]n3)n2)c1,5.577450752258301,background
CHEMBL187007,COc1cc2ncnc(Nc3cc(NC(=O)c4cccc(N(C)C)c4)ccc3Cl)c2cc1OC,4.537601947784424,background
CHEMBL185327,COc1cc2ncnc(Nc3cc(NC(=O)c4ccccc4)ccc3Cl)c2cc1OC,4.958607196807861,background
CHEMBL345837,Cn1c(SSc2c(C(=O)Nc3cccc(C(=O)O)c3)c3ccccc3n2C)c(C(=O)Nc2cccc(C(=O)O)c2)c2ccccc21,4.92081880569458,background
CHEMBL3742200,Oc1nnc(-c2c[nH]c(-c3ccccc3)c2-c2ccccc2)c2cn(-c3ccc(Cl)cc3)nc12,5.357535362243652,background
CHEMBL3740923,Oc1nnc(-c2c[nH]c(-c3ccccc3)c2-c2ccccc2)c2cn(-c3ccccc3)nc12,5.443697452545166,background
CHEMBL186747,COc1cc2ncnc(Nc3ccc(C)c(NC(=O)c4ccccc4)c3)c2cc1OC,5.494850158691406,background
CHEMBL4776925,S=C(NNc1ccccc1)Nc1ccc2c(c1)OCO2,5.082809925079346,background
CHEMBL360209,COc1cc2ncnc(Nc3ccc(Cl)c(NC(=O)c4ccccc4)c3)c2cc1OC,5.6575775146484375,background
CHEMBL293986,Cn1c(SSc2c(C(=O)Nc3ccccc3)c3c(Cl)cccc3n2C)c(C(=O)Nc2ccccc2)c2c(Cl)cccc21,4.0,background
CHEMBL422540,c1ccc(-c2c(SSc3[nH]c4ccccc4c3-c3ccccc3)[nH]c3ccccc23)cc1,4.0,background
CHEMBL4102214,c1ccc(C(c2ccccc2)c2nnc(Cc3nc4ccccc4[nH]3)o2)cc1,4.346787452697754,background
CHEMBL1097368,c1ccc(CCc2cc3c(Nc4ccc5[nH]ccc5c4)ncnc3[nH]2)cc1,4.251037120819092,background
CHEMBL4866102,c1ccc(COc2cccc(-c3nc4sccn4c3-c3ccncn3)c2)cc1,5.361111640930176,background
CHEMBL4066118,c1ccc2c(Cc3nnc(Cc4nc5ccccc5[nH]4)o3)cccc2c1,5.2441253662109375,background
CHEMBL3741796,C=CC(=O)Nc1cccc(Nc2nc(N/N=C(\C)c3ccc(C)cc3)ncc2Cl)c1,5.246417045593262,background
CHEMBL3741245,C=CC(=O)Nc1cccc(Nc2nc(N/N=C(\C)c3ccc(F)cc3)ncc2Cl)c1,5.774690628051758,background
CHEMBL3740257,C=CC(=O)Nc1cccc(Nc2nc(N/N=C(\C)c3ccc(F)cc3F)ncc2Cl)c1,5.286968231201172,background
CHEMBL3740614,C=CC(=O)Nc1cccc(Nc2nc(N/N=C/c3ccc(F)cc3F)ncc2Cl)c1,4.936666488647461,background
CHEMBL3739812,C=CC(=O)Nc1cccc(Nc2nc(N/N=C/c3ccccc3F)ncc2Cl)c1,5.718966484069824,background
CHEMBL5941761,C=CC(=O)Nc1cccc(Nc2nc(NCc3ccc(OC)cc3)ncc2F)c1,5.6192240715026855,background
CHEMBL3133754,COc1cc2ncnc(Nc3cccc(NC(=O)Nc4cccc(C)c4)c3)c2cc1OCCCN1CCOCC1,5.628931999206543,background
CHEMBL186802,COc1cc2ncnc(Nc3cccc(NC(=O)c4ccccc4)c3)c2cc1OC,5.251811981201172,background
CHEMBL182397,COc1cc2ncnc(Nc3cccc(NC(=O)c4ccccc4)c3F)c2cc1OC,5.552842140197754,background
CHEMBL1278149,COc1cc2ncnc(Oc3ccc(Br)c(F)c3)c2cc1OC,5.229147911071777,background
CHEMBL98798,COc1cc2ncnc(Oc3cccc(Br)c3)c2cc1OC,5.1191864013671875,background
CHEMBL5180070,COc1cc2ncnc3c2cc1OCCCCCCOc1c(Cl)cccc1N3,5.517984390258789,background
CHEMBL5196064,COc1cc2ncnc3c2cc1OCCCCCCOc1cc(Cl)ccc1N3,4.197180271148682,background
CHEMBL5860263,C=CC(=O)Nc1cccc(Nc2nc(Nc3ccc4c(c3)N(C(=O)OC(C)(C)C)CCO4)ncc2F)c1,5.6192240715026855,background
CHEMBL5900120,C=CC(=O)Nc1cccc(Nc2nc3c(c(Nc4cnn(C5CCOCC5)c4)n2)C(=O)NC3)c1,5.155584812164307,background
CHEMBL1233881,COc1ccc(-c2nn(C3CCC3)c3ncnc(N)c23)cc1OC,5.638272285461426,background
CHEMBL592708,COc1ccc(/C=N/NC2=NC(=O)CS2)cc1,5.238072395324707,background
CHEMBL1643976,C=CC(=O)Nc1cccc(Oc2nc(Nc3ccc(N4CCN(C)CC4)cc3)ncc2Cl)c1,5.739928722381592,background
CHEMBL4646644,COc1ccc(/C=N/c2nnc3c4ccccc4nc(Nc4ccc(C)cc4N)n23)cc1O,5.368556022644043,background
CHEMBL132169,COc1ccc(C(=O)N(C)[C@H]2C[C@@H]3O[C@](C)([C@H]2OC)n2c4ccccc4c4c5c(c6c7ccccc7n3c6c42)C(=O)NC5)cc1,5.443697452545166,background
CHEMBL3759830,COc1ccc(C(=O)Nc2ccc(Nc3ncnc4cc(OCCCN5CCN(C)CC5)c(OC)cc34)cc2)cc1,5.954677104949951,background
CHEMBL3604931,C=CC(=O)Nc1cccc(Oc2nccc(Nc3cc(C)[nH]n3)n2)c1,5.895242691040039,background
CHEMBL4210237,C=CC(=O)Nc1ccccc1Oc1nc(Nc2ccc(N3CCN(C)CC3)cc2OC)ncc1Cl,5.074687957763672,background
CHEMBL1098121,COc1ccc(CCCCCn2cc(CCN)c3cc(OCCc4ccc(O)cc4)ccc32)cc1,5.3565473556518555,background
CHEMBL296419,COc1ccc(CCN2CCC(Nc3nc4ccccc4n3Cc3ccc(F)cc3)CC2)cc1,5.217742443084717,background
CHEMBL1094835,COc1ccc(CCOc2ccc3c(c2)c(CCN)cn3CCCCCc2ccc(SC)cc2)cc1,5.610834121704102,background
CHEMBL3233769,C=CCOC(=O)Nc1cc2c(Nc3ccc(F)c(Cl)c3)ncnc2s1,5.376414775848389,background
CHEMBL5964701,CC#CC(=O)N1CCC[C@@H](Nc2nnc(C(N)=O)c(Nc3ccc(S(C)(=O)=O)cc3)n2)C1,5.259637355804443,background
CHEMBL4297674,CC#CC(=O)N[C@H]1CCCN(c2c(F)cc(C(N)=O)c3[nH]c(C)c(C)c23)C1,5.698969841003418,background
CHEMBL6006738,CC(=O)N1CCC(c2ccc(Nc3nc(N4CCC[C@@H](NC(=O)N5CCCCC5)C4)nnc3C(N)=O)cc2)CC1,5.259637355804443,background
CHEMBL197525,COc1ccc(Nc2ncnc3cccc(OC4CCN(C)CC4)c23)cc1Cl,5.744727611541748,background
CHEMBL5774604,COc1ccc(Sc2sc3nc(N)nc(N)c3c2C)cc1OC,4.8218865394592285,background
CHEMBL60472,COc1ccc2c(C(=O)Nc3ccccc3)c(SSc3c(C(=O)Nc4ccccc4)c4ccc(OC)cc4n3C)n(C)c2c1,5.443697452545166,background
CHEMBL248045,COc1ccc2c(N[C@@H]3C[C@H]3c3ccccc3)c(C#N)cnc2c1,5.588380336761475,background
CHEMBL346716,CC(=O)NC(Cc1c(SSc2[nH]c3ccccc3c2CC(NC(C)=O)C(=O)NCc2ccccc2)[nH]c2ccccc12)C(=O)NCc1ccccc1,4.2924299240112305,background
CHEMBL1944928,COc1ccc2c3oc(=O)cc(O)c3c(=O)n(C)c2c1,4.151662826538086,background
CHEMBL348146,CC(=O)OC(Cc1c(SSc2[nH]c3ccccc3c2CC(OC(C)=O)C(=O)NCc2ccccc2)[nH]c2ccccc12)C(=O)NCc1ccccc1,4.552842140197754,background
CHEMBL401644,COc1ccc2ncc(C#N)c(N[C@@H]3C[C@H]3c3ccccc3)c2c1,5.082494258880615,background
CHEMBL61119,CC(=O)Oc1ccc2c(c1)c(C(=O)Nc1ccccc1)c(SSc1c(C(=O)Nc3ccccc3)c3cc(OC(C)=O)ccc3n1C)n2C,5.275723934173584,background
CHEMBL291359,CC(=O)Oc1cccc2c(C(=O)Nc3ccccc3)c(SSc3c(C(=O)Nc4ccccc4)c4cccc(OC(C)=O)c4n3C)n(C)c12,5.004364967346191,background
CHEMBL59812,CC(=O)Oc1cccc2c1c(C(=O)Nc1ccccc1)c(SSc1c(C(=O)Nc3ccccc3)c3c(OC(C)=O)cccc3n1C)n2C,4.698969841003418,background
CHEMBL3797839,CC(=O)c1ccc(NC(=O)c2cc3ccccc3[nH]2)cc1,4.301030158996582,background
CHEMBL3800262,CC(=O)c1cccc(NC(=O)c2cc3ccccc3[nH]2)c1,4.2441253662109375,background
CHEMBL5184084,CC(C)(/C=C(/C#N)C(=O)N1CCC[C@@H]1Cn1nc(-c2ccc(Oc3ccccc3)cc2F)c2c(N)ncnc21)N1CCOCC1,5.522878646850586,background
CHEMBL2335015,CC(C)(C)C(=O)Nc1nc(Nc2ccc(F)c(Br)c2)c2cc(CCc3ccccn3)[nH]c2n1,5.267606258392334,background
CHEMBL2335019,CC(C)(C)C(=O)Nc1nc(Nc2ccc(F)c(C(F)(F)F)c2)c2cc(CCc3ccccn3)[nH]c2n1,4.570247650146484,background
CHEMBL2335016,CC(C)(C)C(=O)Nc1nc(Nc2ccc(F)c(Cl)c2)c2cc(CCc3ccccn3)[nH]c2n1,4.787812232971191,background
CHEMBL2335018,CC(C)(C)C(=O)Nc1nc(Nc2cccc(C(F)(F)F)c2)c2cc(CCc3ccccn3)[nH]c2n1,4.892789840698242,background
CHEMBL592141,COc1cccc(/C=N/NC2=NC(=O)CS2)c1,4.505149841308594,background
CHEMBL245799,N#Cc1cnc2ccc(-c3cccc(CN4CCOCC4)c3)cc2c1N[C@@H]1C[C@H]1c1ccccc1,5.2790141105651855,background
CHEMBL5767398,COc1cccc(Sc2sc3nc(N)nc(N)c3c2C)c1,4.98254919052124,background
CHEMBL292323,COc1cccc2c(C(=O)Nc3ccccc3)c(SSc3c(C(=O)Nc4ccccc4)c4cccc(OC)c4n3C)n(C)c12,5.187086582183838,background
CHEMBL3416590,COc1ccccc1-c1cc2c(N[C@@H](C)c3ccccc3)ncnc2s1,5.730486869812012,background
CHEMBL6055178,COc1ccccc1C(=O)NC1(c2ccc(-c3nn(C4CCCC4)c4ncnc(N)c34)cc2)CC1,5.259637355804443,background
CHEMBL5812290,COc1ccccc1Sc1sc2nc(N)nc(N)c2c1C,4.98254919052124,background
CHEMBL1946846,COc1nc(NCCN2CCOCC2)nc(Nc2ccc(Cl)cc2)n1,5.823908805847168,background
CHEMBL5288191,COc1nc2ccccc2cc1-c1nc2c(cnn2-c2ccc(Br)cc2)c(=O)[nH]1,5.234554767608643,background
CHEMBL78206,CC(C)(C)NC(=O)c1ccc(S(=O)(=O)Oc2ccc(/C=C/[N+](=O)[O-])cc2)cc1,5.886056423187256,background
CHEMBL418906,CC(C)(C)OC(=O)NCCNC(=O)c1ccc(S(=O)(=O)Oc2ccc(/C=C/[N+](=O)[O-])cc2)cc1,5.926936149597168,background
CHEMBL5195321,CC(C)(C)n1cc(-c2cncc3ccccc23)c2c(N)ncnc21,5.789681434631348,background
CHEMBL4860202,CS(=O)(=O)c1nccc(-c2c(-c3cccc(OCc4ccccc4)c3)nc3sccn23)n1,5.003488540649414,background
CHEMBL1094194,CSc1ccc(CCCCCn2cc(CCN)c3cc(OCCc4ccc(O)cc4)ccc32)cc1,5.71669864654541,background
CHEMBL4444231,CC(C)(O)Cn1/c(=N/C(=O)c2cccc(-c3cccnc3)c2)[nH]c2ccccc21,5.853871822357178,background
CHEMBL5275784,CSc1nn(-c2ccc(Br)cc2)c2nc(C)nc(Nc3ccc(OCCCC[N+](=O)[O-])cc3)c12,5.522878646850586,background
CHEMBL311133,C[C@@H](NC(=O)[C@@H](C)NC(=O)c1ccc(S(=O)(=O)Oc2ccc(/C=C/[N+](=O)[O-])cc2)cc1)C(=O)O,5.15490198135376,background
CHEMBL309392,C[C@@H](NC(=O)c1ccc(S(=O)(=O)Oc2ccc(/C=C/[N+](=O)[O-])cc2)cc1)C(=O)N[C@H](C)C(=O)NCCN,4.7695512771606445,background
CHEMBL312451,C[C@@H](NC(=O)c1ccc(S(=O)(=O)Oc2ccc(/C=C/[N+](=O)[O-])cc2)cc1)C(=O)N[C@H](C)C(=O)OC(C)(C)C,4.397940158843994,background
CHEMBL490775,C[C@H](NC(=O)[C@H](C)NC(=O)c1ccc(S(=O)(=O)Oc2ccc(/C=C/[N+](=O)[O-])cc2)cc1)C(=O)O,5.15490198135376,background
CHEMBL488101,C[C@H](NC(=O)c1ccc(S(=O)(=O)Oc2ccc(/C=C/[N+](=O)[O-])cc2)cc1)C(=O)N[C@@H](C)C(=O)NCCN,4.698969841003418,background
CHEMBL483234,C[C@H](NC(=O)c1ccc(S(=O)(=O)Oc2ccc(/C=C/[N+](=O)[O-])cc2)cc1)C(=O)N[C@@H](C)C(=O)OC(C)(C)C,4.397940158843994,background
CHEMBL3741655,Cc1[nH]c(-c2ccccc2)c(-c2ccccc2)c1-c1nnc(C)c2nn(-c3ccc(Cl)cc3)cc12,5.593459606170654,background
CHEMBL3740582,Cc1[nH]c(-c2ccccc2)c(-c2ccccc2)c1-c1nnc(C)c2nn(-c3ccccc3)cc12,5.410050392150879,background
CHEMBL3741069,Cc1[nH]c(-c2ccccc2)c(-c2ccccc2)c1C(=O)c1cn(-c2ccccc2)nc1-c1ccccc1,5.591760158538818,background
CHEMBL2047245,CC(C)c1ccc(Nc2nc(N)nc3c2-c2ccccc2C3)cc1,4.3705902099609375,background
CHEMBL76116,Cc1[nH]c2ncnc(Oc3cccc(Cl)c3)c2c1C,5.602059841156006,background
CHEMBL5281446,CC(C)c1nn(C(C)C)c2cc(Nc3ccnc(-c4cnn(S(=O)(=O)C5CC5)c4)n3)ncc12,5.619788646697998,background
CHEMBL461571,Cc1c(C(=O)c2ccc(Cl)cc2)c2ccc(OC(F)(F)F)cc2n1Cc1cccc(O[C@H](C)C(=O)O)c1,5.649752140045166,background
CHEMBL1683957,Cc1c(Nc2ccc(OCc3cccc(F)c3)c(Cl)c2)ncnc1-c1ccccc1,4.698969841003418,background
CHEMBL1242208,CC(C)n1nc(-c2ccc3ccncc3c2)c2c(N)ncnc21,4.0,background
CHEMBL65848,Cc1cc(C(=O)N2CCOCC2)[nH]c1/C=C1\C(=O)Nc2ncnc(Nc3ccc4c(c3)CCC4)c21,5.850780963897705,background
CHEMBL443268,Cc1cc(C(=O)NCCN2CCOCC2)[nH]c1/C=C1\C(=O)N(C)c2ncnc(Nc3ccc(F)c(Cl)c3)c21,5.274905681610107,background
CHEMBL1242665,CC(C)n1nc(-c2ccn3ccnc3c2)c2c(N)ncnc21,4.346787452697754,background
CHEMBL592224,Cc1cc(C)c(O)c(CN(Cc2ccc(F)cc2)C(=S)Nc2ccccc2)c1,4.711974620819092,background
CHEMBL1241775,CC(C)n1nc(-c2cnc3nccnc3c2)c2c(N)ncnc21,4.15490198135376,background
CHEMBL592247,Cc1cc(C)c(O)c(CN(Cc2ccc(O)cc2)C(=S)Nc2ccccc2)c1,5.2343316078186035,background
CHEMBL459729,Cc1cc(C2CCN(CCCF)CC2)cc2[nH]c(-c3c(NCCn4cc(Cl)cn4)cc[nH]c3=O)nc12,4.677780628204346,background
CHEMBL926,CC(CCc1ccc(O)cc1)NCCc1ccc(O)c(O)c1,5.25562858581543,background
CHEMBL543600,CC(CN(C)C)C(=O)c1ccc(OS(=O)(=O)c2ccc(C(=O)O)cc2)cc1,4.0,background
CHEMBL3798556,CC(O)c1ccc(NC(=O)c2cc3ccccc3[nH]2)cc1,4.455932140350342,background
CHEMBL3800448,CC(O)c1cccc(NC(=O)c2cc3ccccc3[nH]2)c1,4.4685211181640625,background
CHEMBL83,CC/C(=C(\c1ccccc1)c1ccc(OCCN(C)C)cc1)c1ccccc1,5.449404716491699,background
CHEMBL1683949,Cc1cc(Nc2ccc(OCc3cccc(F)c3)c(Cl)c2)ncn1,5.958607196807861,background
CHEMBL1077069,CC1=C(C(=O)Nc2cccc([N+](=O)[O-])c2)C(c2ccc(O)cc2O)NC(Nc2ccc(S(=O)(=O)Nc3nc(C)cc(C)n3)cc2)=N1,4.097997188568115,background
CHEMBL1077068,CC1=C(C(=O)Nc2cccc([N+](=O)[O-])c2)C(c2ccc(O)cc2O)NC(Nc2ccc(S(=O)(=O)Nc3ncccn3)cc2)=N1,4.054039478302002,background
CHEMBL311111,Cc1cc2cc(Nc3ccnc4cc(-c5ccc(CN6CCOCC6)cc5)sc34)ccc2[nH]1,5.903090000152588,background
CHEMBL6012901,CCC(=O)N1CCC(c2ccc(Nc3nc(N4CCC[C@@H](NC(=O)N5CCCCC5)C4)nnc3C(N)=O)cc2)CC1,5.259637355804443,background
CHEMBL3742060,Cc1ccc(-n2cc3c(-c4c(C)[nH]c(-c5ccccc5)c4-c4ccccc4)nnc(C)c3n2)cc1,5.265200138092041,background
CHEMBL3739586,Cc1ccc(-n2cc3c(-c4c[nH]c(-c5ccccc5)c4-c4ccccc4)nnc(O)c3n2)cc1,5.462181091308594,background
CHEMBL592707,Cc1ccc(/C=N/NC2=NC(=O)CS2)cc1,5.486782550811768,background
CHEMBL3234743,Cc1ccc(C(=O)Nc2ccc(CN3CCN(C)CC3)c(C(F)(F)F)c2)cc1NC(=O)c1ccc(O)nc1,5.876148223876953,background
CHEMBL3234740,Cc1ccc(C(=O)Nc2ccc(CN3CCN(C)CC3)c(C(F)(F)F)c2)cc1NC(=O)c1cnccn1,5.408935546875,background
CHEMBL3604918,CCC(=O)Nc1cc(Nc2cc[nH]n2)nc(-c2ccccc2)n1,5.4685211181640625,background
CHEMBL363607,Cc1ccc(F)c(C(=O)n2nc(Nc3ccc(S(N)(=O)=O)cc3)nc2C)c1F,4.339134693145752,background
CHEMBL2029699,Cc1ccc(N2NC(=O)/C(=C/c3ccc(OCc4ccccc4)cc3)C2=O)cc1Cl,5.065501689910889,background
CHEMBL5286730,Cc1ccc(NC(=O)CSc2nc3cc4ccccc4cc3c(=O)n2-c2ccc(S(N)(=O)=O)cc2)cc1C,5.408935546875,background
CHEMBL5571083,CCC(=O)Nc1cc2c(Oc3ccc(NC(=O)CCCc4ccc(C)cc4)cc3F)ncnc2cc1OC,5.074069499969482,background
CHEMBL5574213,CCC(=O)Nc1cc2c(Oc3ccc(NC(=O)CCCc4ccc(F)cc4)cc3F)ncnc2cc1OC,5.218684673309326,background
CHEMBL5571542,CCC(=O)Nc1cc2c(Oc3ccc(NC(=O)CCCc4ccccc4)cc3F)ncnc2cc1OC,5.7426958084106445,background
CHEMBL5573159,CCC(=O)Nc1cc2c(Oc3ccc(NC(=O)c4sc(-c5ccccc5)nc4C)cc3F)cccc2cc1OC,5.409158229827881,background
CHEMBL1641991,CCC(=O)Nc1ccc2c(C#N)cnc(Nc3cccc(Br)c3)c2c1,4.681936740875244,background
CHEMBL187431,Cc1ccc(Nc2ncnn3c(C)ccc23)cc1O,4.531652450561523,background
CHEMBL464721,CCC(C)/C=C/C(=O)C(=O)/C=C/C=C/C=C/C=C/C=C/C=C/[C@@H]1C[C@@H](O)[C@H](C(=O)O)O1,5.79587984085083,background
CHEMBL347854,Cc1ccc(S(=O)(=O)c2c(SSc3[nH]c4ccccc4c3S(=O)(=O)c3ccc(C)cc3)[nH]c3ccccc23)cc1,4.542118072509766,background
CHEMBL184311,Cc1ccc2c(Nc3ccc(F)c(Cl)c3)ncnn12,5.48811674118042,background
CHEMBL5571786,CCCC(=O)Nc1cc2c(Oc3ccc(NC(=O)CCCc4ccc(OC)cc4)cc3F)ncnc2cc1OC,5.082137107849121,background
CHEMBL5570716,CCCC(=O)Nc1cc2c(Oc3ccc(NC(=O)CCCc4ccccc4)cc3F)ncnc2cc1OC,5.454416275024414,background
CHEMBL206483,Cc1cccc(-n2ncc3c(NCc4ccc5c(c4)OCO5)ncnc32)c1,4.823908805847168,background
CHEMBL590568,Cc1cccc(/C=N/NC2=NC(=O)CS2)c1,4.629117012023926,background
CHEMBL534948,Cc1cccc(C)c1Nc1ncc(-c2ccc(OCC3CCCN(C)C3)cc2)n2cncc12,5.56383752822876,background
CHEMBL589801,Cc1cccc(CN(Cc2ccc(F)cc2)C(=S)Nc2ccccc2)c1O,5.068542003631592,background
CHEMBL604785,Cc1cccc(CN(Cc2ccc(O)cc2)C(=S)Nc2ccccc2)c1O,5.460923671722412,background
CHEMBL589590,CCCCN(Cc1cc(Br)cc(Br)c1O)C(=S)Nc1ccccc1,4.495665073394775,background
CHEMBL591440,CCCCN(Cc1cc(Cl)cc(Cl)c1O)C(=S)Nc1ccccc1,4.608182907104492,background
CHEMBL606027,CCCCN(Cc1cccc(Br)c1O)C(=S)Nc1ccccc1,4.656788349151611,background
CHEMBL591437,CCCCN(Cc1cccc(C)c1O)C(=S)Nc1ccccc1,4.364415645599365,background
CHEMBL589413,CCCCN(Cc1cccc(Cl)c1O)C(=S)Nc1ccccc1,4.741841793060303,background
CHEMBL77100,CCCCNC(=O)c1ccc(S(=O)(=O)Oc2ccc(/C=C/[N+](=O)[O-])cc2)cc1,5.309894561767578,background
CHEMBL332269,CCCCNc1ncc2cc(-c3c(Cl)cccc3Cl)c(=O)n(C)c2n1,5.3565473556518555,background
CHEMBL5926198,CCN(CC)C(=O)N[C@@H]1CCCN(c2nnc(C(N)=O)c(Nc3ccc(C(=O)N4CCOCC4)cc3)n2)C1,5.259637355804443,background
CHEMBL50470,CCN(CC)CCCNc1ncc2cc(-c3c(Cl)cccc3Cl)c(=O)n(C)c2n1,5.861769199371338,background
CHEMBL954,CCN(CC)CCOc1ccc(/C(=C(/Cl)c2ccccc2)c2ccccc2)cc1,5.978810787200928,background
CHEMBL49120,CCN(CC)CCOc1ccc(Nc2ncc3cc(-c4c(Cl)cccc4Cl)c(=O)n(C)c3n2)cc1,5.4062395095825195,background
CHEMBL5415774,CCNS(=O)(=O)c1cnc(Nc2ccnc(-c3cnn(S(=O)(=O)C4CC4)c3)n2)cc1N[C@@H](C)CC,5.312025547027588,background
CHEMBL109296,CCNc1ncc2cc(-c3c(Cl)cccc3Cl)c(=O)n(C)c2n1,5.346787452697754,background
CHEMBL5923228,O=C1CCC(N2C(=O)c3cccc(NCCOCCOCCOCCOCC#Cc4cccc5c4C(=O)N([C@@H](C(=O)Nc4nccs4)c4cc(F)ccc4O)C5)c3C2=O)C(=O)N1,5.292513370513916,background
CHEMBL3612599,CCOC(=O)CCCn1c(=O)oc2cc3ncnc(Nc4cc(C)cc(C)c4)c3cc21,5.823908805847168,background
CHEMBL3612578,CCOC(=O)CCCn1c(=O)oc2cc3ncnc(Nc4ccc(Cl)cc4)c3cc21,5.92081880569458,background
CHEMBL3612574,CCOC(=O)CCCn1c(=O)oc2cc3ncnc(Nc4ccc(F)c(Cl)c4)c3cc21,5.107905387878418,background
CHEMBL3612580,CCOC(=O)CCCn1c(=O)oc2cc3ncnc(Nc4ccc(OC)cc4)c3cc21,5.12493896484375,background
CHEMBL293889,Cn1c(SSc2c(C(=O)Nc3ccccc3)c3cc(Cl)ccc3n2C)c(C(=O)Nc2ccccc2)c2cc(Cl)ccc21,5.3665313720703125,background
CHEMBL1641994,CCOC(=O)Nc1ccc2c(C#N)cnc(Nc3cccc(Br)c3)c2c1,4.892789840698242,background
CHEMBL1080990,CCOC(=O)c1[nH]c(C)c2cnnc(Nc3ccc(OCc4cccc(F)c4)c(Cl)c3)c12,5.917214393615723,background
CHEMBL64430,Cn1c(SSc2c(C(=O)Nc3ccccc3)c3cc([N+](=O)[O-])ccc3n2C)c(C(=O)Nc2ccccc2)c2cc([N+](=O)[O-])ccc21,5.301030158996582,background
CHEMBL62843,Cn1c(SSc2c(C(=O)Nc3ccccc3)c3cccc(O)c3n2C)c(C(=O)Nc2ccccc2)c2cccc(O)c21,4.0,background
CHEMBL5760794,Cc1ncccc1[C@H](Nc1cc(Cl)c2ncc(C#N)c(NC(CO)c3ccccc3)c2c1)C1=CNNN1,5.3517374992370605,background
CHEMBL2385981,CCOc1cc(N)c(C(=O)Nc2ccc(OCc3cccc(F)c3)c(Cl)c2)cc1NC(=O)c1ccc(CN2CCN(C)CC2)cc1,5.301030158996582,background
CHEMBL2385980,CCOc1cc([N+](=O)[O-])c(C(=O)Nc2ccc(OCc3cccc(F)c3)c(Cl)c2)cc1NC(=O)c1ccc(CN2CCN(C)CC2)cc1,5.259637355804443,background
CHEMBL5971019,Cc1ncsc1-c1ccc(CNC(=O)[C@@H]2C[C@@H](O)CN2C(=O)[C@@H](NC(=O)COCCOCCOCCOCC#Cc2cccc3c2C(=O)N(C(C(=O)Nc2nccs2)c2cc(F)ccc2O)C3)C(C)(C)C)cc1,5.97930383682251,background
CHEMBL6052743,Cc1ncsc1-c1ccc(CNC(=O)[C@@H]2C[C@@H](O)CN2C(=O)[C@H](C(C)C)N2Cc3ccccc3C2=O)c(OCCN2CCN(Cc3ccc(-c4cc5c(NCc6ccccc6Cl)ncnc5[nH]4)cc3)CC2)c1,5.5155253410339355,background
CHEMBL6009455,Cc1ncsc1-c1ccc(CNC(=O)[C@@H]2C[C@@H](O)CN2C(=O)[C@H](C(C)C)N2Cc3ccccc3C2=O)c(OCCOCCN2CCN(Cc3ccc(-c4cc5c(NCc6ccccc6Cl)ncnc5[nH]4)cc3)CC2)c1,5.721848964691162,background
CHEMBL5832939,Cc1ncsc1-c1ccc(CNC(=O)[C@@H]2C[C@@H](O)CN2C(=O)[C@H](C(C)C)N2Cc3ccccc3C2=O)c(OCCOCCOCC#Cc2cccc3c2C(=O)N([C@@H](C(=O)Nc2nccs2)c2cc(F)ccc2O)C3)c1,5.406380653381348,background
CHEMBL5860671,Cc1ncsc1-c1ccc(CNC(=O)[C@@H]2C[C@@H](O)CN2C(=O)[C@H](C(C)C)N2Cc3ccccc3C2=O)c(OCCOCCOCCOCCOCCN2CCN(Cc3ccc(-c4cc5c(NCc6ccccc6Cl)ncnc5[nH]4)cc3)CC2)c1,5.405114650726318,background
CHEMBL5798503,Cc1ncsc1-c1ccc([C@H](C)NC(=O)[C@@H]2C[C@@H](O)CN2C(=O)[C@@H](NC(=O)COCCOCCOCCc2ccc(OC3CCN(c4nccc(Nc5cc6c(cn5)nc(C)n6C(C)C)n4)CC3)cc2)C(C)(C)C)cc1,4.853871822357178,background
CHEMBL116012,CCOc1cc2ncc(C#N)c(Nc3cccc(Br)c3)c2cc1NC(=O)/C=C/CN1CCOCC1,4.986320495605469,background
CHEMBL473141,CCOc1cc2nccc(Nc3cccc(Br)c3)c2cc1NC(=O)/C=C/CN1CCOCC1,4.986320495605469,background
CHEMBL5960969,Cc1ncsc1-c1ccc([C@H](C)NC(=O)[C@H]2C[C@H](O)CN2C(=O)[C@@H](NC(=O)COCCOCCOCCOCCOC2CCN(c3nccc(Nc4cc5c(cn4)nc(C)n5C(C)C)n3)CC2)C(C)(C)C)cc1,4.853871822357178,background
CHEMBL4292715,Cc1oc2ncnc(Nc3cccc(Cl)c3)c2c1C(=O)NCCO,5.568636417388916,background
CHEMBL3397275,Clc1cc(Nc2ncnc3ccc(NC4=NC[C@H](COc5ccccc5)O4)cc23)ccc1OCc1nccs1,5.917214393615723,background
CHEMBL2029694,CCOc1ccc(-c2cc(C(F)(F)F)c(C#N)c(SCC(=O)NCC(=O)O)n2)cc1,5.07572078704834,background
CHEMBL5781511,CCOc1ccc(C(=O)N[C@@H]2CCCN(c3nnc(C(N)=O)c(Nc4ccc(C(=N)N5CCCC5)cc4)n3)C2)cc1,5.259637355804443,background
CHEMBL2385986,CCOc1ccc(C(=O)Nc2ccc(OCc3ccccn3)c(Cl)c2)cc1NC(=O)/C=C/CN(C)C,5.92081880569458,background
CHEMBL5946888,CCOc1ccc(C(=O)N[C@@H]2CCCN(c3nnc(C(N)=O)c(Nc4ccc(C5=NCCN5C)cc4)n3)C2)cc1,5.259637355804443,background
CHEMBL4638857,Clc1nc2ccccc2c2nnc(/N=C/C=C/c3ccccc3)n12,5.121478080749512,background
CHEMBL49596,Cn1c(=O)c(-c2c(Cl)cccc2Cl)cc2cnc(N)nc21,5.251811981201172,background
CHEMBL2029695,Cn1c(NCc2cccc(C(F)(F)F)c2)cc(=O)n(C)c1=O,4.07623815536499,background
CHEMBL158805,Cn1c(SSc2c(C(=O)NCc3ccc(C(=O)O)cc3)c3ccccc3n2C)c(C(=O)NCc2ccc(C(=O)O)cc2)c2ccccc21,5.275723934173584,background
CHEMBL158275,Cn1c(SSc2c(C(=O)NCc3ccccc3)c3ccccc3n2C)c(C(=O)NCc2ccccc2)c2ccccc21,5.7695512771606445,background
CHEMBL293251,Cn1c(SSc2c(C(=O)Nc3ccccc3)c3cc(Br)ccc3n2C)c(C(=O)Nc2ccccc2)c2cc(Br)ccc21,4.9430952072143555,background
CHEMBL291979,Cn1c(SSc2c(C(=O)Nc3ccccc3)c3cc(C#N)ccc3n2C)c(C(=O)Nc2ccccc2)c2cc(C#N)ccc21,4.266802787780762,background
CHEMBL293250,Cn1c(SSc2c(C(=O)Nc3ccccc3)c3cc(O)ccc3n2C)c(C(=O)Nc2ccccc2)c2cc(O)ccc21,4.392544746398926,background
CHEMBL293913,Cn1c(SSc2c(C(=O)Nc3ccccc3)c3ccc(O)cc3n2C)c(C(=O)Nc2ccccc2)c2ccc(O)cc21,4.3565473556518555,background
CHEMBL304414,Cn1c(SSc2c(C(=O)Nc3ccccc3)c3ccccc3n2C)c(C(=O)Nc2ccccc2)c2ccccc21,4.981286525726318,background
CHEMBL345862,Cn1c(SSc2c(C(=O)Nc3ccccc3C(=O)O)c3ccccc3n2C)c(C(=O)Nc2ccccc2C(=O)O)c2ccccc21,4.327902317047119,background
CHEMBL160935,Cn1c(SSc2c(C(=O)c3ccco3)c3ccccc3n2C)c(C(=O)c2ccco2)c2ccccc21,5.113509178161621,background
CHEMBL4455321,Cn1cc(NC(=O)c2cccc(NS(=O)(=O)c3ccc(Cl)cc3)c2)cn1,4.516412734985352,background
CHEMBL4552065,Cn1cc(NC(=O)c2cccc(NS(=O)(=O)c3ccccc3)c2)cn1,4.464959144592285,background
CHEMBL1173655,CN(C)C/C=C/C(=O)Nc1cc2c(Nc3ccc(F)c(Cl)c3)ncnc2cc1O[C@H]1CCOC1,8.979303359985352,positive
CHEMBL553,C#Cc1cccc(Nc2ncnc3cc(OCCOC)c(OCCOC)cc23)c1,7.522878646850586,positive
CHEMBL939,COc1cc2ncnc(Nc3ccc(F)c(Cl)c3)c2cc1OCCCN1CCOCC1,7.638272285461426,positive
CHEMBL554,CS(=O)(=O)CCNCc1ccc(-c2ccc3ncnc(Nc4ccc(OCc5cccc(F)c5)c(Cl)c4)c3c2)o1,7.966576099395752,positive
